prediction_id,customer_id,score,decision,threshold,model_version,scored_at,priority_rank
745bc210-ef98-4e08-b94f-ba2975d3e3f3,C0002500,0.9113545778144593,contact,0.4,20260921T000216Z,2026-09-21T00:02:18.663389+00:00,1
462949c4-0744-47f8-895c-f314d73b63c6,C0000135,0.8847994715729829,contact,0.4,20260921T000216Z,2026-09-21T00:02:18.663389+00:00,2
07860efd-819b-45ca-b41a-48bfd99901e0,C0001894,0.8264419906679772,contact,0.4,20260921T000216Z,2026-09-21T00:02:18.663389+00:00,3
7ae82b46-f7fe-475b-be19-6d37448780d9,C0001624,0.7872322811089245,contact,0.4,20260921T000216Z,2026-09-21T00:02:18.663389+00:00,4
c45f8958-5c8d-4f0c-ac5b-e8ee61e8167e,C0002076,0.7777062091400188,contact,0.4,20260921T000216Z,2026-09-21T00:02:18.663389+00:00,5
c61b13d5-aa17-4970-841e-f7b32d56ef21,C0001053,0.7740316645812086,contact,0.4,20260921T000216Z,2026-09-21T00:02:18.663389+00:00,6
aa4b18f0-9c3d-43fe-aacc-e99fecca707a,C0000958,0.7719305566085324,contact,0.4,20260921T000216Z,2026-09-21T00:02:18.663389+00:00,7
cd4cec2b-0315-4231-b0b4-9e27d54d74f5,C0002721,0.7669795288779162,contact,0.4,20260921T000216Z,2026-09-21T00:02:18.663389+00:00,8
e898fbfa-dc99-4523-8d33-cd8c87a472c6,C0000893,0.7662269892706333,contact,0.4,20260921T000216Z,2026-09-21T00:02:18.663389+00:00,9
63f4d82b-5c6e-46c9-a360-afaf52dddc20,C0002154,0.7660591600606316,contact,0.4,20260921T000216Z,2026-09-21T00:02:18.663389+00:00,10
e391422d-cea0-46e2-8575-696de32678a3,C0001320,0.7592900732862826,contact,0.4,20260921T000216Z,2026-09-21T00:02:18.663389+00:00,11
5b945ee2-f867-437f-9d95-75ebe9141065,C0001441,0.7541490760108729,contact,0.4,20260921T000216Z,2026-09-21T00:02:18.663389+00:00,12
bcbf88cb-4815-4fa8-9975-8b321159c841,C0000353,0.7529027081295909,contact,0.4,20260921T000216Z,2026-09-21T00:02:18.663389+00:00,13
625fc824-e90a-4104-aaa9-40f61c54f8b8,C0001393,0.7283508215229835,contact,0.4,20260921T000216Z,2026-09-21T00:02:18.663389+00:00,14
1b8118bf-78d7-43ae-8636-a4cb6931c6d8,C0001857,0.7267776508281696,contact,0.4,20260921T000216Z,2026-09-21T00:02:18.663389+00:00,15
82dd4d20-905c-495e-87e1-35e037ae3280,C0001932,0.7244902413947467,contact,0.4,20260921T000216Z,2026-09-21T00:02:18.663389+00:00,16
214b52da-f8e2-496d-af5c-4de9ac2691e3,C0002063,0.7183481417601436,contact,0.4,20260921T000216Z,2026-09-21T00:02:18.663389+00:00,17
09dd011d-7d77-49bb-bc55-deada63edf76,C0001668,0.7163786395681768,contact,0.4,20260921T000216Z,2026-09-21T00:02:18.663389+00:00,18
723d57f3-47fa-4cb4-82ef-eed93957946f,C0002742,0.7095215118091813,contact,0.4,20260921T000216Z,2026-09-21T00:02:18.663389+00:00,19
81aeb88e-5257-4f34-aa0f-f7036e3364ff,C0001066,0.709428832063591,contact,0.4,20260921T000216Z,2026-09-21T00:02:18.663389+00:00,20
715be395-cb1a-49b4-986b-82b91a15b0a0,C0001606,0.7059389182911741,contact,0.4,20260921T000216Z,2026-09-21T00:02:18.663389+00:00,21
01c5bb7c-0319-4daa-914f-d5308b6346ee,C0001913,0.7020291625465462,contact,0.4,20260921T000216Z,2026-09-21T00:02:18.663389+00:00,22
db27491a-50cf-4443-8a6a-6152d01b2629,C0000590,0.7007055981733008,contact,0.4,20260921T000216Z,2026-09-21T00:02:18.663389+00:00,23
a5e3cba4-740c-4c77-9a3b-33ae4d2f9730,C0001545,0.697160414801903,contact,0.4,20260921T000216Z,2026-09-21T00:02:18.663389+00:00,24
80ae1973-df3f-428b-a219-a166144bb288,C0000925,0.6969845445352588,contact,0.4,20260921T000216Z,2026-09-21T00:02:18.663389+00:00,25
1dec91fa-2088-47d7-8ef5-66b79c72897d,C0001318,0.6957394947564771,contact,0.4,20260921T000216Z,2026-09-21T00:02:18.663389+00:00,26
bf1555a0-df4d-4d21-8187-71bee729c07b,C0002731,0.6922347407192376,contact,0.4,20260921T000216Z,2026-09-21T00:02:18.663389+00:00,27
b86f34ff-182a-4647-a30c-8f000d68b9bd,C0000656,0.6916309211478456,contact,0.4,20260921T000216Z,2026-09-21T00:02:18.663389+00:00,28
bfdc88c6-f10b-483b-9d7c-506fd93defea,C0001342,0.6887757759487568,contact,0.4,20260921T000216Z,2026-09-21T00:02:18.663389+00:00,29
4df090d7-eb58-43bf-adb8-bfe21fd17ef5,C0002100,0.6880795834627158,contact,0.4,20260921T000216Z,2026-09-21T00:02:18.663389+00:00,30
4fcfb725-3373-42ce-80cf-ca9733aba786,C0002333,0.6826022327702984,contact,0.4,20260921T000216Z,2026-09-21T00:02:18.663389+00:00,31
5fbcbf60-6742-4ec2-b2c9-07dbce556a38,C0000563,0.6823466562798958,contact,0.4,20260921T000216Z,2026-09-21T00:02:18.663389+00:00,32
f07ae3a5-7f0d-4684-b907-07933810ee63,C0002658,0.6794219550735814,contact,0.4,20260921T000216Z,2026-09-21T00:02:18.663389+00:00,33
9ce52f3b-80f9-4a4b-a0a1-f0b0b47bbe63,C0002345,0.6749609063428311,contact,0.4,20260921T000216Z,2026-09-21T00:02:18.663389+00:00,34
1c59531d-ca03-47d1-8fd2-4ce2f95a176c,C0002614,0.6746747796161586,contact,0.4,20260921T000216Z,2026-09-21T00:02:18.663389+00:00,35
24e80905-207a-49ee-8281-f30297abe74e,C0002331,0.6715896433791457,contact,0.4,20260921T000216Z,2026-09-21T00:02:18.663389+00:00,36
d2740bb2-1df8-4f1d-9285-f2ee13700477,C0001502,0.669906791028985,contact,0.4,20260921T000216Z,2026-09-21T00:02:18.663389+00:00,37
7fc2bd7a-2d64-4f0c-aa4a-622778742651,C0000217,0.6687070681738485,contact,0.4,20260921T000216Z,2026-09-21T00:02:18.663389+00:00,38
48c87096-e821-445b-85a5-c11585e4b608,C0000810,0.6686736879226486,contact,0.4,20260921T000216Z,2026-09-21T00:02:18.663389+00:00,39
cdac7658-9175-42e3-b13c-67d03062d5db,C0001494,0.6679171811201247,contact,0.4,20260921T000216Z,2026-09-21T00:02:18.663389+00:00,40
055ed06d-b294-470d-ba1c-20560556de8e,C0000195,0.6650730328151221,contact,0.4,20260921T000216Z,2026-09-21T00:02:18.663389+00:00,41
09765716-c0f4-40eb-89be-91eec2a4be65,C0001051,0.6610242930685515,contact,0.4,20260921T000216Z,2026-09-21T00:02:18.663389+00:00,42
c4b816fb-86c3-417a-82d4-6aa2c62d6e66,C0000314,0.6602497574445824,contact,0.4,20260921T000216Z,2026-09-21T00:02:18.663389+00:00,43
7a646a59-faa9-49b9-8508-1fcf2a8adfaa,C0000001,0.6586417866162033,contact,0.4,20260921T000216Z,2026-09-21T00:02:18.663389+00:00,44
80d3abe2-accb-4f75-bee2-b8ad11f83327,C0002954,0.6568581388872076,contact,0.4,20260921T000216Z,2026-09-21T00:02:18.663389+00:00,45
fbe93b4f-50fc-4eb5-b054-74b51df04bd8,C0001654,0.6568235312616633,contact,0.4,20260921T000216Z,2026-09-21T00:02:18.663389+00:00,46
aa5f5b4b-5b6b-4e79-a7b0-bb8ef7a84139,C0000190,0.6555772610715126,contact,0.4,20260921T000216Z,2026-09-21T00:02:18.663389+00:00,47
c79c63f7-d899-4e98-945b-acb0f69cc96a,C0001601,0.650204107472199,contact,0.4,20260921T000216Z,2026-09-21T00:02:18.663389+00:00,48
ba40dfef-a57c-4c79-a88d-f159f8652faa,C0002979,0.648486061940272,contact,0.4,20260921T000216Z,2026-09-21T00:02:18.663389+00:00,49
5c07adab-5a27-4399-ba83-3797b1d9b6fd,C0000031,0.6483617328019446,contact,0.4,20260921T000216Z,2026-09-21T00:02:18.663389+00:00,50
3f0eefe8-e3d8-481b-85aa-203a1f2122a7,C0000371,0.6448632149041844,contact,0.4,20260921T000216Z,2026-09-21T00:02:18.663389+00:00,51
2d58ca69-23a8-4cf6-9507-a5fde64a4d59,C0002803,0.6425409672765365,contact,0.4,20260921T000216Z,2026-09-21T00:02:18.663389+00:00,52
f7979473-576c-458c-9ec5-f295cb7a1148,C0002519,0.6422694841326606,contact,0.4,20260921T000216Z,2026-09-21T00:02:18.663389+00:00,53
30b3a374-1e7c-4d47-8444-db89d6339652,C0000983,0.6387090484196106,contact,0.4,20260921T000216Z,2026-09-21T00:02:18.663389+00:00,54
56748dcb-9051-4c7b-813c-415ed86822f5,C0002471,0.63849496558288,contact,0.4,20260921T000216Z,2026-09-21T00:02:18.663389+00:00,55
401a9332-8eff-41fb-9c5b-8a309a8f080b,C0002983,0.6367677663765983,contact,0.4,20260921T000216Z,2026-09-21T00:02:18.663389+00:00,56
bc376b58-bb39-41fb-a520-9cb0744a6c9a,C0002261,0.6349957392826766,contact,0.4,20260921T000216Z,2026-09-21T00:02:18.663389+00:00,57
fa8c24f3-e9e5-408e-b152-ef63c50073b3,C0002628,0.6349449004494904,contact,0.4,20260921T000216Z,2026-09-21T00:02:18.663389+00:00,58
9b12bc5f-e001-44d8-89bd-a4914e0a82b8,C0000737,0.6340120990552904,contact,0.4,20260921T000216Z,2026-09-21T00:02:18.663389+00:00,59
f43724c6-d496-41ed-840c-62066f04d744,C0000301,0.632943270229915,contact,0.4,20260921T000216Z,2026-09-21T00:02:18.663389+00:00,60
4aeabeab-6f00-43a7-8867-b75bc81e5cc1,C0002480,0.6329115888825598,contact,0.4,20260921T000216Z,2026-09-21T00:02:18.663389+00:00,61
3711a303-ae05-4a18-9e18-aa6d5ac84397,C0001842,0.6328838928145356,contact,0.4,20260921T000216Z,2026-09-21T00:02:18.663389+00:00,62
748a4a3f-4c4d-4c8b-b4b5-56252300a19f,C0000845,0.6298258085754009,contact,0.4,20260921T000216Z,2026-09-21T00:02:18.663389+00:00,63
2051a52e-81d2-46d9-964f-507235480847,C0000820,0.6273155778369416,contact,0.4,20260921T000216Z,2026-09-21T00:02:18.663389+00:00,64
f5c657aa-4108-40f0-b0ea-a0686d146834,C0000928,0.6250375078777047,contact,0.4,20260921T000216Z,2026-09-21T00:02:18.663389+00:00,65
545d52b7-64fa-4966-8534-d0e702f3476c,C0001356,0.6228348392105247,contact,0.4,20260921T000216Z,2026-09-21T00:02:18.663389+00:00,66
0e56ed78-ae32-48a1-b13a-ed8d3e3091ef,C0000870,0.6226584194612043,contact,0.4,20260921T000216Z,2026-09-21T00:02:18.663389+00:00,67
6df4d62b-c257-477e-aedd-314a222b43ab,C0000489,0.619664327121631,contact,0.4,20260921T000216Z,2026-09-21T00:02:18.663389+00:00,68
43539d5d-03ee-4ae1-97aa-093bbd8f3f57,C0002231,0.6193345585196439,contact,0.4,20260921T000216Z,2026-09-21T00:02:18.663389+00:00,69
38f87b10-0da5-4eb1-b17b-34163d455d1e,C0000113,0.6145891041316435,contact,0.4,20260921T000216Z,2026-09-21T00:02:18.663389+00:00,70
6c54ebd8-1c2c-4aeb-88bf-ed1553577737,C0000155,0.6138561649100498,contact,0.4,20260921T000216Z,2026-09-21T00:02:18.663389+00:00,71
8749b4bd-e81f-4fea-aeba-640b46bf14b8,C0002680,0.6128710466981508,contact,0.4,20260921T000216Z,2026-09-21T00:02:18.663389+00:00,72
0c99d61f-6eef-4b60-81ee-04c95dcfd69f,C0001275,0.6128703747198987,contact,0.4,20260921T000216Z,2026-09-21T00:02:18.663389+00:00,73
e77b2994-f36a-443c-ae6b-97a55a09e261,C0002018,0.6104393763588986,contact,0.4,20260921T000216Z,2026-09-21T00:02:18.663389+00:00,74
20db3b39-df4c-4df6-a73f-df2487ad7098,C0001992,0.6099662458053602,contact,0.4,20260921T000216Z,2026-09-21T00:02:18.663389+00:00,75
80d5b191-53de-4c86-a246-7bb49fd1e0f2,C0000171,0.6088025524614664,contact,0.4,20260921T000216Z,2026-09-21T00:02:18.663389+00:00,76
92dd24c2-bd03-438c-a383-c4fbb2c03301,C0002512,0.6048063997466101,contact,0.4,20260921T000216Z,2026-09-21T00:02:18.663389+00:00,77
732009c8-4aae-45b5-8376-a3440cc3f2a1,C0000377,0.6045853933911599,contact,0.4,20260921T000216Z,2026-09-21T00:02:18.663389+00:00,78
2d70035e-137b-41dd-8241-8fa9bd19e995,C0002737,0.6031478913575344,contact,0.4,20260921T000216Z,2026-09-21T00:02:18.663389+00:00,79
cc85461f-5e57-43ed-b081-d91cb0e36c73,C0001069,0.6029969411664823,contact,0.4,20260921T000216Z,2026-09-21T00:02:18.663389+00:00,80
06b4cba9-d71b-4370-96a5-ba81617099d9,C0002134,0.6018779076667021,contact,0.4,20260921T000216Z,2026-09-21T00:02:18.663389+00:00,81
57fc3d41-c565-4a51-8abd-b03cf7b3f8c7,C0002814,0.6010507165387072,contact,0.4,20260921T000216Z,2026-09-21T00:02:18.663389+00:00,82
0d22ba41-ced9-427d-a414-36378eb04005,C0000115,0.598642462290361,contact,0.4,20260921T000216Z,2026-09-21T00:02:18.663389+00:00,83
2a915abd-75dc-46a8-a416-a2b6b034aae3,C0001598,0.5983787395376112,contact,0.4,20260921T000216Z,2026-09-21T00:02:18.663389+00:00,84
56f23e33-73fc-4692-9319-6d06e111b2be,C0000311,0.5966033858453648,contact,0.4,20260921T000216Z,2026-09-21T00:02:18.663389+00:00,85
3f73b75b-425e-43b7-ba11-d8888756979f,C0001406,0.5921449735665778,contact,0.4,20260921T000216Z,2026-09-21T00:02:18.663389+00:00,86
5be436dc-aa36-4fc0-a7e2-fd660c2cff02,C0002661,0.592065346094914,contact,0.4,20260921T000216Z,2026-09-21T00:02:18.663389+00:00,87
b85c04d5-c522-4f0d-b0a0-224021f688f1,C0001686,0.5917318324458078,contact,0.4,20260921T000216Z,2026-09-21T00:02:18.663389+00:00,88
92f9f102-9625-485b-9177-030146d7715a,C0000751,0.5906777693252777,contact,0.4,20260921T000216Z,2026-09-21T00:02:18.663389+00:00,89
40bb419e-698d-4d97-a0af-750808afc71b,C0000875,0.5895833323558133,contact,0.4,20260921T000216Z,2026-09-21T00:02:18.663389+00:00,90
9d2c20fa-a9ed-4295-8a36-bbb0eed3cc84,C0002903,0.5865714944754807,contact,0.4,20260921T000216Z,2026-09-21T00:02:18.663389+00:00,91
0a6ff274-9ce0-498c-bc6c-f78e216fa31c,C0002966,0.5855945251782845,contact,0.4,20260921T000216Z,2026-09-21T00:02:18.663389+00:00,92
04a92fd5-73cd-4e10-b01b-12bb2a85c7a3,C0002306,0.5853722966881927,contact,0.4,20260921T000216Z,2026-09-21T00:02:18.663389+00:00,93
15cb560f-2209-4210-9a4e-d37f423d25f6,C0001253,0.5853249617416484,contact,0.4,20260921T000216Z,2026-09-21T00:02:18.663389+00:00,94
52ecc816-7e41-48f5-900b-55d791653ef3,C0000517,0.5817917727971862,contact,0.4,20260921T000216Z,2026-09-21T00:02:18.663389+00:00,95
b622bded-7ed2-423b-9c2b-930c542422c5,C0000030,0.5810776689778112,contact,0.4,20260921T000216Z,2026-09-21T00:02:18.663389+00:00,96
62cf26bc-3056-4d19-8174-437007eb8ad6,C0002055,0.5804408472136652,contact,0.4,20260921T000216Z,2026-09-21T00:02:18.663389+00:00,97
129ef395-6bc1-4e4a-952c-d8a5d46e86c3,C0002911,0.5794975086917539,contact,0.4,20260921T000216Z,2026-09-21T00:02:18.663389+00:00,98
5c70b4d1-6083-4d1b-b590-db0c5085f2d7,C0001547,0.579224851865421,contact,0.4,20260921T000216Z,2026-09-21T00:02:18.663389+00:00,99
f2661633-9e8d-4d23-86c2-edd7eeb84803,C0002467,0.5769529087047598,contact,0.4,20260921T000216Z,2026-09-21T00:02:18.663389+00:00,100
d29bd157-db4f-4d37-8e59-9be95699323f,C0002405,0.5769049414418792,contact,0.4,20260921T000216Z,2026-09-21T00:02:18.663389+00:00,101
9d9cfc98-8a89-412e-a8e3-0d16ce252696,C0001828,0.5752936815102124,contact,0.4,20260921T000216Z,2026-09-21T00:02:18.663389+00:00,102
73994c93-42d6-485f-9f07-e86ce8f44c5e,C0000253,0.5743628922163442,contact,0.4,20260921T000216Z,2026-09-21T00:02:18.663389+00:00,103
399c96ca-cf79-42cc-a84f-b4058f60a74c,C0000041,0.5736057141026227,contact,0.4,20260921T000216Z,2026-09-21T00:02:18.663389+00:00,104
15ee4de6-3445-4462-8edb-3498e4c3ec8f,C0002997,0.5721311820935934,contact,0.4,20260921T000216Z,2026-09-21T00:02:18.663389+00:00,105
1c9bbcee-33c3-495d-b69a-94801e2fa2d6,C0000465,0.5713622480073368,contact,0.4,20260921T000216Z,2026-09-21T00:02:18.663389+00:00,106
0968b8f9-27a5-4f83-b4e3-39d37b569abd,C0000293,0.5662770877969596,contact,0.4,20260921T000216Z,2026-09-21T00:02:18.663389+00:00,107
dfe46e43-7511-431d-8a0a-632d49284017,C0002855,0.5661094195178282,contact,0.4,20260921T000216Z,2026-09-21T00:02:18.663389+00:00,108
c3121622-7193-4338-8638-d91b415245c6,C0002859,0.5648857261306849,contact,0.4,20260921T000216Z,2026-09-21T00:02:18.663389+00:00,109
30b15dac-7f48-4f7c-afd7-58015cc7a79b,C0001470,0.5645918576087389,contact,0.4,20260921T000216Z,2026-09-21T00:02:18.663389+00:00,110
716f23ea-eff5-4ea6-a160-f8ff746e22ff,C0000312,0.564206427750493,contact,0.4,20260921T000216Z,2026-09-21T00:02:18.663389+00:00,111
465b009c-aab8-438c-8dbc-a8572dc2ebbd,C0000501,0.5639113805830916,contact,0.4,20260921T000216Z,2026-09-21T00:02:18.663389+00:00,112
f1ed0a9d-ff08-4db3-be5c-05ea984e29aa,C0002938,0.560860001203097,contact,0.4,20260921T000216Z,2026-09-21T00:02:18.663389+00:00,113
d0b17e8d-8bef-4948-9448-9ef62c2c7e86,C0000736,0.5603019245458327,contact,0.4,20260921T000216Z,2026-09-21T00:02:18.663389+00:00,114
8f7f9edf-6ca3-4146-850d-2a82b03765dc,C0001098,0.5594005551664155,contact,0.4,20260921T000216Z,2026-09-21T00:02:18.663389+00:00,115
9b2a2b8b-7f37-467c-933f-1a36acf13c53,C0002254,0.5580773415470197,contact,0.4,20260921T000216Z,2026-09-21T00:02:18.663389+00:00,116
790f3cb0-da2c-48aa-8cc5-2107fa901e3b,C0002777,0.5571846106003479,contact,0.4,20260921T000216Z,2026-09-21T00:02:18.663389+00:00,117
74ef4729-a68f-42c6-9283-f742f7262119,C0001195,0.5553731149701518,contact,0.4,20260921T000216Z,2026-09-21T00:02:18.663389+00:00,118
aa05d775-cae4-40e9-90ac-2a219aa28279,C0000354,0.5547864099867631,contact,0.4,20260921T000216Z,2026-09-21T00:02:18.663389+00:00,119
b95a2d11-3b37-46f5-b8b9-476036abcd4a,C0000067,0.5546339804205781,contact,0.4,20260921T000216Z,2026-09-21T00:02:18.663389+00:00,120
45dd6d6f-22bd-4b32-aed9-2228307fd883,C0000078,0.553458689382376,contact,0.4,20260921T000216Z,2026-09-21T00:02:18.663389+00:00,121
f9b387f6-2f7a-473e-8698-9d1591caefe5,C0001116,0.552888054477787,contact,0.4,20260921T000216Z,2026-09-21T00:02:18.663389+00:00,122
c53245bf-09de-4c95-81b8-f005a9637bed,C0001930,0.5526510530279811,contact,0.4,20260921T000216Z,2026-09-21T00:02:18.663389+00:00,123
10d44369-e71f-45b2-8f92-503d11175818,C0002455,0.5519293529403498,contact,0.4,20260921T000216Z,2026-09-21T00:02:18.663389+00:00,124
58f75670-6d4b-4d6a-aea9-5c71a15df77c,C0002745,0.5513851552203072,contact,0.4,20260921T000216Z,2026-09-21T00:02:18.663389+00:00,125
06a45408-e14c-48a0-a29e-dde1555b144d,C0001043,0.551306801684863,contact,0.4,20260921T000216Z,2026-09-21T00:02:18.663389+00:00,126
70c574fc-e1c2-4446-95e3-2e0b4d1eed05,C0000089,0.550951293765541,contact,0.4,20260921T000216Z,2026-09-21T00:02:18.663389+00:00,127
8fed4eb1-6001-4ed6-8365-357efa105cd8,C0001059,0.5493123896652579,contact,0.4,20260921T000216Z,2026-09-21T00:02:18.663389+00:00,128
ccde9bb2-938b-4906-8fda-d5c5f6b5ea8d,C0000566,0.5491968600583678,contact,0.4,20260921T000216Z,2026-09-21T00:02:18.663389+00:00,129
6aab6cf2-161a-430c-aeb4-8c67adb90c9a,C0001217,0.5490454843311301,contact,0.4,20260921T000216Z,2026-09-21T00:02:18.663389+00:00,130
287a6040-292e-4068-bda5-bd4d70b71836,C0002029,0.5452152998011021,contact,0.4,20260921T000216Z,2026-09-21T00:02:18.663389+00:00,131
26ed94e6-b112-458e-9da7-d203ca6fff7d,C0000417,0.5447193109446035,contact,0.4,20260921T000216Z,2026-09-21T00:02:18.663389+00:00,132
5d64352f-aab2-4290-85a0-037c58774380,C0000421,0.5432520554307542,contact,0.4,20260921T000216Z,2026-09-21T00:02:18.663389+00:00,133
3ffd5377-1963-4669-a00d-2e445f15b993,C0001343,0.5429124626148449,contact,0.4,20260921T000216Z,2026-09-21T00:02:18.663389+00:00,134
95995b94-8ba6-4671-a67b-04299861c26b,C0001564,0.5427465864748375,contact,0.4,20260921T000216Z,2026-09-21T00:02:18.663389+00:00,135
d4394a9d-9d7e-45f7-8836-7ef2b8149b88,C0002671,0.5420548487637236,contact,0.4,20260921T000216Z,2026-09-21T00:02:18.663389+00:00,136
5e3f0cb9-e393-4960-9e9a-c7c0c3224bec,C0001529,0.5420330885839728,contact,0.4,20260921T000216Z,2026-09-21T00:02:18.663389+00:00,137
990c4f8e-8948-49ef-842f-a8abb959ea4e,C0000545,0.5397249719781788,contact,0.4,20260921T000216Z,2026-09-21T00:02:18.663389+00:00,138
dab24599-93c5-47df-bf12-e6409f6f0a88,C0002877,0.5396109178820181,contact,0.4,20260921T000216Z,2026-09-21T00:02:18.663389+00:00,139
37763c08-60f2-4d94-9d22-08d9c04fa7ff,C0002718,0.5388765306060413,contact,0.4,20260921T000216Z,2026-09-21T00:02:18.663389+00:00,140
8ad3077a-1233-4cf8-ae8d-9e854a605b60,C0002022,0.5387754223582427,contact,0.4,20260921T000216Z,2026-09-21T00:02:18.663389+00:00,141
1e202507-6dc9-412e-9932-b239ebdb3d9f,C0000592,0.5379363870019193,contact,0.4,20260921T000216Z,2026-09-21T00:02:18.663389+00:00,142
d63b694d-126c-43c7-8802-911edefee390,C0002757,0.537902820848219,contact,0.4,20260921T000216Z,2026-09-21T00:02:18.663389+00:00,143
a9c4180a-e161-4dd6-ab65-1c2d479916c9,C0001108,0.5376333709715739,contact,0.4,20260921T000216Z,2026-09-21T00:02:18.663389+00:00,144
8e112066-f62b-4769-a3aa-8166b9dcb064,C0002337,0.5370471699348398,contact,0.4,20260921T000216Z,2026-09-21T00:02:18.663389+00:00,145
2279f794-1fdd-4f7f-af83-9d067f826526,C0001408,0.5359217527817817,contact,0.4,20260921T000216Z,2026-09-21T00:02:18.663389+00:00,146
fa1fcdc2-9c74-4c90-ab79-fcbbfba42b22,C0001326,0.5328064707975229,contact,0.4,20260921T000216Z,2026-09-21T00:02:18.663389+00:00,147
a0abe114-8f22-4d26-b80b-df9f2d82df73,C0000868,0.5320871306134783,contact,0.4,20260921T000216Z,2026-09-21T00:02:18.663389+00:00,148
b8b7c276-5aa4-42c8-a827-81ccc6b5085f,C0001550,0.532076280756208,contact,0.4,20260921T000216Z,2026-09-21T00:02:18.663389+00:00,149
c703eaf9-dc5d-4aca-8b15-9aa7b34408f5,C0000640,0.5315771699505495,contact,0.4,20260921T000216Z,2026-09-21T00:02:18.663389+00:00,150
e39bdc9c-46ea-4b45-b6f5-fe5dd3ba4e29,C0000021,0.5297831566481553,contact,0.4,20260921T000216Z,2026-09-21T00:02:18.663389+00:00,151
df60ba7b-84ee-4191-8aff-1ca64f43cf0e,C0002867,0.529700985317284,contact,0.4,20260921T000216Z,2026-09-21T00:02:18.663389+00:00,152
fa810ff2-ac0f-4438-983f-0d9a5472d2be,C0002430,0.5248270149831873,contact,0.4,20260921T000216Z,2026-09-21T00:02:18.663389+00:00,153
a1f53810-6449-4b92-889b-6aa040dccc39,C0001599,0.5243010657137313,contact,0.4,20260921T000216Z,2026-09-21T00:02:18.663389+00:00,154
2a1ca01a-1eb9-48dd-a537-abcc8680943f,C0000486,0.5227899436812149,contact,0.4,20260921T000216Z,2026-09-21T00:02:18.663389+00:00,155
456bb4a3-5972-424c-b2cd-e9f5c76143bc,C0001292,0.51976283914435,contact,0.4,20260921T000216Z,2026-09-21T00:02:18.663389+00:00,156
22675ea0-32a4-4c56-a826-8a3210726174,C0001293,0.5192432158453659,contact,0.4,20260921T000216Z,2026-09-21T00:02:18.663389+00:00,157
eb246a24-dc04-4783-8193-a5544124b813,C0001341,0.51858659748449,contact,0.4,20260921T000216Z,2026-09-21T00:02:18.663389+00:00,158
fa017660-d665-4537-863d-1a64f3a63b3f,C0002308,0.5179012801744535,contact,0.4,20260921T000216Z,2026-09-21T00:02:18.663389+00:00,159
9271bf7f-c72b-4525-914b-4821dc99ad08,C0002527,0.5171891300284805,contact,0.4,20260921T000216Z,2026-09-21T00:02:18.663389+00:00,160
3ffd1254-e1ba-4abe-86ca-1b5e877acb3d,C0001880,0.515180105231737,contact,0.4,20260921T000216Z,2026-09-21T00:02:18.663389+00:00,161
d6cb20cb-32aa-4dab-a70b-7ae7ee8a13dc,C0001956,0.5143515455005343,contact,0.4,20260921T000216Z,2026-09-21T00:02:18.663389+00:00,162
308f9e8d-0cef-40f8-8789-4be98f5d609b,C0002434,0.5132707255236534,contact,0.4,20260921T000216Z,2026-09-21T00:02:18.663389+00:00,163
3ce80135-d129-4c1a-845d-6c90fd49e5b5,C0000543,0.5132641136199706,contact,0.4,20260921T000216Z,2026-09-21T00:02:18.663389+00:00,164
c71ea464-6577-4759-a128-397baf2050da,C0000346,0.5130694578939553,contact,0.4,20260921T000216Z,2026-09-21T00:02:18.663389+00:00,165
46f1bd96-c481-4bed-8705-6d368f866e22,C0001876,0.5115094751961177,contact,0.4,20260921T000216Z,2026-09-21T00:02:18.663389+00:00,166
a7222cb1-8a8b-41be-9b5a-00bf02be740e,C0002394,0.509988338484439,contact,0.4,20260921T000216Z,2026-09-21T00:02:18.663389+00:00,167
4fce9e2a-112a-4f85-a2ca-d16892113237,C0000819,0.5097331311924932,contact,0.4,20260921T000216Z,2026-09-21T00:02:18.663389+00:00,168
6dd4c985-7f77-42ff-b26b-bb3c693a2241,C0002799,0.5091801934128559,contact,0.4,20260921T000216Z,2026-09-21T00:02:18.663389+00:00,169
11b800fb-ed9d-4583-9a6c-525a893857a7,C0000560,0.5090087668438635,contact,0.4,20260921T000216Z,2026-09-21T00:02:18.663389+00:00,170
2e932ca6-ee90-44d1-bc91-e5f1187cf8c2,C0002423,0.506823214085891,contact,0.4,20260921T000216Z,2026-09-21T00:02:18.663389+00:00,171
6e271c1e-2a56-4084-a9ed-1c5a9572d4e8,C0000617,0.5058775400138077,contact,0.4,20260921T000216Z,2026-09-21T00:02:18.663389+00:00,172
d436a231-5589-486b-be73-1cf66fdb202a,C0001890,0.5058208658979275,contact,0.4,20260921T000216Z,2026-09-21T00:02:18.663389+00:00,173
81a87972-db2f-4447-8ec1-b1ae5c3b5d32,C0000977,0.5050136760902879,contact,0.4,20260921T000216Z,2026-09-21T00:02:18.663389+00:00,174
3ab44e5c-76c1-4753-ac2d-866964319e27,C0001237,0.5044959885565442,contact,0.4,20260921T000216Z,2026-09-21T00:02:18.663389+00:00,175
75f0fa12-607b-4e89-ac3b-c07bc816c236,C0001336,0.50379532887015,contact,0.4,20260921T000216Z,2026-09-21T00:02:18.663389+00:00,176
422b4065-61c6-4e3b-a6a7-fe561a3c1468,C0000283,0.5036440945274778,contact,0.4,20260921T000216Z,2026-09-21T00:02:18.663389+00:00,177
cd264857-57e2-4c1e-9034-a0231d289aa7,C0001025,0.5025803527017481,contact,0.4,20260921T000216Z,2026-09-21T00:02:18.663389+00:00,178
f3ab7677-cc57-47b6-89bb-e9674e3981e8,C0002566,0.5020471078286799,contact,0.4,20260921T000216Z,2026-09-21T00:02:18.663389+00:00,179
fdae42ae-1650-4e1f-8514-2be5970b5bc0,C0000122,0.4983482972524981,contact,0.4,20260921T000216Z,2026-09-21T00:02:18.663389+00:00,180
816c6b8b-4cfd-4382-bb1a-1dceb8a3b097,C0001046,0.4980658265659555,contact,0.4,20260921T000216Z,2026-09-21T00:02:18.663389+00:00,181
5c513a80-1fd3-403d-80b3-8dcc6167a20d,C0001472,0.49511015397043157,contact,0.4,20260921T000216Z,2026-09-21T00:02:18.663389+00:00,182
0eb7931d-961f-451e-90de-d806e60e5301,C0000112,0.49441500635059044,contact,0.4,20260921T000216Z,2026-09-21T00:02:18.663389+00:00,183
a4f46d7f-7828-45e4-80ac-5bccae8dbd5f,C0000216,0.49415051962644707,contact,0.4,20260921T000216Z,2026-09-21T00:02:18.663389+00:00,184
734ee88d-774e-4bb1-b9a7-222869a4c8e0,C0002886,0.49336425531252315,contact,0.4,20260921T000216Z,2026-09-21T00:02:18.663389+00:00,185
319010e4-903b-45a1-b222-f1979bbe4618,C0000527,0.49176578819560407,contact,0.4,20260921T000216Z,2026-09-21T00:02:18.663389+00:00,186
5668be4e-e5c9-450a-b947-0fee702bd3d8,C0000459,0.49159755628391555,contact,0.4,20260921T000216Z,2026-09-21T00:02:18.663389+00:00,187
fbda53a0-4f7d-44f3-abd2-ce13a12e3012,C0000814,0.49078835116728037,contact,0.4,20260921T000216Z,2026-09-21T00:02:18.663389+00:00,188
ebb26736-5400-4f7f-bc81-1e144e2a9805,C0002508,0.49060464649533575,contact,0.4,20260921T000216Z,2026-09-21T00:02:18.663389+00:00,189
a8534ce7-e2c2-4074-92f5-9c69fe011457,C0000856,0.49055400881846495,contact,0.4,20260921T000216Z,2026-09-21T00:02:18.663389+00:00,190
54c32d55-9ad4-4fd7-8480-c7b481592f90,C0000214,0.49050189482723733,contact,0.4,20260921T000216Z,2026-09-21T00:02:18.663389+00:00,191
e55428ee-ca32-45fe-aecc-0938e7f8d9a4,C0002732,0.48963226093373496,contact,0.4,20260921T000216Z,2026-09-21T00:02:18.663389+00:00,192
5a594e1a-0c53-4cdb-8982-a0461e78431f,C0001833,0.48960464688004246,contact,0.4,20260921T000216Z,2026-09-21T00:02:18.663389+00:00,193
921c9520-5973-467e-a27a-6e7c19522251,C0001620,0.48884680856760276,contact,0.4,20260921T000216Z,2026-09-21T00:02:18.663389+00:00,194
5fe3316b-bbdb-406f-b36a-e046cff9dbf4,C0000980,0.4879855724187412,contact,0.4,20260921T000216Z,2026-09-21T00:02:18.663389+00:00,195
2ef0b63b-f4e4-474b-98f8-4ec7cf5d0703,C0000202,0.48681246546613494,contact,0.4,20260921T000216Z,2026-09-21T00:02:18.663389+00:00,196
7e85feb4-cf03-47b9-92ce-b9e73eef83cb,C0002545,0.48607714239778704,contact,0.4,20260921T000216Z,2026-09-21T00:02:18.663389+00:00,197
bf556ac0-7e51-491d-b168-69b818991a2d,C0002692,0.4851592129262392,contact,0.4,20260921T000216Z,2026-09-21T00:02:18.663389+00:00,198
d2f0d64c-6d8d-4415-a47b-55aa2a4edc5f,C0001455,0.4845062094167902,contact,0.4,20260921T000216Z,2026-09-21T00:02:18.663389+00:00,199
20ec2f94-7f01-4c73-add5-d6ffdb57d6c2,C0002287,0.4844805041465582,contact,0.4,20260921T000216Z,2026-09-21T00:02:18.663389+00:00,200
4fd9c1dd-afe0-4e43-a10a-a1f69cd0edb3,C0001042,0.48314544409108745,contact,0.4,20260921T000216Z,2026-09-21T00:02:18.663389+00:00,201
743a0ba3-f6a2-4566-8844-84fc1bddf26f,C0002152,0.48305783190706114,contact,0.4,20260921T000216Z,2026-09-21T00:02:18.663389+00:00,202
6e3f4490-a607-43ec-a818-226999522853,C0000908,0.48230578707109983,contact,0.4,20260921T000216Z,2026-09-21T00:02:18.663389+00:00,203
785a0bbe-dde1-4e2c-898d-0b320cc77d8f,C0001594,0.4801968783820321,contact,0.4,20260921T000216Z,2026-09-21T00:02:18.663389+00:00,204
657dc0ba-4fff-4d25-8851-55f139a55968,C0002354,0.479436029196743,contact,0.4,20260921T000216Z,2026-09-21T00:02:18.663389+00:00,205
283bceab-d87d-4de7-9f13-761e66261b8f,C0001871,0.4794294245461011,contact,0.4,20260921T000216Z,2026-09-21T00:02:18.663389+00:00,206
6a84d8ee-0b44-45f6-beac-be8ee9b0c5b8,C0001020,0.47909845757429387,contact,0.4,20260921T000216Z,2026-09-21T00:02:18.663389+00:00,207
a2560c49-0719-4042-969e-0bb52531d1d3,C0001793,0.4789243979466427,contact,0.4,20260921T000216Z,2026-09-21T00:02:18.663389+00:00,208
8782b4ce-6e2b-4f2f-8781-8c5869f9d372,C0001510,0.4775317424741362,contact,0.4,20260921T000216Z,2026-09-21T00:02:18.663389+00:00,209
98633cdc-760f-4cce-a13a-7434c4c094dd,C0001963,0.4772947370058198,contact,0.4,20260921T000216Z,2026-09-21T00:02:18.663389+00:00,210
8dc7f0f6-df18-446a-8cd3-d60cca52e055,C0000565,0.4762253676351392,contact,0.4,20260921T000216Z,2026-09-21T00:02:18.663389+00:00,211
a16f3bd3-4fe1-4cc2-94b9-52b3e554e493,C0000132,0.4750986704915607,contact,0.4,20260921T000216Z,2026-09-21T00:02:18.663389+00:00,212
4d02e053-7b97-45d4-b7e8-729ff5aa5d0d,C0001296,0.4742542669179435,contact,0.4,20260921T000216Z,2026-09-21T00:02:18.663389+00:00,213
cbe1f2c5-7aa3-458f-86ed-63fb539395d2,C0001799,0.4737133663760736,contact,0.4,20260921T000216Z,2026-09-21T00:02:18.663389+00:00,214
d7eb0b39-1207-4c1e-9df9-48602bff5f9b,C0001010,0.4732215920459577,contact,0.4,20260921T000216Z,2026-09-21T00:02:18.663389+00:00,215
90284e84-3d3a-4c2b-8759-096ff63a97d9,C0002332,0.47295469186341627,contact,0.4,20260921T000216Z,2026-09-21T00:02:18.663389+00:00,216
606933c8-1d95-4ad7-a034-f4520e420c56,C0001270,0.4727956120491638,contact,0.4,20260921T000216Z,2026-09-21T00:02:18.663389+00:00,217
262298b0-45a7-4729-9ab1-81eefbd93c79,C0000398,0.4707800152523023,contact,0.4,20260921T000216Z,2026-09-21T00:02:18.663389+00:00,218
ea42cbbc-7d8b-4730-97f4-3e49fd769b44,C0000683,0.4707545595337884,contact,0.4,20260921T000216Z,2026-09-21T00:02:18.663389+00:00,219
55224690-2601-4eed-aa12-8735e9b1f41a,C0002668,0.4702446609743865,contact,0.4,20260921T000216Z,2026-09-21T00:02:18.663389+00:00,220
a13194b6-25ee-4ec2-9ae8-775cdc8c0b37,C0000971,0.47018389832647256,contact,0.4,20260921T000216Z,2026-09-21T00:02:18.663389+00:00,221
4f886b30-51ad-4637-8b77-476ce4ae1367,C0000359,0.4696654383306067,contact,0.4,20260921T000216Z,2026-09-21T00:02:18.663389+00:00,222
007c2d48-9446-405f-a84d-995e9848aba7,C0001210,0.46931649184092783,contact,0.4,20260921T000216Z,2026-09-21T00:02:18.663389+00:00,223
58c4d0a8-516e-45ce-8d34-d4fe5c60fcdf,C0002110,0.469294898552795,contact,0.4,20260921T000216Z,2026-09-21T00:02:18.663389+00:00,224
ddd2263b-6fe6-4432-857e-f093b144452b,C0001286,0.46907585689320597,contact,0.4,20260921T000216Z,2026-09-21T00:02:18.663389+00:00,225
c99264f6-504f-457a-88a1-000c91e2bd64,C0000505,0.4685679706385981,contact,0.4,20260921T000216Z,2026-09-21T00:02:18.663389+00:00,226
68c110de-e38b-4888-8fe9-77174a37134e,C0002511,0.4683613352524892,contact,0.4,20260921T000216Z,2026-09-21T00:02:18.663389+00:00,227
698cecd9-f929-44a8-bd77-6cca59113275,C0001111,0.46828097863929585,contact,0.4,20260921T000216Z,2026-09-21T00:02:18.663389+00:00,228
ed2e5b5b-5d33-4ff4-8dfb-50d7133a8cc4,C0002439,0.46824780328923205,contact,0.4,20260921T000216Z,2026-09-21T00:02:18.663389+00:00,229
eaa7dc25-dcdd-43ba-a5f4-c840efdd6184,C0000990,0.467561386467511,contact,0.4,20260921T000216Z,2026-09-21T00:02:18.663389+00:00,230
00fc01b5-0672-4141-be3d-d9504a95585d,C0000842,0.4675523379516709,contact,0.4,20260921T000216Z,2026-09-21T00:02:18.663389+00:00,231
8ddc3bd7-0c77-4a48-8bf7-9ff34db3878a,C0000065,0.4669824927335395,contact,0.4,20260921T000216Z,2026-09-21T00:02:18.663389+00:00,232
45fc44a4-1671-4dbb-975d-cf2d91500601,C0001895,0.46648707423764973,contact,0.4,20260921T000216Z,2026-09-21T00:02:18.663389+00:00,233
c134b795-3a11-4a9a-ba46-03a65bb4bfd3,C0001083,0.46550574112168364,contact,0.4,20260921T000216Z,2026-09-21T00:02:18.663389+00:00,234
76f08bfc-6961-479c-970a-7e891779ff65,C0002491,0.4654653632071985,contact,0.4,20260921T000216Z,2026-09-21T00:02:18.663389+00:00,235
6e205bfd-6045-4ac6-ab35-530f29f4121c,C0001427,0.4652883163350157,contact,0.4,20260921T000216Z,2026-09-21T00:02:18.663389+00:00,236
1883febd-44ce-4573-b377-fb6307c99670,C0002908,0.4639499767288416,contact,0.4,20260921T000216Z,2026-09-21T00:02:18.663389+00:00,237
b8e64931-fdb9-4293-b482-c44e79451b76,C0000000,0.4637693819929624,contact,0.4,20260921T000216Z,2026-09-21T00:02:18.663389+00:00,238
64210c3d-d38f-40f0-8fac-39589b46fd7e,C0002533,0.4608086770039877,contact,0.4,20260921T000216Z,2026-09-21T00:02:18.663389+00:00,239
fb4e9009-6747-41e9-835e-9514d0f29119,C0002535,0.46061895704100475,contact,0.4,20260921T000216Z,2026-09-21T00:02:18.663389+00:00,240
72baf611-ab94-4eb1-b8fe-bab41353204d,C0002131,0.4604436518348014,contact,0.4,20260921T000216Z,2026-09-21T00:02:18.663389+00:00,241
92d69f87-3e4e-4333-942c-99fba198416c,C0001650,0.46012071600383014,contact,0.4,20260921T000216Z,2026-09-21T00:02:18.663389+00:00,242
87a6bb14-4e4c-474d-9be5-c49860ef687c,C0000752,0.4600926446055504,contact,0.4,20260921T000216Z,2026-09-21T00:02:18.663389+00:00,243
9e1788d6-b1a2-4756-a957-2afac01f56d8,C0002246,0.45976601875032547,contact,0.4,20260921T000216Z,2026-09-21T00:02:18.663389+00:00,244
161f7998-0337-4125-9281-675c8e011b69,C0001640,0.4592843643280442,contact,0.4,20260921T000216Z,2026-09-21T00:02:18.663389+00:00,245
8908ee20-a81e-4c8e-8654-43d2d552aa8e,C0000159,0.4573683769620852,contact,0.4,20260921T000216Z,2026-09-21T00:02:18.663389+00:00,246
426a6a9c-0f48-4900-ac4d-ec21d3ee32d4,C0001165,0.4568570936202236,contact,0.4,20260921T000216Z,2026-09-21T00:02:18.663389+00:00,247
ad602d75-3d90-4596-ab0f-2984a01defce,C0000703,0.4554026953704172,contact,0.4,20260921T000216Z,2026-09-21T00:02:18.663389+00:00,248
ad0b6348-54c2-42b0-a26f-7613993c029d,C0000726,0.45409976566159443,contact,0.4,20260921T000216Z,2026-09-21T00:02:18.663389+00:00,249
5d3ab65d-632e-4540-b335-1c9428a7239c,C0000890,0.45382564681810644,contact,0.4,20260921T000216Z,2026-09-21T00:02:18.663389+00:00,250
7269bed7-640d-4f4f-bbfb-fb8bc53bc265,C0002126,0.4510865530648936,contact,0.4,20260921T000216Z,2026-09-21T00:02:18.663389+00:00,251
31a5e524-4ea8-425c-a1a5-263797baeee4,C0000895,0.4510371817426557,contact,0.4,20260921T000216Z,2026-09-21T00:02:18.663389+00:00,252
a3c136a6-838f-4d56-a315-ac4f80ddf1e9,C0000681,0.44916079882641236,contact,0.4,20260921T000216Z,2026-09-21T00:02:18.663389+00:00,253
2990f045-9982-42e4-a4c4-3c2e1a0d905e,C0000116,0.44880589428331785,contact,0.4,20260921T000216Z,2026-09-21T00:02:18.663389+00:00,254
d2c7e5b9-aa6a-45dd-94b5-93fbc990d8ac,C0002176,0.4482551819194682,contact,0.4,20260921T000216Z,2026-09-21T00:02:18.663389+00:00,255
dd050360-050c-4200-9d87-570082a53e1e,C0002618,0.4481127951342728,contact,0.4,20260921T000216Z,2026-09-21T00:02:18.663389+00:00,256
efe8e82d-d28b-4927-816b-fbf2574feb93,C0000817,0.4479349054238785,contact,0.4,20260921T000216Z,2026-09-21T00:02:18.663389+00:00,257
333e4fe1-7920-445f-bce6-19162d55602b,C0002220,0.4465042222723897,contact,0.4,20260921T000216Z,2026-09-21T00:02:18.663389+00:00,258
ba052b0f-e7b9-4a20-b108-775563759d06,C0000966,0.4461315284948787,contact,0.4,20260921T000216Z,2026-09-21T00:02:18.663389+00:00,259
ababf1ae-a28b-477a-aef4-fe675b4edf02,C0001429,0.44577660207878766,contact,0.4,20260921T000216Z,2026-09-21T00:02:18.663389+00:00,260
fd0bf856-ae31-4903-b58a-0d483396beec,C0000830,0.44481618278229434,contact,0.4,20260921T000216Z,2026-09-21T00:02:18.663389+00:00,261
683d3eb2-4b25-46a1-b6de-f228d2f34902,C0002537,0.44281607452471033,contact,0.4,20260921T000216Z,2026-09-21T00:02:18.663389+00:00,262
b959fb20-2e9b-4b1e-b266-539638713366,C0001544,0.4421820987916453,contact,0.4,20260921T000216Z,2026-09-21T00:02:18.663389+00:00,263
2690b9af-83e8-4e17-971d-f7df495fe245,C0001552,0.44205809773961324,contact,0.4,20260921T000216Z,2026-09-21T00:02:18.663389+00:00,264
f233b1cb-eb8b-4a5e-ba6a-4c0f31bdba1d,C0001962,0.44178644727837796,contact,0.4,20260921T000216Z,2026-09-21T00:02:18.663389+00:00,265
e240439d-89d5-4293-af74-a84338c96e80,C0000199,0.4410603278102801,contact,0.4,20260921T000216Z,2026-09-21T00:02:18.663389+00:00,266
c4ab97fa-8456-4436-954f-b5353a5eea03,C0001827,0.44098743842078925,contact,0.4,20260921T000216Z,2026-09-21T00:02:18.663389+00:00,267
02d6b0b0-5a84-4598-bb4e-7ef2a97670ea,C0001209,0.44077134788627886,contact,0.4,20260921T000216Z,2026-09-21T00:02:18.663389+00:00,268
27bc3976-6a5e-4eea-9e3a-3461857cf0f1,C0000535,0.44038776867471935,contact,0.4,20260921T000216Z,2026-09-21T00:02:18.663389+00:00,269
91e5d212-985c-4b49-983e-5238273690c4,C0002632,0.4402892317551365,contact,0.4,20260921T000216Z,2026-09-21T00:02:18.663389+00:00,270
dcf09ec7-1bee-478c-bd10-d944e5a4f9ce,C0002326,0.4401670616798451,contact,0.4,20260921T000216Z,2026-09-21T00:02:18.663389+00:00,271
556b10f4-1d04-429b-b834-5f1ab0dd8478,C0000477,0.4389547445873671,contact,0.4,20260921T000216Z,2026-09-21T00:02:18.663389+00:00,272
a276f204-cbc2-4598-b853-850a72136704,C0000721,0.43870430561338386,contact,0.4,20260921T000216Z,2026-09-21T00:02:18.663389+00:00,273
ec18e237-8e8e-4099-b526-65bcbf2c2cad,C0000454,0.4377662987322656,contact,0.4,20260921T000216Z,2026-09-21T00:02:18.663389+00:00,274
5082c358-fbf1-44c2-b766-c98985698cb9,C0001626,0.436810325794225,contact,0.4,20260921T000216Z,2026-09-21T00:02:18.663389+00:00,275
f21db0bf-9e2a-408d-a208-7c4e45dd7f1e,C0002907,0.43668762965472674,contact,0.4,20260921T000216Z,2026-09-21T00:02:18.663389+00:00,276
280bb18e-8f75-415c-9c48-8a36ca533722,C0002417,0.43614803165128413,contact,0.4,20260921T000216Z,2026-09-21T00:02:18.663389+00:00,277
1ec45fda-4f4f-4b43-bae0-5e6e6d4f8fbe,C0001659,0.4357562305693929,contact,0.4,20260921T000216Z,2026-09-21T00:02:18.663389+00:00,278
059f177d-772f-44ab-ae1b-c038cca53395,C0001454,0.43571329391354824,contact,0.4,20260921T000216Z,2026-09-21T00:02:18.663389+00:00,279
9b35cacf-3ea1-4768-b21a-c6c53b442765,C0000024,0.43548611303238627,contact,0.4,20260921T000216Z,2026-09-21T00:02:18.663389+00:00,280
2fb0f192-be8b-4552-94a0-22e182160cc4,C0000506,0.43519381427411646,contact,0.4,20260921T000216Z,2026-09-21T00:02:18.663389+00:00,281
f7ca27de-dd63-4e2f-8622-d24a6d6f7540,C0002786,0.434679168596158,contact,0.4,20260921T000216Z,2026-09-21T00:02:18.663389+00:00,282
593cd635-e765-4cf4-9cac-8ffa67517913,C0000461,0.4346358875304028,contact,0.4,20260921T000216Z,2026-09-21T00:02:18.663389+00:00,283
33d0a9c5-8d73-404e-ac3d-7dfcb5a79c29,C0001934,0.4339716982831568,contact,0.4,20260921T000216Z,2026-09-21T00:02:18.663389+00:00,284
715eb209-231c-44b3-b5ee-e572fdc754fa,C0002179,0.433510017051672,contact,0.4,20260921T000216Z,2026-09-21T00:02:18.663389+00:00,285
19e2ff3d-b112-4733-a952-4223e6d735bb,C0002281,0.43314409821459976,contact,0.4,20260921T000216Z,2026-09-21T00:02:18.663389+00:00,286
f671e060-d451-46fe-b53f-eece6568f572,C0002741,0.4329976393142552,contact,0.4,20260921T000216Z,2026-09-21T00:02:18.663389+00:00,287
3ba72fb6-29d6-4219-93cf-be7a6f15d1d9,C0000357,0.4318554750213602,contact,0.4,20260921T000216Z,2026-09-21T00:02:18.663389+00:00,288
5ccbcb03-db1f-44be-8c8b-d69264c361c5,C0001439,0.43171691928264044,contact,0.4,20260921T000216Z,2026-09-21T00:02:18.663389+00:00,289
6fade747-4872-4700-98cd-560b709e2f09,C0000896,0.43134518516435366,contact,0.4,20260921T000216Z,2026-09-21T00:02:18.663389+00:00,290
297df0dc-323e-40f1-8fd8-936a930ce846,C0000321,0.43074026079623795,contact,0.4,20260921T000216Z,2026-09-21T00:02:18.663389+00:00,291
c3c8d8bc-06e8-45d2-acdd-ca49fbb3a013,C0001802,0.4307130372004372,contact,0.4,20260921T000216Z,2026-09-21T00:02:18.663389+00:00,292
604006d8-9d58-4294-aef5-fff6d711b753,C0002582,0.4301740018281118,contact,0.4,20260921T000216Z,2026-09-21T00:02:18.663389+00:00,293
e24da2d4-dafa-4796-a407-cb53bd6ec6cc,C0000783,0.4300086282671469,contact,0.4,20260921T000216Z,2026-09-21T00:02:18.663389+00:00,294
2fbffaaa-ccba-4e0d-b8dc-e409230241e0,C0002093,0.42966584212882303,contact,0.4,20260921T000216Z,2026-09-21T00:02:18.663389+00:00,295
f3b71d7b-c063-42dd-a2e7-00ce254537e8,C0000241,0.428262365519379,contact,0.4,20260921T000216Z,2026-09-21T00:02:18.663389+00:00,296
21bce352-090c-49e9-8c0a-92fc8f8a299c,C0002028,0.4266302073525468,contact,0.4,20260921T000216Z,2026-09-21T00:02:18.663389+00:00,297
29e86bd7-581d-4a53-9cb6-6539a5c63201,C0001988,0.4263237664716713,contact,0.4,20260921T000216Z,2026-09-21T00:02:18.663389+00:00,298
40802e6e-be2b-4eee-a77c-fc03223e31f6,C0000037,0.4257160760617602,contact,0.4,20260921T000216Z,2026-09-21T00:02:18.663389+00:00,299
cb1c397b-bbc6-4685-8028-5e74e37a5947,C0000852,0.4238352536676805,contact,0.4,20260921T000216Z,2026-09-21T00:02:18.663389+00:00,300
726e585a-5eab-44e4-b2ae-31e86299a118,C0000551,0.42361926561498686,contact,0.4,20260921T000216Z,2026-09-21T00:02:18.663389+00:00,301
23878e03-f68e-46f3-a804-488a37112ac8,C0000939,0.42284068641531813,contact,0.4,20260921T000216Z,2026-09-21T00:02:18.663389+00:00,302
5b530568-4506-45c4-a891-1cd2eeb3284e,C0000651,0.42279330911476165,contact,0.4,20260921T000216Z,2026-09-21T00:02:18.663389+00:00,303
c7972c74-e9cb-42c5-80e7-d4e4152e9f2b,C0001576,0.4219099397442347,contact,0.4,20260921T000216Z,2026-09-21T00:02:18.663389+00:00,304
04172348-c32e-4f28-ba93-5868e3a6ac95,C0001198,0.42167174595274914,contact,0.4,20260921T000216Z,2026-09-21T00:02:18.663389+00:00,305
687062bc-9e03-45e2-9b2e-73bea43aee83,C0002914,0.42160027431708813,contact,0.4,20260921T000216Z,2026-09-21T00:02:18.663389+00:00,306
f866f411-4521-42c2-ba85-78181179ad19,C0001732,0.42013319348546446,contact,0.4,20260921T000216Z,2026-09-21T00:02:18.663389+00:00,307
db545f04-8e4d-4e18-935e-866415ad5a98,C0001897,0.4200451492442434,contact,0.4,20260921T000216Z,2026-09-21T00:02:18.663389+00:00,308
815c7cf5-8f81-449d-8015-82b41a9f1da7,C0002579,0.4198423508322825,contact,0.4,20260921T000216Z,2026-09-21T00:02:18.663389+00:00,309
18bcc105-0eb6-4374-bdb0-6bceb73b1326,C0002829,0.41880162860826997,contact,0.4,20260921T000216Z,2026-09-21T00:02:18.663389+00:00,310
c6c09e74-73f7-40e2-822a-e407413cb8cd,C0000062,0.41818452076120827,contact,0.4,20260921T000216Z,2026-09-21T00:02:18.663389+00:00,311
349940ee-c484-458f-9731-fb4d4c880f07,C0001604,0.41744769664364134,contact,0.4,20260921T000216Z,2026-09-21T00:02:18.663389+00:00,312
2d085df1-a68b-4411-bbe9-af4b914fd71d,C0000807,0.4158957051692976,contact,0.4,20260921T000216Z,2026-09-21T00:02:18.663389+00:00,313
efa86eda-b2ea-47d4-8485-978a457daff7,C0001586,0.41337156932579777,contact,0.4,20260921T000216Z,2026-09-21T00:02:18.663389+00:00,314
727bee74-4d6e-46c7-a8e1-2a216222be0c,C0000126,0.4129899505164381,contact,0.4,20260921T000216Z,2026-09-21T00:02:18.663389+00:00,315
e5cb1da3-4bdb-4057-a1a6-23d546441c5b,C0002117,0.4129862468367628,contact,0.4,20260921T000216Z,2026-09-21T00:02:18.663389+00:00,316
8b5cd59e-8f32-4c9f-92eb-93f00591119c,C0000173,0.41273253756795825,contact,0.4,20260921T000216Z,2026-09-21T00:02:18.663389+00:00,317
896f8904-3b47-4a2e-baeb-db90be44b7fa,C0002066,0.4126288850358433,contact,0.4,20260921T000216Z,2026-09-21T00:02:18.663389+00:00,318
e945ea6c-bbd5-4ad7-8328-e9ebe55c236f,C0000916,0.4123620510787244,contact,0.4,20260921T000216Z,2026-09-21T00:02:18.663389+00:00,319
5ad8fd26-2589-4840-a5d1-d586e5a93201,C0002615,0.41204614070925005,contact,0.4,20260921T000216Z,2026-09-21T00:02:18.663389+00:00,320
522f0961-48e3-4803-9c52-6183a3432a78,C0001367,0.4119895281744884,contact,0.4,20260921T000216Z,2026-09-21T00:02:18.663389+00:00,321
58678513-d602-45c6-821e-6426f5177f4f,C0002815,0.41109659725895736,contact,0.4,20260921T000216Z,2026-09-21T00:02:18.663389+00:00,322
9a164eef-2876-47d3-81bb-6b01219f6011,C0002437,0.41053312772527817,contact,0.4,20260921T000216Z,2026-09-21T00:02:18.663389+00:00,323
6a8b3447-4b75-4e4c-8d52-4e6aa656b074,C0000829,0.41047429916840744,contact,0.4,20260921T000216Z,2026-09-21T00:02:18.663389+00:00,324
005a96dd-2772-4186-9212-4111221468fd,C0001609,0.409896060337104,contact,0.4,20260921T000216Z,2026-09-21T00:02:18.663389+00:00,325
b447cab6-5e53-4c76-b9fb-559f7bf346d1,C0002283,0.4092156473116782,contact,0.4,20260921T000216Z,2026-09-21T00:02:18.663389+00:00,326
f9969c1c-303a-4be8-9777-61e9ec3d44d7,C0001752,0.40882922130608856,contact,0.4,20260921T000216Z,2026-09-21T00:02:18.663389+00:00,327
75f22a61-6cc8-47fa-8512-bd11f6d076cd,C0000457,0.40839773386239625,contact,0.4,20260921T000216Z,2026-09-21T00:02:18.663389+00:00,328
c07b5c1e-be56-41a7-8332-0b6ecf38ccc9,C0002381,0.4082886596596852,contact,0.4,20260921T000216Z,2026-09-21T00:02:18.663389+00:00,329
a8ece975-e772-4e71-a049-5f8def70fb9d,C0001681,0.4072193580780246,contact,0.4,20260921T000216Z,2026-09-21T00:02:18.663389+00:00,330
d81bfc19-75fd-4e39-817b-4d4eb9c307bf,C0001503,0.40663732786356444,contact,0.4,20260921T000216Z,2026-09-21T00:02:18.663389+00:00,331
4c78e5f9-2ad6-4351-89bf-6096bc27d25b,C0001028,0.40565927843482374,contact,0.4,20260921T000216Z,2026-09-21T00:02:18.663389+00:00,332
16c04bb4-934b-46a2-93e4-9bee67e65b5e,C0001203,0.405364539280727,contact,0.4,20260921T000216Z,2026-09-21T00:02:18.663389+00:00,333
b338b7c0-32ce-422e-990f-8e83648ae1df,C0002492,0.4050982104077436,contact,0.4,20260921T000216Z,2026-09-21T00:02:18.663389+00:00,334
3acf5a6d-2b55-4f6d-9375-6ffd9d8eb099,C0002607,0.40487050499320354,contact,0.4,20260921T000216Z,2026-09-21T00:02:18.663389+00:00,335
716c970c-0daa-48f5-8a44-9fd561261cb0,C0000291,0.4040979573454398,contact,0.4,20260921T000216Z,2026-09-21T00:02:18.663389+00:00,336
ca8d8c4b-6401-4d8b-9d03-69adbb1f1a2a,C0001265,0.40352923776718175,contact,0.4,20260921T000216Z,2026-09-21T00:02:18.663389+00:00,337
44ee42d1-5809-4ae1-a5b0-82e24009003d,C0001120,0.4032271761026556,contact,0.4,20260921T000216Z,2026-09-21T00:02:18.663389+00:00,338
6b83079c-eaea-45d6-b731-e282db0c75bb,C0001973,0.40319359758415824,contact,0.4,20260921T000216Z,2026-09-21T00:02:18.663389+00:00,339
10974bd1-67b0-476a-bac0-1d1c648d4178,C0001281,0.40292825164684554,contact,0.4,20260921T000216Z,2026-09-21T00:02:18.663389+00:00,340
79f5c3a7-bdd2-4fdf-ab5d-b38874c5b9e3,C0000468,0.4025726677114572,contact,0.4,20260921T000216Z,2026-09-21T00:02:18.663389+00:00,341
77fee127-9602-45fc-8906-0a68c28e7a5b,C0000110,0.40248418173652367,contact,0.4,20260921T000216Z,2026-09-21T00:02:18.663389+00:00,342
4939f8a5-3896-412e-9b12-c209d2b0b9e1,C0000177,0.4021213153940049,contact,0.4,20260921T000216Z,2026-09-21T00:02:18.663389+00:00,343
60b79dd5-b3cc-47c6-80a3-4b7a0f090435,C0000537,0.4020759491631996,contact,0.4,20260921T000216Z,2026-09-21T00:02:18.663389+00:00,344
2979fd26-fe36-4fe2-aad8-6d9e33e2a169,C0002271,0.40175341432525175,contact,0.4,20260921T000216Z,2026-09-21T00:02:18.663389+00:00,345
4a6c42d8-5192-4d30-bbd0-c5c0fe7de975,C0001611,0.40115633594528854,contact,0.4,20260921T000216Z,2026-09-21T00:02:18.663389+00:00,346
ba768164-0280-49a4-8a2e-caa47b08a10f,C0002733,0.40054418819815235,contact,0.4,20260921T000216Z,2026-09-21T00:02:18.663389+00:00,347
0925457e-2fa4-46c0-83e7-65443a2a0216,C0000611,0.4005183406589418,contact,0.4,20260921T000216Z,2026-09-21T00:02:18.663389+00:00,348
11291dc5-6107-4902-aabc-666b39adf625,C0001415,0.4004859124704579,contact,0.4,20260921T000216Z,2026-09-21T00:02:18.663389+00:00,349
5a7b7093-1730-49ed-a1b5-60b54c7a6bce,C0002870,0.40041313971383896,contact,0.4,20260921T000216Z,2026-09-21T00:02:18.663389+00:00,350
222d226f-75a5-4e29-a3b0-1e1bf5328346,C0002565,0.40033218382969193,contact,0.4,20260921T000216Z,2026-09-21T00:02:18.663389+00:00,351
fd849572-f734-43a7-8370-54b75fb39cc3,C0001518,0.3989174826053957,do_not_contact,0.4,20260921T000216Z,2026-09-21T00:02:18.663389+00:00,352
ffad82a6-c48c-45f7-a068-04c4ed5c96aa,C0002140,0.3979321820817134,do_not_contact,0.4,20260921T000216Z,2026-09-21T00:02:18.663389+00:00,353
b9c6f53a-1eb2-47df-85b7-1cc514528024,C0000028,0.397518408580668,do_not_contact,0.4,20260921T000216Z,2026-09-21T00:02:18.663389+00:00,354
67f386b2-d0d4-4e88-89f3-d6a151d0f24d,C0000765,0.3971212865901792,do_not_contact,0.4,20260921T000216Z,2026-09-21T00:02:18.663389+00:00,355
087581ee-1d9d-4274-aeba-076ca869d938,C0002475,0.3969395247832719,do_not_contact,0.4,20260921T000216Z,2026-09-21T00:02:18.663389+00:00,356
e6bc6a91-1018-4806-a2f7-9da10f8200c3,C0001040,0.3964888019199882,do_not_contact,0.4,20260921T000216Z,2026-09-21T00:02:18.663389+00:00,357
7744453c-4dd2-4c78-90a3-82e8ee79e770,C0000511,0.396328428568572,do_not_contact,0.4,20260921T000216Z,2026-09-21T00:02:18.663389+00:00,358
ca194a5f-2114-456c-87ae-1c9d1268279f,C0002583,0.39592667559582145,do_not_contact,0.4,20260921T000216Z,2026-09-21T00:02:18.663389+00:00,359
4ad0afd2-a343-428f-a4b4-46503e323195,C0001018,0.3952350010793199,do_not_contact,0.4,20260921T000216Z,2026-09-21T00:02:18.663389+00:00,360
ac7810dd-3e35-4d07-84c6-c4683b0a003d,C0000775,0.3941941635471191,do_not_contact,0.4,20260921T000216Z,2026-09-21T00:02:18.663389+00:00,361
8f0d8d3d-ea57-4070-898b-0138cb272d55,C0000911,0.3937962192615837,do_not_contact,0.4,20260921T000216Z,2026-09-21T00:02:18.663389+00:00,362
31d9c83c-1ea1-4fed-a4eb-8899e3a2d70d,C0000948,0.3934067429066965,do_not_contact,0.4,20260921T000216Z,2026-09-21T00:02:18.663389+00:00,363
6388ffdb-80a1-4314-b5b3-481b04c18cf5,C0002960,0.3933623783950753,do_not_contact,0.4,20260921T000216Z,2026-09-21T00:02:18.663389+00:00,364
074b4e9e-480e-4200-8b9f-32bcb26de6a4,C0002759,0.39273595910205705,do_not_contact,0.4,20260921T000216Z,2026-09-21T00:02:18.663389+00:00,365
7fb22959-a59e-44ce-a2a2-e5dba6d1da70,C0001739,0.39109560395369364,do_not_contact,0.4,20260921T000216Z,2026-09-21T00:02:18.663389+00:00,366
e908785e-3b14-441e-9bc6-0cdf2c19144e,C0001333,0.3908251845637071,do_not_contact,0.4,20260921T000216Z,2026-09-21T00:02:18.663389+00:00,367
1474d78b-c491-45f1-87db-0c6c614357bf,C0002136,0.39078505867239005,do_not_contact,0.4,20260921T000216Z,2026-09-21T00:02:18.663389+00:00,368
3f3eb794-db83-457c-8c8a-cdbcecb6f2e1,C0001810,0.3898332760579854,do_not_contact,0.4,20260921T000216Z,2026-09-21T00:02:18.663389+00:00,369
bce9151f-644b-4eec-9a08-4aee16369ce0,C0002046,0.38966474241559285,do_not_contact,0.4,20260921T000216Z,2026-09-21T00:02:18.663389+00:00,370
d211ff44-bc7d-4e15-b1a2-d840e915cedf,C0001304,0.38949266636818847,do_not_contact,0.4,20260921T000216Z,2026-09-21T00:02:18.663389+00:00,371
9889c541-4227-4847-b997-6684ad0576e0,C0001735,0.38643941691988004,do_not_contact,0.4,20260921T000216Z,2026-09-21T00:02:18.663389+00:00,372
bdfceb37-b4d1-43d4-98e7-f3909d8d95d8,C0001335,0.38628312240567714,do_not_contact,0.4,20260921T000216Z,2026-09-21T00:02:18.663389+00:00,373
9c1420dc-dfdc-47c4-867a-5c08c1952764,C0001104,0.38528751773178926,do_not_contact,0.4,20260921T000216Z,2026-09-21T00:02:18.663389+00:00,374
3dfec20a-651b-4d25-bff3-70308083dc4b,C0002478,0.3829655936626968,do_not_contact,0.4,20260921T000216Z,2026-09-21T00:02:18.663389+00:00,375
99abbf6a-a3fc-47a9-94d2-5c387560f4e9,C0002424,0.38272503338903635,do_not_contact,0.4,20260921T000216Z,2026-09-21T00:02:18.663389+00:00,376
c6bbeb4d-23d6-4a78-954d-dd98e63022d8,C0001705,0.38245861173002066,do_not_contact,0.4,20260921T000216Z,2026-09-21T00:02:18.663389+00:00,377
5f2bff11-41ec-4cd1-b23d-05f9d4d48b7c,C0000879,0.38221561610363686,do_not_contact,0.4,20260921T000216Z,2026-09-21T00:02:18.663389+00:00,378
70b392b3-abb6-4c4b-9e12-8d32f42c777e,C0002088,0.38198571858750163,do_not_contact,0.4,20260921T000216Z,2026-09-21T00:02:18.663389+00:00,379
103158de-6deb-4f48-9061-923f9b15f105,C0001031,0.38159794176979667,do_not_contact,0.4,20260921T000216Z,2026-09-21T00:02:18.663389+00:00,380
afb205c4-d351-464c-928f-8ab7b03c5687,C0002569,0.38137967527444455,do_not_contact,0.4,20260921T000216Z,2026-09-21T00:02:18.663389+00:00,381
19e66821-fb99-498b-979c-720193a06ea8,C0002228,0.38130788188220904,do_not_contact,0.4,20260921T000216Z,2026-09-21T00:02:18.663389+00:00,382
c8ba8e9c-0256-42ba-a282-1bb06e7bd5e4,C0002957,0.38128373238618696,do_not_contact,0.4,20260921T000216Z,2026-09-21T00:02:18.663389+00:00,383
81a86699-b8e0-430b-9d85-652f109cd065,C0002420,0.38114870457699634,do_not_contact,0.4,20260921T000216Z,2026-09-21T00:02:18.663389+00:00,384
c896e79d-08d8-4fd9-b106-d2da3062de27,C0002627,0.3810183557068308,do_not_contact,0.4,20260921T000216Z,2026-09-21T00:02:18.663389+00:00,385
b7ca7c40-d14f-482a-8157-c120886fb5ac,C0001305,0.38015313905213155,do_not_contact,0.4,20260921T000216Z,2026-09-21T00:02:18.663389+00:00,386
4ed36e77-4825-499c-97ef-4556b349b1c9,C0002971,0.37980618244776754,do_not_contact,0.4,20260921T000216Z,2026-09-21T00:02:18.663389+00:00,387
23225e32-c51d-4234-920f-feef75f59268,C0001757,0.3788375483213537,do_not_contact,0.4,20260921T000216Z,2026-09-21T00:02:18.663389+00:00,388
3c432245-aedb-46a1-a8b0-67fdccaf9156,C0000859,0.37718834740332124,do_not_contact,0.4,20260921T000216Z,2026-09-21T00:02:18.663389+00:00,389
52570c91-0199-4fc5-a264-4ef107f88b97,C0000125,0.37690729117442845,do_not_contact,0.4,20260921T000216Z,2026-09-21T00:02:18.663389+00:00,390
7d2fa683-e216-4002-8263-32ebadbadc0b,C0002509,0.3767243304468654,do_not_contact,0.4,20260921T000216Z,2026-09-21T00:02:18.663389+00:00,391
8f204ab4-6d35-4a3a-8bfd-80ea9df07ada,C0000180,0.3764883500757716,do_not_contact,0.4,20260921T000216Z,2026-09-21T00:02:18.663389+00:00,392
d2b8aefe-c0fa-4a96-95fb-045ad6904668,C0000655,0.3761513253774204,do_not_contact,0.4,20260921T000216Z,2026-09-21T00:02:18.663389+00:00,393
d3ccd4bc-2b24-437a-8d1b-f08c69459584,C0001426,0.37593484639467317,do_not_contact,0.4,20260921T000216Z,2026-09-21T00:02:18.663389+00:00,394
5b9b1840-8a77-4e4e-9cc8-6762f4776543,C0000564,0.3759202416027847,do_not_contact,0.4,20260921T000216Z,2026-09-21T00:02:18.663389+00:00,395
6df9958b-4756-4370-9048-dfe74b4051f8,C0002463,0.375770947511154,do_not_contact,0.4,20260921T000216Z,2026-09-21T00:02:18.663389+00:00,396
d2652247-15ab-43c9-883f-19e0a9c78fef,C0001423,0.3756558504056287,do_not_contact,0.4,20260921T000216Z,2026-09-21T00:02:18.663389+00:00,397
dc3b9aef-3a50-4f2e-9b4a-b8e94cada432,C0002613,0.37561010629141317,do_not_contact,0.4,20260921T000216Z,2026-09-21T00:02:18.663389+00:00,398
669f06a0-26b2-4947-9801-25d5a3e7215f,C0001056,0.37528239080217224,do_not_contact,0.4,20260921T000216Z,2026-09-21T00:02:18.663389+00:00,399
97ed78ea-5b0a-4eeb-8d8f-bb45d6c2f0aa,C0002552,0.3751359625820919,do_not_contact,0.4,20260921T000216Z,2026-09-21T00:02:18.663389+00:00,400
b2f0e82c-1638-4583-a578-588bb1ab5222,C0000929,0.37459157120581815,do_not_contact,0.4,20260921T000216Z,2026-09-21T00:02:18.663389+00:00,401
0be817c9-640a-4bd8-95f8-79b3d64acaab,C0001171,0.37453591743410924,do_not_contact,0.4,20260921T000216Z,2026-09-21T00:02:18.663389+00:00,402
d9509cf0-29f3-4311-96d5-986c8938dfff,C0002604,0.37439649916467205,do_not_contact,0.4,20260921T000216Z,2026-09-21T00:02:18.663389+00:00,403
6f7009ff-75b5-46d7-b2b0-b779a7515248,C0000744,0.37291528090482085,do_not_contact,0.4,20260921T000216Z,2026-09-21T00:02:18.663389+00:00,404
dace65cc-82a3-45bd-86b6-ce7cf4bbe137,C0000383,0.3724754083130394,do_not_contact,0.4,20260921T000216Z,2026-09-21T00:02:18.663389+00:00,405
c2f12f06-b5de-4a89-92b3-78d9f8e94068,C0000256,0.372416101355847,do_not_contact,0.4,20260921T000216Z,2026-09-21T00:02:18.663389+00:00,406
c89e84f3-8045-4484-b4ac-2f4d60db9fbe,C0002240,0.36989842126466765,do_not_contact,0.4,20260921T000216Z,2026-09-21T00:02:18.663389+00:00,407
b2f4a670-7dce-4a16-8351-0a27984ea5bd,C0001838,0.3697214683778151,do_not_contact,0.4,20260921T000216Z,2026-09-21T00:02:18.663389+00:00,408
c586a974-269b-4668-80fc-d0b66daea992,C0001220,0.36940446941468386,do_not_contact,0.4,20260921T000216Z,2026-09-21T00:02:18.663389+00:00,409
3c9fa95c-7798-4247-9649-d5c6fc69ed9b,C0002041,0.36875872744637433,do_not_contact,0.4,20260921T000216Z,2026-09-21T00:02:18.663389+00:00,410
93ecf911-dbc6-479b-b283-6784cbe718f4,C0002726,0.36854123568508274,do_not_contact,0.4,20260921T000216Z,2026-09-21T00:02:18.663389+00:00,411
7a9ce0e9-6536-4a98-8836-533fd34a49be,C0001497,0.3678959449884623,do_not_contact,0.4,20260921T000216Z,2026-09-21T00:02:18.663389+00:00,412
37bb4c30-2612-403e-9915-812f905e858c,C0000676,0.3670371055042244,do_not_contact,0.4,20260921T000216Z,2026-09-21T00:02:18.663389+00:00,413
f52eea4f-aeb3-428b-8c38-d8329e2f1619,C0001675,0.36646411891813924,do_not_contact,0.4,20260921T000216Z,2026-09-21T00:02:18.663389+00:00,414
7cefc282-92bc-41d8-b0aa-df34c9bc941e,C0002198,0.36587503571687213,do_not_contact,0.4,20260921T000216Z,2026-09-21T00:02:18.663389+00:00,415
ffac93dd-885f-48f4-851c-1f8a8ee98840,C0001941,0.3653938653690368,do_not_contact,0.4,20260921T000216Z,2026-09-21T00:02:18.663389+00:00,416
c32d353b-d002-409a-aa4d-59758e33670a,C0002327,0.36516071749520834,do_not_contact,0.4,20260921T000216Z,2026-09-21T00:02:18.663389+00:00,417
334ba866-0850-443f-b447-51372fb80b34,C0000740,0.3650086203281156,do_not_contact,0.4,20260921T000216Z,2026-09-21T00:02:18.663389+00:00,418
bc0d4343-7565-459a-85ab-aa134111b315,C0001881,0.36470245121505496,do_not_contact,0.4,20260921T000216Z,2026-09-21T00:02:18.663389+00:00,419
02afff4f-42e9-4821-9b55-e7ea4ec9e76a,C0001471,0.3646657173293437,do_not_contact,0.4,20260921T000216Z,2026-09-21T00:02:18.663389+00:00,420
c34ac2f4-8977-4049-a893-e6b8c1d828b2,C0002739,0.3641914734918023,do_not_contact,0.4,20260921T000216Z,2026-09-21T00:02:18.663389+00:00,421
47fc77ff-a3bc-4e96-a4d0-adf87ccff4be,C0002544,0.3640134438589098,do_not_contact,0.4,20260921T000216Z,2026-09-21T00:02:18.663389+00:00,422
e1e05a23-af69-4cd0-ae27-19a41b8e4d2a,C0000533,0.36381583731880324,do_not_contact,0.4,20260921T000216Z,2026-09-21T00:02:18.663389+00:00,423
59e7acef-2e9e-4ad4-a54f-8d261c460168,C0001236,0.36346835885582657,do_not_contact,0.4,20260921T000216Z,2026-09-21T00:02:18.663389+00:00,424
286ac39f-674d-4bbb-b90a-462df0486516,C0002461,0.36324669452527286,do_not_contact,0.4,20260921T000216Z,2026-09-21T00:02:18.663389+00:00,425
f23301d9-1862-453a-a102-ff55b9be9ddc,C0001022,0.3628463584091236,do_not_contact,0.4,20260921T000216Z,2026-09-21T00:02:18.663389+00:00,426
d18438f7-6b0e-4ccc-8a43-c88532502102,C0002103,0.3627335079060552,do_not_contact,0.4,20260921T000216Z,2026-09-21T00:02:18.663389+00:00,427
a7eb3b15-bed2-4c1a-bf4b-4857e5b3e617,C0001136,0.3626089796490333,do_not_contact,0.4,20260921T000216Z,2026-09-21T00:02:18.663389+00:00,428
3309f9f6-cfdd-4e55-a717-fd3f9c6454f9,C0001743,0.36236489432028085,do_not_contact,0.4,20260921T000216Z,2026-09-21T00:02:18.663389+00:00,429
92a6c010-29b7-43f4-b8fc-32cf4166d4ce,C0002166,0.362159362807591,do_not_contact,0.4,20260921T000216Z,2026-09-21T00:02:18.663389+00:00,430
a5811060-d3e8-4357-953a-cc63550e4012,C0000803,0.36209705503217926,do_not_contact,0.4,20260921T000216Z,2026-09-21T00:02:18.663389+00:00,431
ae617ad9-ffc9-4823-8a02-8278b221445b,C0002589,0.36193551883976083,do_not_contact,0.4,20260921T000216Z,2026-09-21T00:02:18.663389+00:00,432
808f2cee-ac21-4014-be7b-4e47e9e84709,C0001582,0.3602666262421386,do_not_contact,0.4,20260921T000216Z,2026-09-21T00:02:18.663389+00:00,433
d2915160-e139-4688-988c-632e032f8623,C0002504,0.35930865890964503,do_not_contact,0.4,20260921T000216Z,2026-09-21T00:02:18.663389+00:00,434
2763d510-78f5-4f87-af4c-9900863e9a02,C0002736,0.35864508781181426,do_not_contact,0.4,20260921T000216Z,2026-09-21T00:02:18.663389+00:00,435
ca724fe4-b4b3-491a-808b-3d318c156373,C0001636,0.35713984179687214,do_not_contact,0.4,20260921T000216Z,2026-09-21T00:02:18.663389+00:00,436
15193858-5772-4d72-aacd-fca6402e492b,C0002221,0.3562179381911337,do_not_contact,0.4,20260921T000216Z,2026-09-21T00:02:18.663389+00:00,437
41b2e9e9-f6af-4dfc-8216-e8609ea58611,C0000131,0.35610060660809023,do_not_contact,0.4,20260921T000216Z,2026-09-21T00:02:18.663389+00:00,438
65b6758c-d8e6-4304-8661-246638d27480,C0001206,0.3559682564783409,do_not_contact,0.4,20260921T000216Z,2026-09-21T00:02:18.663389+00:00,439
0e705ad2-397c-4a33-bddb-93be5d79da38,C0002800,0.355861341437804,do_not_contact,0.4,20260921T000216Z,2026-09-21T00:02:18.663389+00:00,440
e3603725-b122-4ad6-b707-cbd05c3115cc,C0001517,0.3553785269784912,do_not_contact,0.4,20260921T000216Z,2026-09-21T00:02:18.663389+00:00,441
12e41718-74dd-451b-91fb-81774feffbd3,C0001473,0.35515227664138593,do_not_contact,0.4,20260921T000216Z,2026-09-21T00:02:18.663389+00:00,442
92f1a741-c9cc-489a-bd49-44949996d49f,C0000308,0.35459549630484105,do_not_contact,0.4,20260921T000216Z,2026-09-21T00:02:18.663389+00:00,443
9400b98a-3e91-4f85-83b7-d56336ee3160,C0001648,0.354329205772127,do_not_contact,0.4,20260921T000216Z,2026-09-21T00:02:18.663389+00:00,444
4e4bed3b-292f-4d28-b428-24a670206493,C0001849,0.35418439645189803,do_not_contact,0.4,20260921T000216Z,2026-09-21T00:02:18.663389+00:00,445
ca4cb685-1678-4666-b5e1-461dffed6473,C0002524,0.35349909921355915,do_not_contact,0.4,20260921T000216Z,2026-09-21T00:02:18.663389+00:00,446
94c838a9-1142-4b1a-afe5-4f1241681978,C0002067,0.35320624516652577,do_not_contact,0.4,20260921T000216Z,2026-09-21T00:02:18.663389+00:00,447
eb671c99-23e9-4c65-ae8d-c89d7b6c76a1,C0000997,0.3530486161457515,do_not_contact,0.4,20260921T000216Z,2026-09-21T00:02:18.663389+00:00,448
e5b52ad3-3a99-4238-a43c-beb3b1fc8c50,C0000139,0.35251871019420444,do_not_contact,0.4,20260921T000216Z,2026-09-21T00:02:18.663389+00:00,449
90394266-e738-4b11-88db-42578fbbb8d8,C0000335,0.3522852761607917,do_not_contact,0.4,20260921T000216Z,2026-09-21T00:02:18.663389+00:00,450
b1032a08-9fc1-4786-be80-ba64b0ae8c49,C0001714,0.3522096218258031,do_not_contact,0.4,20260921T000216Z,2026-09-21T00:02:18.663389+00:00,451
09d927ac-d05f-4eee-97c1-684e6e17fe11,C0001615,0.3518696482251429,do_not_contact,0.4,20260921T000216Z,2026-09-21T00:02:18.663389+00:00,452
39ea9e4c-f6d2-4746-8a5a-25b5d941075c,C0000270,0.3515105525870944,do_not_contact,0.4,20260921T000216Z,2026-09-21T00:02:18.663389+00:00,453
44a7b423-3872-4139-a692-513baf1b1e42,C0000260,0.3513955741394574,do_not_contact,0.4,20260921T000216Z,2026-09-21T00:02:18.663389+00:00,454
1b5d9c49-d78e-4c88-b75c-e1c9ea5550ed,C0002340,0.35122131675924007,do_not_contact,0.4,20260921T000216Z,2026-09-21T00:02:18.663389+00:00,455
cf6e3331-05de-427d-8236-9ddeae424409,C0001983,0.3511822734596141,do_not_contact,0.4,20260921T000216Z,2026-09-21T00:02:18.663389+00:00,456
723c1c27-e432-43bd-bb7f-bd9db0fc4612,C0002365,0.349733929858925,do_not_contact,0.4,20260921T000216Z,2026-09-21T00:02:18.663389+00:00,457
61916cff-b0bc-4e0f-8bc3-13825039b57b,C0002506,0.34971058525721344,do_not_contact,0.4,20260921T000216Z,2026-09-21T00:02:18.663389+00:00,458
205086de-271d-4006-ab2e-447889e47bc3,C0002021,0.34958329069115424,do_not_contact,0.4,20260921T000216Z,2026-09-21T00:02:18.663389+00:00,459
750507e5-9e72-45f8-9315-705cf4082333,C0002212,0.3492452721991285,do_not_contact,0.4,20260921T000216Z,2026-09-21T00:02:18.663389+00:00,460
711090d8-8f4c-4a45-9413-599ff206af79,C0000438,0.34907173702556576,do_not_contact,0.4,20260921T000216Z,2026-09-21T00:02:18.663389+00:00,461
f694bba8-6148-4acc-b15b-d229706d4341,C0001708,0.3487316515992583,do_not_contact,0.4,20260921T000216Z,2026-09-21T00:02:18.663389+00:00,462
ed2d72c0-70f9-48f5-8de6-11e131c238d8,C0001523,0.3486808447952905,do_not_contact,0.4,20260921T000216Z,2026-09-21T00:02:18.663389+00:00,463
8f01f2d4-8ea5-4b4b-b02b-e5cbfed4ad0d,C0000209,0.3485729517437365,do_not_contact,0.4,20260921T000216Z,2026-09-21T00:02:18.663389+00:00,464
64522e0f-07ac-4551-b2f2-3647117c9775,C0001993,0.3483015266810919,do_not_contact,0.4,20260921T000216Z,2026-09-21T00:02:18.663389+00:00,465
b6a5e375-3e27-4b15-8a5b-8c4dcb157165,C0000521,0.3482456728619823,do_not_contact,0.4,20260921T000216Z,2026-09-21T00:02:18.663389+00:00,466
900a3819-ad86-40a6-8e0e-19e40bd669fa,C0002620,0.34724613768237234,do_not_contact,0.4,20260921T000216Z,2026-09-21T00:02:18.663389+00:00,467
b0dd94bd-31c4-45a0-925a-0fe3083720eb,C0001063,0.34719181978348573,do_not_contact,0.4,20260921T000216Z,2026-09-21T00:02:18.663389+00:00,468
4fa30445-78bd-4b6c-9f55-0ab47bb40354,C0000695,0.3471583093101357,do_not_contact,0.4,20260921T000216Z,2026-09-21T00:02:18.663389+00:00,469
4c5a6a07-12a0-47e0-bfae-20c243efcfb1,C0000898,0.3470160745441177,do_not_contact,0.4,20260921T000216Z,2026-09-21T00:02:18.663389+00:00,470
d27a17e0-aa49-4c26-aa06-aa21f75dd1ed,C0000300,0.3468385237496257,do_not_contact,0.4,20260921T000216Z,2026-09-21T00:02:18.663389+00:00,471
a2d224f6-0be0-4090-91c9-81c8d90fcf5e,C0002590,0.34635978348027124,do_not_contact,0.4,20260921T000216Z,2026-09-21T00:02:18.663389+00:00,472
335f0866-a91a-4ee3-9543-7d436c54482a,C0001384,0.34630097498148654,do_not_contact,0.4,20260921T000216Z,2026-09-21T00:02:18.663389+00:00,473
86772795-3cc3-476c-9a89-d567ad9f1f49,C0001147,0.3453950030115864,do_not_contact,0.4,20260921T000216Z,2026-09-21T00:02:18.663389+00:00,474
8759eabd-68e1-4390-8c18-dcd2cef8a910,C0000718,0.3452055259947353,do_not_contact,0.4,20260921T000216Z,2026-09-21T00:02:18.663389+00:00,475
4561941a-0fdb-41cc-b4f3-f40fd840574d,C0001656,0.34514833631240177,do_not_contact,0.4,20260921T000216Z,2026-09-21T00:02:18.663389+00:00,476
10bf8faf-16ef-42f8-9f49-2b8deb1b5c34,C0000959,0.3444566764932979,do_not_contact,0.4,20260921T000216Z,2026-09-21T00:02:18.663389+00:00,477
fe53af30-97dd-4b73-a74f-9473e61b4377,C0000254,0.34431497580125153,do_not_contact,0.4,20260921T000216Z,2026-09-21T00:02:18.663389+00:00,478
6a6f8739-2d37-4e4f-a8a0-1fe9e6c55a90,C0002122,0.34238386235445223,do_not_contact,0.4,20260921T000216Z,2026-09-21T00:02:18.663389+00:00,479
b95225eb-56f3-4587-b73d-ec13bb3f41b0,C0000632,0.34208756159081705,do_not_contact,0.4,20260921T000216Z,2026-09-21T00:02:18.663389+00:00,480
856b264e-7a07-40db-8551-aade936d43b2,C0002187,0.34191758369752756,do_not_contact,0.4,20260921T000216Z,2026-09-21T00:02:18.663389+00:00,481
f961ebb7-b9f4-451c-a406-fa833010f730,C0002743,0.34189387799703924,do_not_contact,0.4,20260921T000216Z,2026-09-21T00:02:18.663389+00:00,482
9a915026-786e-4988-9efe-ec6ab94aa7b3,C0000985,0.34181447821035976,do_not_contact,0.4,20260921T000216Z,2026-09-21T00:02:18.663389+00:00,483
ddb0d684-59f3-4b81-a84d-50a0ef441de3,C0001777,0.34173109358337667,do_not_contact,0.4,20260921T000216Z,2026-09-21T00:02:18.663389+00:00,484
ed25e81e-de64-49d1-8354-c9349c13789a,C0001915,0.3415410029107964,do_not_contact,0.4,20260921T000216Z,2026-09-21T00:02:18.663389+00:00,485
86b797c6-1c04-4762-beaf-5d1268764b70,C0001324,0.34132496200029366,do_not_contact,0.4,20260921T000216Z,2026-09-21T00:02:18.663389+00:00,486
df6d552d-dcf7-4cc6-8c29-af1dc5049409,C0002370,0.3412472998823929,do_not_contact,0.4,20260921T000216Z,2026-09-21T00:02:18.663389+00:00,487
00e9e00e-a240-4985-b38e-69c24d89b124,C0000883,0.34083942176641224,do_not_contact,0.4,20260921T000216Z,2026-09-21T00:02:18.663389+00:00,488
bd423954-9712-4b62-93b3-1bb9f957f032,C0002272,0.34046939431655626,do_not_contact,0.4,20260921T000216Z,2026-09-21T00:02:18.663389+00:00,489
d0e02837-b0da-4131-a132-8c5271912de3,C0002266,0.3403863636252228,do_not_contact,0.4,20260921T000216Z,2026-09-21T00:02:18.663389+00:00,490
6bbdd098-b009-4516-9a39-4dd27191a8a5,C0002316,0.34031095533001604,do_not_contact,0.4,20260921T000216Z,2026-09-21T00:02:18.663389+00:00,491
2b527712-13a7-49b5-b6d0-b571f7200a6f,C0000246,0.34020407069894243,do_not_contact,0.4,20260921T000216Z,2026-09-21T00:02:18.663389+00:00,492
12d6cca0-7236-4a9a-99a4-c9bc590e5b98,C0002934,0.3395723622305924,do_not_contact,0.4,20260921T000216Z,2026-09-21T00:02:18.663389+00:00,493
8f4c064c-e806-4d64-bd7d-35ce00aa74b4,C0001460,0.3386853903468623,do_not_contact,0.4,20260921T000216Z,2026-09-21T00:02:18.663389+00:00,494
51d3bd15-c617-4a7d-a014-2d3f22f94a51,C0002294,0.3384867089609482,do_not_contact,0.4,20260921T000216Z,2026-09-21T00:02:18.663389+00:00,495
0a27cd23-cdbc-4b70-88b5-eb0995e28302,C0001352,0.3373602639131606,do_not_contact,0.4,20260921T000216Z,2026-09-21T00:02:18.663389+00:00,496
362a4859-a7c6-493e-98b6-7dfd74c12c7a,C0001338,0.3362139826985661,do_not_contact,0.4,20260921T000216Z,2026-09-21T00:02:18.663389+00:00,497
3e1f55b9-7cec-4ff3-a2ec-22b5b8553af6,C0001879,0.33500699731527295,do_not_contact,0.4,20260921T000216Z,2026-09-21T00:02:18.663389+00:00,498
65c76533-ee7b-4460-a82a-9af2784c382f,C0002300,0.33499679270385707,do_not_contact,0.4,20260921T000216Z,2026-09-21T00:02:18.663389+00:00,499
2f7ef2d5-445f-47d1-92a6-61f5004bf788,C0001868,0.3336766107802541,do_not_contact,0.4,20260921T000216Z,2026-09-21T00:02:18.663389+00:00,500
abcb629b-77ca-4053-b78a-852e86a1c321,C0002887,0.3334780772457962,do_not_contact,0.4,20260921T000216Z,2026-09-21T00:02:18.663389+00:00,501
3adc8547-12d2-413c-af7a-82037f6eaf17,C0000529,0.33323022949756037,do_not_contact,0.4,20260921T000216Z,2026-09-21T00:02:18.663389+00:00,502
74839f7f-5393-43e9-ba38-d4d5b178baf6,C0000034,0.3327220220382736,do_not_contact,0.4,20260921T000216Z,2026-09-21T00:02:18.663389+00:00,503
dda984e7-51d4-466d-9752-284a340c80b5,C0000114,0.3324448401638518,do_not_contact,0.4,20260921T000216Z,2026-09-21T00:02:18.663389+00:00,504
332d1044-e970-4a94-a2df-2af89a80f7a4,C0001821,0.3321870188011381,do_not_contact,0.4,20260921T000216Z,2026-09-21T00:02:18.663389+00:00,505
bb584955-1952-4280-a0b9-1b2916d711a0,C0000046,0.3318971476543925,do_not_contact,0.4,20260921T000216Z,2026-09-21T00:02:18.663389+00:00,506
5b082afe-7b0e-4369-bc0b-176c139a7b83,C0000743,0.33147315917213604,do_not_contact,0.4,20260921T000216Z,2026-09-21T00:02:18.663389+00:00,507
1dd8430c-c807-416e-b234-98952d8e8589,C0000906,0.3313840532197207,do_not_contact,0.4,20260921T000216Z,2026-09-21T00:02:18.663389+00:00,508
795dcca4-83c5-48e3-b9cf-5d7eacf22b40,C0000766,0.3313032352368263,do_not_contact,0.4,20260921T000216Z,2026-09-21T00:02:18.663389+00:00,509
8a53a088-0c87-40b9-ad05-fb1e8cecd796,C0001204,0.33082266198184607,do_not_contact,0.4,20260921T000216Z,2026-09-21T00:02:18.663389+00:00,510
86e595c8-7cf0-43f7-a1f3-03b10f582c8a,C0002074,0.3306970945952185,do_not_contact,0.4,20260921T000216Z,2026-09-21T00:02:18.663389+00:00,511
027b07a5-ccb6-4e09-806d-bd11dbbe8ee8,C0001464,0.33050431979505906,do_not_contact,0.4,20260921T000216Z,2026-09-21T00:02:18.663389+00:00,512
a83660b5-910f-48ca-8c5c-96c1fe753f30,C0000015,0.3303027796029615,do_not_contact,0.4,20260921T000216Z,2026-09-21T00:02:18.663389+00:00,513
6b3d032a-8af6-4098-9bd3-b01164e9fcf6,C0001475,0.3302472623242241,do_not_contact,0.4,20260921T000216Z,2026-09-21T00:02:18.663389+00:00,514
82d99b0e-ca45-4ab5-9222-6d5921ae653f,C0001982,0.32995770144619774,do_not_contact,0.4,20260921T000216Z,2026-09-21T00:02:18.663389+00:00,515
06aa6681-4823-4f11-b246-4b46dcd605ad,C0001492,0.3293203754743673,do_not_contact,0.4,20260921T000216Z,2026-09-21T00:02:18.663389+00:00,516
dc922b31-4cb9-463a-9a59-acf797ccaec3,C0001704,0.3293117511477226,do_not_contact,0.4,20260921T000216Z,2026-09-21T00:02:18.663389+00:00,517
d884e60e-b082-49cb-ba89-2a7bba446cd4,C0000772,0.3284480065938488,do_not_contact,0.4,20260921T000216Z,2026-09-21T00:02:18.663389+00:00,518
37f330c9-cbfe-4ffc-a1d0-e029396f3bb0,C0002520,0.32829736198421894,do_not_contact,0.4,20260921T000216Z,2026-09-21T00:02:18.663389+00:00,519
df5b1349-d0a0-48ab-b7b4-5ecac60af037,C0002890,0.32812424536890183,do_not_contact,0.4,20260921T000216Z,2026-09-21T00:02:18.663389+00:00,520
834bb51d-997d-464e-b95f-9e23e5b9bf11,C0002319,0.32808792038272966,do_not_contact,0.4,20260921T000216Z,2026-09-21T00:02:18.663389+00:00,521
660cf7a0-afc3-49c9-9c95-179588b51e12,C0002596,0.3266382967482939,do_not_contact,0.4,20260921T000216Z,2026-09-21T00:02:18.663389+00:00,522
bb91591f-f045-44c5-9b37-3a945f1b1d56,C0001130,0.32615469237934397,do_not_contact,0.4,20260921T000216Z,2026-09-21T00:02:18.663389+00:00,523
4c7ecafa-153d-4939-90d5-c67ed1c4d5de,C0002878,0.32590900553255875,do_not_contact,0.4,20260921T000216Z,2026-09-21T00:02:18.663389+00:00,524
807fe7c2-5ecb-45d8-8d31-f5def06895be,C0002602,0.32561592499035397,do_not_contact,0.4,20260921T000216Z,2026-09-21T00:02:18.663389+00:00,525
dacf87a3-7d20-40c2-afd1-dc2679b92975,C0000513,0.3248655772185931,do_not_contact,0.4,20260921T000216Z,2026-09-21T00:02:18.663389+00:00,526
57c021ce-9753-45aa-8777-7575bbb22e5e,C0000266,0.32485532818891544,do_not_contact,0.4,20260921T000216Z,2026-09-21T00:02:18.663389+00:00,527
ddc7ccd7-b2b7-4ec0-a1b9-a4906bee86f3,C0001634,0.3242329391878082,do_not_contact,0.4,20260921T000216Z,2026-09-21T00:02:18.663389+00:00,528
ae431b4c-345d-4cc0-8213-3dadde956be6,C0002477,0.3241727795807731,do_not_contact,0.4,20260921T000216Z,2026-09-21T00:02:18.663389+00:00,529
6595ab8d-44b6-4803-bdc3-62765e5b53cd,C0000267,0.32409937832664204,do_not_contact,0.4,20260921T000216Z,2026-09-21T00:02:18.663389+00:00,530
05669c15-d8be-4907-8a43-cf02b4763b92,C0001718,0.32397880133228213,do_not_contact,0.4,20260921T000216Z,2026-09-21T00:02:18.663389+00:00,531
1cc6752d-db76-44e7-b5a5-01edd58137e9,C0001058,0.3234610504229042,do_not_contact,0.4,20260921T000216Z,2026-09-21T00:02:18.663389+00:00,532
29eb2140-9eed-4665-8ef2-146250e11312,C0002142,0.32339761139721324,do_not_contact,0.4,20260921T000216Z,2026-09-21T00:02:18.663389+00:00,533
e237f26c-8c35-4876-bfe3-43439fdf2dcf,C0001745,0.3225622690221397,do_not_contact,0.4,20260921T000216Z,2026-09-21T00:02:18.663389+00:00,534
9db9959d-63ea-44f0-830d-9ed747787497,C0001702,0.3208222649797123,do_not_contact,0.4,20260921T000216Z,2026-09-21T00:02:18.663389+00:00,535
f7e4571c-cb1e-4dd0-9e6f-0c3c7b95ff3e,C0002712,0.320471915943192,do_not_contact,0.4,20260921T000216Z,2026-09-21T00:02:18.663389+00:00,536
d131540b-11be-4e5f-bece-f696b70a4d56,C0001339,0.3192681555940078,do_not_contact,0.4,20260921T000216Z,2026-09-21T00:02:18.663389+00:00,537
7176215a-7d13-4f23-a3f2-8a4d4d386297,C0002781,0.3181843335446349,do_not_contact,0.4,20260921T000216Z,2026-09-21T00:02:18.663389+00:00,538
9e4e6b83-517b-41c2-9032-3a7bbd48c4d8,C0001205,0.3177572957571513,do_not_contact,0.4,20260921T000216Z,2026-09-21T00:02:18.663389+00:00,539
dd2918f4-0182-4f53-aae2-6233c60fa154,C0002706,0.31772513062064794,do_not_contact,0.4,20260921T000216Z,2026-09-21T00:02:18.663389+00:00,540
1d324cee-7179-459f-98cb-5f47b384d59d,C0002356,0.31750906983172733,do_not_contact,0.4,20260921T000216Z,2026-09-21T00:02:18.663389+00:00,541
389cb825-3633-4cb7-add8-45cf9652516f,C0001298,0.31738245231576145,do_not_contact,0.4,20260921T000216Z,2026-09-21T00:02:18.663389+00:00,542
6c0dd7eb-a9c8-48ed-a467-b8d83d4ce9f8,C0000437,0.3167112642121266,do_not_contact,0.4,20260921T000216Z,2026-09-21T00:02:18.663389+00:00,543
04408d84-237e-4f17-8c99-bd629f3fec70,C0000198,0.3158807640917931,do_not_contact,0.4,20260921T000216Z,2026-09-21T00:02:18.663389+00:00,544
cb0e7e94-633a-4e38-868d-f9730a106d6c,C0002784,0.3157869341288919,do_not_contact,0.4,20260921T000216Z,2026-09-21T00:02:18.663389+00:00,545
147d9457-24a4-4304-9f77-7ec92ebeb82d,C0000699,0.3147921765720206,do_not_contact,0.4,20260921T000216Z,2026-09-21T00:02:18.663389+00:00,546
c503005d-4eae-4f41-8379-971b803a10da,C0000248,0.3146517146673492,do_not_contact,0.4,20260921T000216Z,2026-09-21T00:02:18.663389+00:00,547
f561fb7d-bd0b-4076-a866-b1059816287f,C0000962,0.3142094128870485,do_not_contact,0.4,20260921T000216Z,2026-09-21T00:02:18.663389+00:00,548
aef2b279-e353-496b-8adb-a30011faf0b5,C0002674,0.31387423018390864,do_not_contact,0.4,20260921T000216Z,2026-09-21T00:02:18.663389+00:00,549
eb4f2a8b-9c37-4d8f-a2ff-57fe2e846b12,C0002450,0.3136679002879086,do_not_contact,0.4,20260921T000216Z,2026-09-21T00:02:18.663389+00:00,550
68282820-63a0-4344-b1b2-f28b017fed73,C0000313,0.3135277487084137,do_not_contact,0.4,20260921T000216Z,2026-09-21T00:02:18.663389+00:00,551
357d0ff5-9144-4e07-afed-08607ac360ab,C0000762,0.31329678547032724,do_not_contact,0.4,20260921T000216Z,2026-09-21T00:02:18.663389+00:00,552
63a892e1-0a88-4900-97f0-b9d61ec15ece,C0000277,0.3132468652595322,do_not_contact,0.4,20260921T000216Z,2026-09-21T00:02:18.663389+00:00,553
3f7d24c3-e7fd-4570-9dda-8faf02c81029,C0001836,0.312426730599328,do_not_contact,0.4,20260921T000216Z,2026-09-21T00:02:18.663389+00:00,554
30ba1436-e637-4ec1-8eee-de4edfec723b,C0001574,0.3123447038905694,do_not_contact,0.4,20260921T000216Z,2026-09-21T00:02:18.663389+00:00,555
c64dd9b8-e282-4a11-aa5d-8b252700640c,C0001126,0.31200849460607033,do_not_contact,0.4,20260921T000216Z,2026-09-21T00:02:18.663389+00:00,556
e74f370d-2413-4b49-9715-4b539f86099e,C0001575,0.3118228509897388,do_not_contact,0.4,20260921T000216Z,2026-09-21T00:02:18.663389+00:00,557
59d8effd-bf63-420a-a6d0-04797be842c6,C0000867,0.3114389075487914,do_not_contact,0.4,20260921T000216Z,2026-09-21T00:02:18.663389+00:00,558
49ea411d-a708-4620-aff8-f4714bde9e0b,C0000738,0.3112266263811735,do_not_contact,0.4,20260921T000216Z,2026-09-21T00:02:18.663389+00:00,559
c9b58a0c-c31e-49e2-b8a1-2b0b341cbd9c,C0001245,0.3107339643834287,do_not_contact,0.4,20260921T000216Z,2026-09-21T00:02:18.663389+00:00,560
47bd1124-eb4e-48f2-9240-b593aff21264,C0001394,0.310731642972828,do_not_contact,0.4,20260921T000216Z,2026-09-21T00:02:18.663389+00:00,561
08080c68-a957-43e4-9707-500c53cc9416,C0002189,0.3105667207242239,do_not_contact,0.4,20260921T000216Z,2026-09-21T00:02:18.663389+00:00,562
61fcd75e-2189-4bc7-b648-15d430e29023,C0002399,0.31012368863130463,do_not_contact,0.4,20260921T000216Z,2026-09-21T00:02:18.663389+00:00,563
4a5b7240-3617-4873-948a-dad2a0815ed9,C0001519,0.30999082073309864,do_not_contact,0.4,20260921T000216Z,2026-09-21T00:02:18.663389+00:00,564
068ac350-0e3b-4526-b51e-7a6fc7917f29,C0000600,0.3095907585817928,do_not_contact,0.4,20260921T000216Z,2026-09-21T00:02:18.663389+00:00,565
6b997391-a077-4094-bcf0-db6f73e28731,C0002724,0.3091664784342495,do_not_contact,0.4,20260921T000216Z,2026-09-21T00:02:18.663389+00:00,566
bb70afdb-8fca-443d-b15d-10091a33c3bf,C0001159,0.3091431789389242,do_not_contact,0.4,20260921T000216Z,2026-09-21T00:02:18.663389+00:00,567
75292e70-b8f6-4ca8-a140-b2f203a37548,C0001444,0.30874491843290014,do_not_contact,0.4,20260921T000216Z,2026-09-21T00:02:18.663389+00:00,568
4272a841-1bf3-496f-b10e-6842491bdcd3,C0002147,0.3083050316089453,do_not_contact,0.4,20260921T000216Z,2026-09-21T00:02:18.663389+00:00,569
60f78cda-d932-4c6e-9aee-e843587fbac6,C0000672,0.30802665462506346,do_not_contact,0.4,20260921T000216Z,2026-09-21T00:02:18.663389+00:00,570
b9c271dd-a437-4039-9efc-bc4e61982b04,C0001491,0.3075168683417951,do_not_contact,0.4,20260921T000216Z,2026-09-21T00:02:18.663389+00:00,571
71b3174a-1f57-403f-a318-17956c88ffc2,C0000077,0.307452720445356,do_not_contact,0.4,20260921T000216Z,2026-09-21T00:02:18.663389+00:00,572
c413dd07-0975-44f8-8f6b-75d03fa4278e,C0000328,0.30742566814964184,do_not_contact,0.4,20260921T000216Z,2026-09-21T00:02:18.663389+00:00,573
40be0b0b-1258-4d2e-b5f7-8ee672742cbf,C0002174,0.30713765366991946,do_not_contact,0.4,20260921T000216Z,2026-09-21T00:02:18.663389+00:00,574
77bef9e4-a886-4760-ae05-d1666a6846e3,C0000530,0.306765206175385,do_not_contact,0.4,20260921T000216Z,2026-09-21T00:02:18.663389+00:00,575
a5d842c8-a447-4400-be1d-771e444992a6,C0001929,0.30676088412265795,do_not_contact,0.4,20260921T000216Z,2026-09-21T00:02:18.663389+00:00,576
dd7ec3c5-cd4c-4196-b5ad-d10dcc1556cb,C0001306,0.30659345192157883,do_not_contact,0.4,20260921T000216Z,2026-09-21T00:02:18.663389+00:00,577
85c72cd8-4bb5-4f7c-aa45-f2af467fab11,C0000245,0.3065262572032663,do_not_contact,0.4,20260921T000216Z,2026-09-21T00:02:18.663389+00:00,578
89ffe77b-1f73-4337-abea-d748ab266244,C0002869,0.30617493812899327,do_not_contact,0.4,20260921T000216Z,2026-09-21T00:02:18.663389+00:00,579
02c5e1f6-8b15-41a7-a5f0-53f252697ede,C0002057,0.30597385659013593,do_not_contact,0.4,20260921T000216Z,2026-09-21T00:02:18.663389+00:00,580
d2405b58-7081-4948-ac70-f689a0e02e0d,C0002276,0.30596690023241524,do_not_contact,0.4,20260921T000216Z,2026-09-21T00:02:18.663389+00:00,581
f4815fb6-7e09-4f7d-b374-a030fef59780,C0000742,0.30588950672371307,do_not_contact,0.4,20260921T000216Z,2026-09-21T00:02:18.663389+00:00,582
8e9a8970-ea41-40c6-9a0e-1fd2d9c2818d,C0002048,0.30576025630570763,do_not_contact,0.4,20260921T000216Z,2026-09-21T00:02:18.663389+00:00,583
a1bb6158-1c16-4a24-960f-c1f99fcb994f,C0000917,0.30449930957494586,do_not_contact,0.4,20260921T000216Z,2026-09-21T00:02:18.663389+00:00,584
68e33bdf-39ec-43a9-a088-bd0836b56d47,C0001109,0.304479413200351,do_not_contact,0.4,20260921T000216Z,2026-09-21T00:02:18.663389+00:00,585
35589e92-7d7c-408f-966a-5c4b9090e1d0,C0001701,0.3042407332656892,do_not_contact,0.4,20260921T000216Z,2026-09-21T00:02:18.663389+00:00,586
02b577b8-5570-4c89-94b6-92846ac261f0,C0001091,0.30394688710595463,do_not_contact,0.4,20260921T000216Z,2026-09-21T00:02:18.663389+00:00,587
374f8e3c-3cc3-4833-b259-385994648345,C0001977,0.3038235079531587,do_not_contact,0.4,20260921T000216Z,2026-09-21T00:02:18.663389+00:00,588
b0461d74-dba2-471b-a438-8e2320199ff9,C0001914,0.30335153086377153,do_not_contact,0.4,20260921T000216Z,2026-09-21T00:02:18.663389+00:00,589
4d8e4af1-70fd-40ae-9c58-0fbf02826cb1,C0001087,0.30327146145804257,do_not_contact,0.4,20260921T000216Z,2026-09-21T00:02:18.663389+00:00,590
4fc22b20-be0c-4208-bdb4-a13615a6850e,C0002657,0.3031681163422108,do_not_contact,0.4,20260921T000216Z,2026-09-21T00:02:18.663389+00:00,591
9d48b6d1-16b2-4560-9ca1-1fae58077661,C0001279,0.30313426889964484,do_not_contact,0.4,20260921T000216Z,2026-09-21T00:02:18.663389+00:00,592
3ff4f36c-0fc4-4d0f-8831-6129e9109d1b,C0002923,0.30271838183826816,do_not_contact,0.4,20260921T000216Z,2026-09-21T00:02:18.663389+00:00,593
9f0a9f71-cf1c-4c16-ba33-cfa05abb560c,C0001371,0.30245840260225265,do_not_contact,0.4,20260921T000216Z,2026-09-21T00:02:18.663389+00:00,594
218fd9d8-4828-462c-9b35-72c5b8298648,C0001372,0.3021684796059209,do_not_contact,0.4,20260921T000216Z,2026-09-21T00:02:18.663389+00:00,595
c49f9eaa-6017-44dd-a145-4575e975d163,C0001595,0.30162230675753077,do_not_contact,0.4,20260921T000216Z,2026-09-21T00:02:18.663389+00:00,596
8dbb074d-b85e-437b-9e50-190aa4bbd7a3,C0002592,0.30159071807728616,do_not_contact,0.4,20260921T000216Z,2026-09-21T00:02:18.663389+00:00,597
0872d505-0c9e-4f31-8647-9d088a9be95b,C0001516,0.30131165100419,do_not_contact,0.4,20260921T000216Z,2026-09-21T00:02:18.663389+00:00,598
e8864d40-6900-4e7e-9e35-0f81d3ebd9a4,C0000643,0.3010597787229666,do_not_contact,0.4,20260921T000216Z,2026-09-21T00:02:18.663389+00:00,599
80189887-fc9f-4a61-9218-bc7536975245,C0002667,0.3005823070660731,do_not_contact,0.4,20260921T000216Z,2026-09-21T00:02:18.663389+00:00,600
19cbe342-f8e8-451d-8fd7-9d615f949100,C0002653,0.30036455768136405,do_not_contact,0.4,20260921T000216Z,2026-09-21T00:02:18.663389+00:00,601
fb4a14f3-5a51-4d91-a996-10f516648905,C0002499,0.3003541155113739,do_not_contact,0.4,20260921T000216Z,2026-09-21T00:02:18.663389+00:00,602
018da057-ea31-440b-b05d-6cf030b645d9,C0000396,0.2996138170830519,do_not_contact,0.4,20260921T000216Z,2026-09-21T00:02:18.663389+00:00,603
0eb2c0a6-2dbc-427a-ab27-368f9f54b795,C0000795,0.2996119891262469,do_not_contact,0.4,20260921T000216Z,2026-09-21T00:02:18.663389+00:00,604
3116f1b3-20fb-49a9-b137-4e3087299a00,C0002325,0.2993345139892111,do_not_contact,0.4,20260921T000216Z,2026-09-21T00:02:18.663389+00:00,605
99b813d1-4fe5-4466-a69b-bb7d2c27cbbe,C0000642,0.29932192760998816,do_not_contact,0.4,20260921T000216Z,2026-09-21T00:02:18.663389+00:00,606
784e4137-33b8-463b-a071-c24824f82f41,C0001781,0.29787520292940706,do_not_contact,0.4,20260921T000216Z,2026-09-21T00:02:18.663389+00:00,607
1cdf705a-b691-4c32-8ded-c6964f7effea,C0001521,0.2978255286815136,do_not_contact,0.4,20260921T000216Z,2026-09-21T00:02:18.663389+00:00,608
025bfbf8-617d-46a2-9f25-2fdeb3a7827f,C0001812,0.2974579877488553,do_not_contact,0.4,20260921T000216Z,2026-09-21T00:02:18.663389+00:00,609
3d9e2d21-22bd-4310-ae08-59ef21f76388,C0001005,0.29699217385352444,do_not_contact,0.4,20260921T000216Z,2026-09-21T00:02:18.663389+00:00,610
e66a143a-e8a2-4dea-9962-f2ca58849ee5,C0002894,0.2965931848781798,do_not_contact,0.4,20260921T000216Z,2026-09-21T00:02:18.663389+00:00,611
e9b17b61-901a-4be2-be91-f31bb43b771a,C0001101,0.29600635599994285,do_not_contact,0.4,20260921T000216Z,2026-09-21T00:02:18.663389+00:00,612
51daff25-23b9-4143-ac36-0afcb3d606af,C0000692,0.29526515935096503,do_not_contact,0.4,20260921T000216Z,2026-09-21T00:02:18.663389+00:00,613
e0547a8a-36f4-4e31-bb83-e1b620311aa4,C0000401,0.2951546650210082,do_not_contact,0.4,20260921T000216Z,2026-09-21T00:02:18.663389+00:00,614
b3c8f130-a809-40c7-b69b-d0d008f08508,C0000397,0.2949944457789539,do_not_contact,0.4,20260921T000216Z,2026-09-21T00:02:18.663389+00:00,615
5a36e3e8-c0cc-4ace-8d07-359f592393ff,C0000370,0.29393884767838063,do_not_contact,0.4,20260921T000216Z,2026-09-21T00:02:18.663389+00:00,616
2e63fda7-5a07-41a3-b613-74bcbe83327a,C0002009,0.29392985541867417,do_not_contact,0.4,20260921T000216Z,2026-09-21T00:02:18.663389+00:00,617
3e6a1edb-3953-4fc6-ae6d-335f07e71593,C0001531,0.29373951368243834,do_not_contact,0.4,20260921T000216Z,2026-09-21T00:02:18.663389+00:00,618
2fd96586-b6e7-4dd7-add3-b6d02fbb56cc,C0001477,0.2936652812429045,do_not_contact,0.4,20260921T000216Z,2026-09-21T00:02:18.663389+00:00,619
07efce5b-c405-4a4f-93d9-08936bd51abf,C0001452,0.29330314946147595,do_not_contact,0.4,20260921T000216Z,2026-09-21T00:02:18.663389+00:00,620
f3e3cedf-4ebd-4484-9f21-6250b7c046b3,C0002663,0.2925010219832551,do_not_contact,0.4,20260921T000216Z,2026-09-21T00:02:18.663389+00:00,621
ffedd4cc-2e17-44ca-adde-8f87ad253b0b,C0002314,0.2920941419979141,do_not_contact,0.4,20260921T000216Z,2026-09-21T00:02:18.663389+00:00,622
dadd00a5-c853-4713-8cdf-da5a16f1e4f1,C0000568,0.2918398653440157,do_not_contact,0.4,20260921T000216Z,2026-09-21T00:02:18.663389+00:00,623
e8d566cd-d06f-4dfb-9e65-036afa2b5d26,C0000154,0.29174161243393903,do_not_contact,0.4,20260921T000216Z,2026-09-21T00:02:18.663389+00:00,624
c2ea7790-51a1-4194-baaa-603702a30d4a,C0002114,0.29127862617319583,do_not_contact,0.4,20260921T000216Z,2026-09-21T00:02:18.663389+00:00,625
d099c6d5-f0c6-4777-be97-244c35b9209d,C0002672,0.29112841254677563,do_not_contact,0.4,20260921T000216Z,2026-09-21T00:02:18.663389+00:00,626
ec647bc4-f526-49fe-a31e-280612d94226,C0000585,0.29101438089728826,do_not_contact,0.4,20260921T000216Z,2026-09-21T00:02:18.663389+00:00,627
05987d5a-32c2-446b-a518-beaec7b8e183,C0000129,0.2907172127563021,do_not_contact,0.4,20260921T000216Z,2026-09-21T00:02:18.663389+00:00,628
280012f5-d061-4b72-a827-f83e12b63c40,C0001071,0.2906844960059122,do_not_contact,0.4,20260921T000216Z,2026-09-21T00:02:18.663389+00:00,629
75be3063-c925-45ab-81c2-aca062ad36aa,C0002218,0.29051907090868256,do_not_contact,0.4,20260921T000216Z,2026-09-21T00:02:18.663389+00:00,630
4ccfe0b1-a222-45c0-b70a-77bc75aedf30,C0001064,0.2900987657735257,do_not_contact,0.4,20260921T000216Z,2026-09-21T00:02:18.663389+00:00,631
66f79952-7db1-4820-8fda-40d04aed4485,C0002036,0.2900103955898562,do_not_contact,0.4,20260921T000216Z,2026-09-21T00:02:18.663389+00:00,632
008aa483-0c60-494c-af55-4a06211e6cb6,C0002690,0.28985593387261044,do_not_contact,0.4,20260921T000216Z,2026-09-21T00:02:18.663389+00:00,633
4dc38359-ee91-455f-979b-ad46c329785b,C0002750,0.2895668068451474,do_not_contact,0.4,20260921T000216Z,2026-09-21T00:02:18.663389+00:00,634
fd6eabc5-3b6d-4daa-859c-98034cd15ba7,C0002542,0.2890400771018129,do_not_contact,0.4,20260921T000216Z,2026-09-21T00:02:18.663389+00:00,635
6e8360c8-f87a-4554-af7b-462840c7576e,C0001222,0.28840597627406306,do_not_contact,0.4,20260921T000216Z,2026-09-21T00:02:18.663389+00:00,636
5b3504dc-6470-4db1-9113-628387e06539,C0001132,0.2882721435522503,do_not_contact,0.4,20260921T000216Z,2026-09-21T00:02:18.663389+00:00,637
58a7c28b-7e43-4783-8447-e98f962947f3,C0000569,0.28791765087366417,do_not_contact,0.4,20260921T000216Z,2026-09-21T00:02:18.663389+00:00,638
fafb2d18-0a25-4768-9cda-280a9c568503,C0000549,0.2878276499301772,do_not_contact,0.4,20260921T000216Z,2026-09-21T00:02:18.663389+00:00,639
4d752e2d-7284-49f5-89ea-29efbf524543,C0002837,0.287714092804388,do_not_contact,0.4,20260921T000216Z,2026-09-21T00:02:18.663389+00:00,640
3c703314-fbef-40f2-8eb1-41d73cc450fb,C0002534,0.2873802228364751,do_not_contact,0.4,20260921T000216Z,2026-09-21T00:02:18.663389+00:00,641
cb3e7a94-a3d4-4009-bd59-91d16c67d6d6,C0000823,0.28690998740504736,do_not_contact,0.4,20260921T000216Z,2026-09-21T00:02:18.663389+00:00,642
0c0df5a7-7f65-48d9-89a6-65c09a25b7d8,C0001447,0.2866289231231913,do_not_contact,0.4,20260921T000216Z,2026-09-21T00:02:18.663389+00:00,643
43c2f840-0a43-46c3-acc6-dbf86f41bb02,C0001164,0.286345337945025,do_not_contact,0.4,20260921T000216Z,2026-09-21T00:02:18.663389+00:00,644
78919193-5fed-45ec-b959-459136fe668b,C0001911,0.2860076816126631,do_not_contact,0.4,20260921T000216Z,2026-09-21T00:02:18.663389+00:00,645
b7e1cc60-54b9-4a0e-b04d-9af0c0e9a1b3,C0002008,0.2859813795040445,do_not_contact,0.4,20260921T000216Z,2026-09-21T00:02:18.663389+00:00,646
60dda486-e796-490e-aa06-e03b97edc69d,C0000247,0.2854071956927703,do_not_contact,0.4,20260921T000216Z,2026-09-21T00:02:18.663389+00:00,647
9004f8be-877f-4307-952b-ba720dd243a9,C0002707,0.28521045477626494,do_not_contact,0.4,20260921T000216Z,2026-09-21T00:02:18.663389+00:00,648
b9f1b2a2-de78-494c-9a60-a04e6bfc00aa,C0002850,0.28515254415605895,do_not_contact,0.4,20260921T000216Z,2026-09-21T00:02:18.663389+00:00,649
2fc4d57a-553e-4871-b4b4-4705a55bcc4e,C0000547,0.28483005048627213,do_not_contact,0.4,20260921T000216Z,2026-09-21T00:02:18.663389+00:00,650
e3efab32-9cad-43f9-8251-cb3f5f0b6683,C0001569,0.28450900834391585,do_not_contact,0.4,20260921T000216Z,2026-09-21T00:02:18.663389+00:00,651
880050b4-9b10-49d4-8040-b540f99ba3f6,C0002111,0.28400168749404314,do_not_contact,0.4,20260921T000216Z,2026-09-21T00:02:18.663389+00:00,652
630a40f4-3857-439f-98be-b7d409fd72c2,C0000212,0.28366619643312935,do_not_contact,0.4,20260921T000216Z,2026-09-21T00:02:18.663389+00:00,653
bd4a4ab6-f227-41c3-9fa4-7f5779b98cec,C0001085,0.2824661057600823,do_not_contact,0.4,20260921T000216Z,2026-09-21T00:02:18.663389+00:00,654
8b99229d-dffc-43de-bf59-85d73e3f3472,C0000567,0.2821604267268212,do_not_contact,0.4,20260921T000216Z,2026-09-21T00:02:18.663389+00:00,655
b977f400-0d2b-421e-93de-074a570b8c73,C0000446,0.2821530974702088,do_not_contact,0.4,20260921T000216Z,2026-09-21T00:02:18.663389+00:00,656
b48c04a4-7142-4042-b0aa-d79cc7ec7791,C0000892,0.2821404659522133,do_not_contact,0.4,20260921T000216Z,2026-09-21T00:02:18.663389+00:00,657
c3e893e3-6c1a-4343-a5e7-c97f1e073c2d,C0000848,0.28148611522873535,do_not_contact,0.4,20260921T000216Z,2026-09-21T00:02:18.663389+00:00,658
08cbafb3-d346-4ecb-9709-0eac0d3f7461,C0002073,0.2813850531345691,do_not_contact,0.4,20260921T000216Z,2026-09-21T00:02:18.663389+00:00,659
fa3054f6-fc1a-4889-84a6-2d5aee916ba1,C0002001,0.280920699089293,do_not_contact,0.4,20260921T000216Z,2026-09-21T00:02:18.663389+00:00,660
269bd0bc-c9d9-4022-a5e9-fbc1bb2eb999,C0001581,0.2800829658330023,do_not_contact,0.4,20260921T000216Z,2026-09-21T00:02:18.663389+00:00,661
04aea460-291d-4c46-b527-bdea97a42357,C0001044,0.27983529585767597,do_not_contact,0.4,20260921T000216Z,2026-09-21T00:02:18.663389+00:00,662
ef0f71c8-91d2-4d74-9d1c-94d5c608ebcc,C0000032,0.27950301038572306,do_not_contact,0.4,20260921T000216Z,2026-09-21T00:02:18.663389+00:00,663
32333de7-96d3-4e53-8150-1c0ad87beba8,C0001592,0.279110025111605,do_not_contact,0.4,20260921T000216Z,2026-09-21T00:02:18.663389+00:00,664
e8904abb-0063-4d03-b9b9-354fefdcb02e,C0002229,0.27838821815008363,do_not_contact,0.4,20260921T000216Z,2026-09-21T00:02:18.663389+00:00,665
cf08d1dd-9f4e-4a7a-b84a-380bc0b149c6,C0002944,0.2779868027603801,do_not_contact,0.4,20260921T000216Z,2026-09-21T00:02:18.663389+00:00,666
7c4cf2b4-7e9c-4d67-b199-13ed18279445,C0002129,0.2778731674785841,do_not_contact,0.4,20260921T000216Z,2026-09-21T00:02:18.663389+00:00,667
e93a84c5-3e31-47b1-b742-9bfdecea84ae,C0002265,0.27777947401788894,do_not_contact,0.4,20260921T000216Z,2026-09-21T00:02:18.663389+00:00,668
c1fe802b-2a22-4a33-9220-82e06fdc6fbe,C0000111,0.27762063773537976,do_not_contact,0.4,20260921T000216Z,2026-09-21T00:02:18.663389+00:00,669
87f22085-3c4e-450a-bd83-f3e926028c86,C0001679,0.2768896574640913,do_not_contact,0.4,20260921T000216Z,2026-09-21T00:02:18.663389+00:00,670
ab7f5eb0-e10a-4cc7-8f75-cab364275f0d,C0002135,0.2763024252065341,do_not_contact,0.4,20260921T000216Z,2026-09-21T00:02:18.663389+00:00,671
e5f7aeca-cd81-423f-a9ef-c44248bf104f,C0002517,0.2761544566928959,do_not_contact,0.4,20260921T000216Z,2026-09-21T00:02:18.663389+00:00,672
b738ef2a-ba2d-41ff-bbef-c4a031614230,C0000940,0.27613677476713694,do_not_contact,0.4,20260921T000216Z,2026-09-21T00:02:18.663389+00:00,673
1a94e312-b1b7-4f7c-a55e-0bf9b8e739d8,C0002170,0.27605309744375117,do_not_contact,0.4,20260921T000216Z,2026-09-21T00:02:18.663389+00:00,674
ffecec32-a2c2-4443-aff1-de125cee5e08,C0001889,0.2754496234152106,do_not_contact,0.4,20260921T000216Z,2026-09-21T00:02:18.663389+00:00,675
bdfd0d7c-d7d3-4ebc-8650-c4acc9f934bb,C0000840,0.2750896807108054,do_not_contact,0.4,20260921T000216Z,2026-09-21T00:02:18.663389+00:00,676
af441b89-841e-48ea-aaf4-772f88cc9600,C0002002,0.27464324001491974,do_not_contact,0.4,20260921T000216Z,2026-09-21T00:02:18.663389+00:00,677
796c660b-99e1-4120-a093-6461eae123e5,C0001414,0.2741760744481495,do_not_contact,0.4,20260921T000216Z,2026-09-21T00:02:18.663389+00:00,678
39432335-9248-4c3b-a899-492a645497d6,C0000352,0.27411013304364634,do_not_contact,0.4,20260921T000216Z,2026-09-21T00:02:18.663389+00:00,679
c72e086b-fc27-4228-862c-174cdb1e5c8d,C0002181,0.27404830314862455,do_not_contact,0.4,20260921T000216Z,2026-09-21T00:02:18.663389+00:00,680
2e311f64-c979-4b75-805f-4343026f4433,C0002171,0.27392487622273104,do_not_contact,0.4,20260921T000216Z,2026-09-21T00:02:18.663389+00:00,681
29638ac1-508f-4e65-8c19-ade5148c6aa7,C0000183,0.2737081165455424,do_not_contact,0.4,20260921T000216Z,2026-09-21T00:02:18.663389+00:00,682
147d4e4d-9673-4944-973b-cb4d18fed1b3,C0001068,0.2735577304347945,do_not_contact,0.4,20260921T000216Z,2026-09-21T00:02:18.663389+00:00,683
d1abaea4-72ed-49fe-b0e8-0dc2345b7699,C0000381,0.273465877065315,do_not_contact,0.4,20260921T000216Z,2026-09-21T00:02:18.663389+00:00,684
ec649360-4102-4ad9-b09c-b0b60af8cf4d,C0001769,0.2734645908029298,do_not_contact,0.4,20260921T000216Z,2026-09-21T00:02:18.663389+00:00,685
5326391b-eeed-42fc-87d7-4a9267dc9f8c,C0001583,0.27329973812239566,do_not_contact,0.4,20260921T000216Z,2026-09-21T00:02:18.663389+00:00,686
33a618ff-5ebb-4ba1-b351-077a344d38cb,C0002753,0.27322513184294833,do_not_contact,0.4,20260921T000216Z,2026-09-21T00:02:18.663389+00:00,687
5e7f9340-6b06-4212-b81f-798394730c2a,C0002188,0.2731646901034082,do_not_contact,0.4,20260921T000216Z,2026-09-21T00:02:18.663389+00:00,688
a01c0181-6e32-48e5-a938-bb6d2e455338,C0002105,0.2729631956740855,do_not_contact,0.4,20260921T000216Z,2026-09-21T00:02:18.663389+00:00,689
de708e02-73a8-4150-92ff-dcc710c703f1,C0001746,0.2727481229033744,do_not_contact,0.4,20260921T000216Z,2026-09-21T00:02:18.663389+00:00,690
7abcf941-5003-45a7-86aa-de4d9061e4eb,C0000191,0.2725173927728363,do_not_contact,0.4,20260921T000216Z,2026-09-21T00:02:18.663389+00:00,691
1873498f-cc19-4d4b-8f07-ea09b8ad7d38,C0001744,0.2724343759444374,do_not_contact,0.4,20260921T000216Z,2026-09-21T00:02:18.663389+00:00,692
80a4fc0e-1810-4e84-b48b-584178f1c2fa,C0002603,0.27157681818026697,do_not_contact,0.4,20260921T000216Z,2026-09-21T00:02:18.663389+00:00,693
e1597c50-c7fe-485f-b2b0-66cdadb00332,C0001153,0.27127454312024285,do_not_contact,0.4,20260921T000216Z,2026-09-21T00:02:18.663389+00:00,694
914a0c4d-ff5c-48c0-9857-3ef734635dac,C0000181,0.2712343180325517,do_not_contact,0.4,20260921T000216Z,2026-09-21T00:02:18.663389+00:00,695
64314a6c-5a17-4811-bc92-d025027f0233,C0002494,0.2712328227349153,do_not_contact,0.4,20260921T000216Z,2026-09-21T00:02:18.663389+00:00,696
7cef2530-27b4-4fd2-8c3b-f6b7a1b1eee6,C0001271,0.27055524157499516,do_not_contact,0.4,20260921T000216Z,2026-09-21T00:02:18.663389+00:00,697
157873fc-5631-412c-bdb5-fb2be9f43227,C0000317,0.2704472813126272,do_not_contact,0.4,20260921T000216Z,2026-09-21T00:02:18.663389+00:00,698
be32940d-fae6-4139-b1c7-14a6cb2be7ec,C0002902,0.2703159023097875,do_not_contact,0.4,20260921T000216Z,2026-09-21T00:02:18.663389+00:00,699
e52d85e2-7b0b-424f-8eb6-a7fb8401443f,C0001538,0.26974323382016246,do_not_contact,0.4,20260921T000216Z,2026-09-21T00:02:18.663389+00:00,700
cf9dfc4f-89b3-4765-b8f7-84fa4f875486,C0002404,0.26921625696119567,do_not_contact,0.4,20260921T000216Z,2026-09-21T00:02:18.663389+00:00,701
677cec37-4b8b-49a5-ac90-a7d72b67ffed,C0000391,0.26901565983036385,do_not_contact,0.4,20260921T000216Z,2026-09-21T00:02:18.663389+00:00,702
c0f04bd3-8ba2-4d23-83d6-2cc98d608de3,C0002020,0.2689524630182388,do_not_contact,0.4,20260921T000216Z,2026-09-21T00:02:18.663389+00:00,703
0c876ca8-5f34-40dc-921c-3757ba9cd95c,C0001327,0.2686328096556306,do_not_contact,0.4,20260921T000216Z,2026-09-21T00:02:18.663389+00:00,704
477ceb9d-9d9f-4c48-8741-3296d2370d5d,C0000855,0.2683769400690443,do_not_contact,0.4,20260921T000216Z,2026-09-21T00:02:18.663389+00:00,705
023d2d5a-6e07-4d78-9004-563bacbae663,C0000473,0.26785187073585837,do_not_contact,0.4,20260921T000216Z,2026-09-21T00:02:18.663389+00:00,706
39117cb5-d024-4453-b518-481b954b7bce,C0000626,0.26774058082430313,do_not_contact,0.4,20260921T000216Z,2026-09-21T00:02:18.663389+00:00,707
753e2367-b5f9-47e3-9055-3cb9020c8319,C0002920,0.2677392842693062,do_not_contact,0.4,20260921T000216Z,2026-09-21T00:02:18.663389+00:00,708
2236d41f-5a6b-43be-8449-45f186174ceb,C0000090,0.2676088970061461,do_not_contact,0.4,20260921T000216Z,2026-09-21T00:02:18.663389+00:00,709
c6631491-fa79-41ed-b24a-4cd9b4c6a5fc,C0001948,0.26663638710083326,do_not_contact,0.4,20260921T000216Z,2026-09-21T00:02:18.663389+00:00,710
8b97a5b3-e21d-4602-995c-7b440de6424a,C0001813,0.26654148841746267,do_not_contact,0.4,20260921T000216Z,2026-09-21T00:02:18.663389+00:00,711
2a1594e7-ddb7-428b-8135-ed86bedf27a2,C0002872,0.2663230337160028,do_not_contact,0.4,20260921T000216Z,2026-09-21T00:02:18.663389+00:00,712
f293f8a9-3fc9-473b-aab3-8aa346cf05aa,C0000976,0.26571241818913816,do_not_contact,0.4,20260921T000216Z,2026-09-21T00:02:18.663389+00:00,713
a11002d5-4e55-4708-8a31-fd2dede17e0e,C0000026,0.26563489393817546,do_not_contact,0.4,20260921T000216Z,2026-09-21T00:02:18.663389+00:00,714
70553045-66d0-433b-aecc-08d7261321a5,C0002943,0.2656251258108068,do_not_contact,0.4,20260921T000216Z,2026-09-21T00:02:18.663389+00:00,715
27fb2b6d-8995-4af9-830c-ec1ab70df16f,C0001658,0.26543999001298846,do_not_contact,0.4,20260921T000216Z,2026-09-21T00:02:18.663389+00:00,716
ef5bc717-f7d1-4ed9-bb44-1d1e10d4b631,C0001717,0.2648118840167331,do_not_contact,0.4,20260921T000216Z,2026-09-21T00:02:18.663389+00:00,717
0adc986d-d9fe-4d86-a3d6-6542e383f12f,C0002108,0.26423740850632627,do_not_contact,0.4,20260921T000216Z,2026-09-21T00:02:18.663389+00:00,718
3fc9704e-c017-40a4-87ce-07420dd07e99,C0002936,0.2636590107224242,do_not_contact,0.4,20260921T000216Z,2026-09-21T00:02:18.663389+00:00,719
78361905-b3dd-4a28-a6d7-ad1efc762e5e,C0000982,0.2627381243479417,do_not_contact,0.4,20260921T000216Z,2026-09-21T00:02:18.663389+00:00,720
bb7fa4a6-3621-42c8-8651-3853b9a20bda,C0000696,0.2626861855564762,do_not_contact,0.4,20260921T000216Z,2026-09-21T00:02:18.663389+00:00,721
b83603b8-97c9-4120-ae45-81fce1e5406a,C0000834,0.262303881774382,do_not_contact,0.4,20260921T000216Z,2026-09-21T00:02:18.663389+00:00,722
521ca13a-86c7-4d60-818c-62da7c946262,C0002414,0.2622380599813235,do_not_contact,0.4,20260921T000216Z,2026-09-21T00:02:18.663389+00:00,723
c50b10e8-1773-420a-8781-c4b9e0a9b7cb,C0002518,0.2622209900275222,do_not_contact,0.4,20260921T000216Z,2026-09-21T00:02:18.663389+00:00,724
5ac0a5f4-0eb1-4f1e-be8c-4f43608d46ea,C0001618,0.26207115696976535,do_not_contact,0.4,20260921T000216Z,2026-09-21T00:02:18.663389+00:00,725
0310eee0-17cb-45c1-9c5c-c160042f5de3,C0000793,0.2620095969340692,do_not_contact,0.4,20260921T000216Z,2026-09-21T00:02:18.663389+00:00,726
9aceba67-7ce8-4327-98b3-f41fe0c29d11,C0001791,0.2613837963091722,do_not_contact,0.4,20260921T000216Z,2026-09-21T00:02:18.663389+00:00,727
0a9afc71-6ad8-4b9f-8fad-c3952087b770,C0001466,0.26085387109577063,do_not_contact,0.4,20260921T000216Z,2026-09-21T00:02:18.663389+00:00,728
b1c24685-ee8f-4db7-b0c8-01b9b0a12982,C0001249,0.2606570581620578,do_not_contact,0.4,20260921T000216Z,2026-09-21T00:02:18.663389+00:00,729
ef489bd1-224c-4146-b134-3b9e8d87a824,C0000873,0.2604147248875039,do_not_contact,0.4,20260921T000216Z,2026-09-21T00:02:18.663389+00:00,730
05941a93-cfb9-4899-9290-502035e1bd27,C0002888,0.260336816210431,do_not_contact,0.4,20260921T000216Z,2026-09-21T00:02:18.663389+00:00,731
593d17ce-7389-495b-93fc-a42e8eadf585,C0000258,0.2598467119879995,do_not_contact,0.4,20260921T000216Z,2026-09-21T00:02:18.663389+00:00,732
28bd1285-5d45-40ee-ae08-99921278dff6,C0000105,0.2588484601439951,do_not_contact,0.4,20260921T000216Z,2026-09-21T00:02:18.663389+00:00,733
4dd54f71-8132-442c-a703-84ba18da275f,C0000290,0.2584010560033644,do_not_contact,0.4,20260921T000216Z,2026-09-21T00:02:18.663389+00:00,734
7c5c10d0-1e9f-4dc2-b5a7-2a4589d73897,C0002526,0.25812948631257715,do_not_contact,0.4,20260921T000216Z,2026-09-21T00:02:18.663389+00:00,735
922c86a7-fa39-4258-a869-09c8edff094f,C0002806,0.25797652008735733,do_not_contact,0.4,20260921T000216Z,2026-09-21T00:02:18.663389+00:00,736
91155a09-d8b1-484b-8539-029e49269327,C0002411,0.2578994820399747,do_not_contact,0.4,20260921T000216Z,2026-09-21T00:02:18.663389+00:00,737
da841368-a764-4675-ad70-13a920680efd,C0002945,0.2576867907111897,do_not_contact,0.4,20260921T000216Z,2026-09-21T00:02:18.663389+00:00,738
5abf15f5-2d66-43c0-9e74-4134795b02be,C0002955,0.25759779202993716,do_not_contact,0.4,20260921T000216Z,2026-09-21T00:02:18.663389+00:00,739
393d8fa2-6f48-4502-b0d4-6cedf9987bda,C0002522,0.25740952272636153,do_not_contact,0.4,20260921T000216Z,2026-09-21T00:02:18.663389+00:00,740
0592895c-f300-45da-80b1-fcaa5cab5e6e,C0000458,0.25733611695161174,do_not_contact,0.4,20260921T000216Z,2026-09-21T00:02:18.663389+00:00,741
393f9269-7e56-4c15-8bdc-f32a04cd5888,C0002576,0.2572079338517485,do_not_contact,0.4,20260921T000216Z,2026-09-21T00:02:18.663389+00:00,742
11cfcb43-72c2-4051-9935-e1f52a59d4f7,C0001580,0.2571413676147,do_not_contact,0.4,20260921T000216Z,2026-09-21T00:02:18.663389+00:00,743
650a61ea-288a-4a27-804c-6fc9aba7d841,C0002746,0.2571017163555612,do_not_contact,0.4,20260921T000216Z,2026-09-21T00:02:18.663389+00:00,744
18bcb1e5-bfd1-44cb-92da-ebdfabacab6c,C0001525,0.2570993051283284,do_not_contact,0.4,20260921T000216Z,2026-09-21T00:02:18.663389+00:00,745
34d4aa48-1878-4991-b81d-e86b6d3747bb,C0001909,0.2570691027812485,do_not_contact,0.4,20260921T000216Z,2026-09-21T00:02:18.663389+00:00,746
2d240e9f-70f6-4c07-b61d-de5d8074e184,C0002243,0.25673650506131857,do_not_contact,0.4,20260921T000216Z,2026-09-21T00:02:18.663389+00:00,747
ee112cc9-59e5-4e1a-9e31-f745122fc3bf,C0001647,0.25672623567904596,do_not_contact,0.4,20260921T000216Z,2026-09-21T00:02:18.663389+00:00,748
e07e9076-34e2-43f9-bd63-c2efc37b7c1e,C0000205,0.2556853084044901,do_not_contact,0.4,20260921T000216Z,2026-09-21T00:02:18.663389+00:00,749
f2e0eb47-a431-4dc6-8164-415a9007a7de,C0002050,0.2556639163618055,do_not_contact,0.4,20260921T000216Z,2026-09-21T00:02:18.663389+00:00,750
e9acc5a9-6cf3-4562-9777-f21f378043db,C0001213,0.255544330568141,do_not_contact,0.4,20260921T000216Z,2026-09-21T00:02:18.663389+00:00,751
d104c188-7bb5-436e-aeda-019580a0cd1f,C0000450,0.25543518395982034,do_not_contact,0.4,20260921T000216Z,2026-09-21T00:02:18.663389+00:00,752
fccec05a-b119-4bd1-a279-5feec6aa641b,C0001670,0.2553923732259049,do_not_contact,0.4,20260921T000216Z,2026-09-21T00:02:18.663389+00:00,753
f623c160-0f7f-47b3-94b2-8b06c02c68db,C0000142,0.2545906854036456,do_not_contact,0.4,20260921T000216Z,2026-09-21T00:02:18.663389+00:00,754
b75177a3-9b09-4879-801c-e06926fb5ac2,C0000003,0.2544580324209522,do_not_contact,0.4,20260921T000216Z,2026-09-21T00:02:18.663389+00:00,755
8d0738ca-00af-4911-8520-06f9ebba0caa,C0002288,0.2544510101959788,do_not_contact,0.4,20260921T000216Z,2026-09-21T00:02:18.663389+00:00,756
94d493d1-d66b-4490-833b-50bcc215f13a,C0001456,0.2544112352882912,do_not_contact,0.4,20260921T000216Z,2026-09-21T00:02:18.663389+00:00,757
d52d0925-9a70-497c-9ef2-16f4926a7ee7,C0002427,0.2540351878832709,do_not_contact,0.4,20260921T000216Z,2026-09-21T00:02:18.663389+00:00,758
a36bb2cb-6f5c-4b90-9254-c2c64b0eedd5,C0000440,0.25368773792451527,do_not_contact,0.4,20260921T000216Z,2026-09-21T00:02:18.663389+00:00,759
0fffc5e0-8046-4113-949d-74b6818e06ff,C0000661,0.25332605719489104,do_not_contact,0.4,20260921T000216Z,2026-09-21T00:02:18.663389+00:00,760
c3bf3463-a515-4815-b409-e7d17fe87f4f,C0002947,0.25317938885393504,do_not_contact,0.4,20260921T000216Z,2026-09-21T00:02:18.663389+00:00,761
13733692-cfdc-41a8-b062-a3ff81faa107,C0000036,0.2530359222052356,do_not_contact,0.4,20260921T000216Z,2026-09-21T00:02:18.663389+00:00,762
cadd51ea-84e5-4a30-bdf9-c68a543cb224,C0001461,0.2528029843904951,do_not_contact,0.4,20260921T000216Z,2026-09-21T00:02:18.663389+00:00,763
daeb9849-4df0-4591-bcbf-29d7a0314f01,C0001163,0.2527611213248627,do_not_contact,0.4,20260921T000216Z,2026-09-21T00:02:18.663389+00:00,764
fde212db-b6e3-4e44-9e8b-66927614a98b,C0002343,0.2525324984785272,do_not_contact,0.4,20260921T000216Z,2026-09-21T00:02:18.663389+00:00,765
1ca565f0-723b-44b0-96db-e10d813750c5,C0002630,0.2524969276167758,do_not_contact,0.4,20260921T000216Z,2026-09-21T00:02:18.663389+00:00,766
b6dc7e72-0fd2-4f3a-9fb6-925a67786f15,C0002241,0.2518813956992817,do_not_contact,0.4,20260921T000216Z,2026-09-21T00:02:18.663389+00:00,767
5a584a70-1db5-4d4f-af5a-a303e114e89d,C0000769,0.2514859676007077,do_not_contact,0.4,20260921T000216Z,2026-09-21T00:02:18.663389+00:00,768
01dae91a-d032-4000-a402-747f4f63123e,C0002466,0.2510195612089667,do_not_contact,0.4,20260921T000216Z,2026-09-21T00:02:18.663389+00:00,769
d622cb14-1902-4927-8b79-514c25fcd3d8,C0000435,0.2505868861608789,do_not_contact,0.4,20260921T000216Z,2026-09-21T00:02:18.663389+00:00,770
d17f9a75-98e9-42cc-9224-56cfb7d0ce8a,C0000588,0.25013288032290654,do_not_contact,0.4,20260921T000216Z,2026-09-21T00:02:18.663389+00:00,771
dc615b3a-74bb-4ec4-9642-5592dd8e5b5f,C0001316,0.25000714440569866,do_not_contact,0.4,20260921T000216Z,2026-09-21T00:02:18.663389+00:00,772
08f4ee8c-35c3-4c66-8fcf-2be754f7aa12,C0001616,0.24989690088403801,do_not_contact,0.4,20260921T000216Z,2026-09-21T00:02:18.663389+00:00,773
cab5108e-96be-48f7-8212-d9ad54b246e1,C0001807,0.24957089075658087,do_not_contact,0.4,20260921T000216Z,2026-09-21T00:02:18.663389+00:00,774
a9b9686c-8516-4eb4-8491-aceab198aa9e,C0001155,0.2494519804693968,do_not_contact,0.4,20260921T000216Z,2026-09-21T00:02:18.663389+00:00,775
3ca9d353-6e4a-4561-8857-21035d33059c,C0001742,0.2493457702754738,do_not_contact,0.4,20260921T000216Z,2026-09-21T00:02:18.663389+00:00,776
8d7484c0-8406-4ef5-9a96-6de09401c1f2,C0001434,0.24926120607442268,do_not_contact,0.4,20260921T000216Z,2026-09-21T00:02:18.663389+00:00,777
a900770d-2eb8-4131-9419-d41fb3b51ee4,C0001985,0.24924536400064043,do_not_contact,0.4,20260921T000216Z,2026-09-21T00:02:18.663389+00:00,778
18c83c24-9dd9-40dd-937a-af713f3fa462,C0001484,0.24921746351971852,do_not_contact,0.4,20260921T000216Z,2026-09-21T00:02:18.663389+00:00,779
b3446e8e-d548-418f-91d3-d09194443055,C0000286,0.24900959738844025,do_not_contact,0.4,20260921T000216Z,2026-09-21T00:02:18.663389+00:00,780
b3eb087d-be2c-4241-bf2e-799befe1733e,C0002723,0.24864910714115607,do_not_contact,0.4,20260921T000216Z,2026-09-21T00:02:18.663389+00:00,781
f232c001-b02e-4f66-aaf6-f8e0412941a9,C0000702,0.24827737899008975,do_not_contact,0.4,20260921T000216Z,2026-09-21T00:02:18.663389+00:00,782
c2c289ca-8f45-4593-9718-32ecfa963b03,C0000559,0.2481333418302588,do_not_contact,0.4,20260921T000216Z,2026-09-21T00:02:18.663389+00:00,783
296252a5-e7c8-4f2c-9d35-29569b4243dd,C0001699,0.2480942991102711,do_not_contact,0.4,20260921T000216Z,2026-09-21T00:02:18.663389+00:00,784
ecfaca94-87b5-41ae-ad12-d60777c56b77,C0000298,0.24809050918713196,do_not_contact,0.4,20260921T000216Z,2026-09-21T00:02:18.663389+00:00,785
587153b8-3e36-42ec-9f5e-f92e9cf905f3,C0001438,0.2479896149582747,do_not_contact,0.4,20260921T000216Z,2026-09-21T00:02:18.663389+00:00,786
aaef4b29-3ce8-4457-bd51-1c3881d024b4,C0002468,0.24797613679431332,do_not_contact,0.4,20260921T000216Z,2026-09-21T00:02:18.663389+00:00,787
83b67999-b4f6-4ee5-bb5c-ac334add351a,C0001862,0.24780416452842383,do_not_contact,0.4,20260921T000216Z,2026-09-21T00:02:18.663389+00:00,788
df3cbee1-7525-443f-9ca9-6c857efa564f,C0001794,0.24736083002483022,do_not_contact,0.4,20260921T000216Z,2026-09-21T00:02:18.663389+00:00,789
49c24b90-3ccb-440c-8286-fbc1fa44481c,C0002403,0.24721194673416005,do_not_contact,0.4,20260921T000216Z,2026-09-21T00:02:18.663389+00:00,790
36b0a940-13f4-41cf-913a-8c00f8f7eb79,C0000599,0.24719183363315836,do_not_contact,0.4,20260921T000216Z,2026-09-21T00:02:18.663389+00:00,791
a39af09b-a1b5-48a0-8c98-8cfd349bb486,C0000833,0.24710720214529308,do_not_contact,0.4,20260921T000216Z,2026-09-21T00:02:18.663389+00:00,792
a6912dff-47c3-485f-889f-6f71608460e6,C0000804,0.24710177690817609,do_not_contact,0.4,20260921T000216Z,2026-09-21T00:02:18.663389+00:00,793
dd379dcb-1cf3-4cf8-8878-8f233ee74145,C0002968,0.24658143148780245,do_not_contact,0.4,20260921T000216Z,2026-09-21T00:02:18.663389+00:00,794
ee53ece8-fa7a-4a42-b1a8-16e801970264,C0002701,0.2460898023308985,do_not_contact,0.4,20260921T000216Z,2026-09-21T00:02:18.663389+00:00,795
25800750-e2ed-4584-87f5-e5c2aada922f,C0000609,0.24595263863611355,do_not_contact,0.4,20260921T000216Z,2026-09-21T00:02:18.663389+00:00,796
6e40457c-b85f-4f11-b582-87009e1b8948,C0002012,0.24551199976317398,do_not_contact,0.4,20260921T000216Z,2026-09-21T00:02:18.663389+00:00,797
2c6a01a2-7e4e-456a-a693-95762db62f87,C0000920,0.245430516729862,do_not_contact,0.4,20260921T000216Z,2026-09-21T00:02:18.663389+00:00,798
499fd608-ec24-47de-849d-328243e6f410,C0001349,0.2452545202653068,do_not_contact,0.4,20260921T000216Z,2026-09-21T00:02:18.663389+00:00,799
321178e6-9b88-4a63-b241-6ae1aa6ae8c1,C0001885,0.24517032479039344,do_not_contact,0.4,20260921T000216Z,2026-09-21T00:02:18.663389+00:00,800
a9a4d0da-da05-41cf-a0c2-9a52f6f07085,C0002821,0.24510005503281357,do_not_contact,0.4,20260921T000216Z,2026-09-21T00:02:18.663389+00:00,801
3b5a196e-1a3e-4e87-9a5d-3e5b44c7b646,C0002199,0.24485314144838186,do_not_contact,0.4,20260921T000216Z,2026-09-21T00:02:18.663389+00:00,802
ef631dde-b02d-4d44-a3d6-9b751d86c583,C0002238,0.2448001172943148,do_not_contact,0.4,20260921T000216Z,2026-09-21T00:02:18.663389+00:00,803
52c4cf23-be0a-447c-a879-d99df8810ab3,C0000499,0.244027694210877,do_not_contact,0.4,20260921T000216Z,2026-09-21T00:02:18.663389+00:00,804
c5914dee-2a85-4326-b251-1db27b2d5126,C0001512,0.24344587538887671,do_not_contact,0.4,20260921T000216Z,2026-09-21T00:02:18.663389+00:00,805
d77b4d8f-1f40-4a58-90dd-32cf8783f6bf,C0000988,0.2434123283920029,do_not_contact,0.4,20260921T000216Z,2026-09-21T00:02:18.663389+00:00,806
1e0f2875-8b2e-417d-9822-0f9d7fb35151,C0001325,0.24323927956675045,do_not_contact,0.4,20260921T000216Z,2026-09-21T00:02:18.663389+00:00,807
fb70ba18-b471-4df9-94f6-bade21d811bc,C0000469,0.24308041727985,do_not_contact,0.4,20260921T000216Z,2026-09-21T00:02:18.663389+00:00,808
3e01b9ff-b04a-46b0-8872-621e5ace477b,C0000777,0.24278500026910121,do_not_contact,0.4,20260921T000216Z,2026-09-21T00:02:18.663389+00:00,809
91b2e678-e3d4-414b-930e-d18fcb8c8271,C0002528,0.2426627618605923,do_not_contact,0.4,20260921T000216Z,2026-09-21T00:02:18.663389+00:00,810
f7312171-0bc3-4b4b-ad1b-0994297c2930,C0001045,0.2419767567917284,do_not_contact,0.4,20260921T000216Z,2026-09-21T00:02:18.663389+00:00,811
a4757428-65db-4cc6-b1ca-af55030e0146,C0000422,0.2415653357511683,do_not_contact,0.4,20260921T000216Z,2026-09-21T00:02:18.663389+00:00,812
807cd379-5468-4da1-96b5-861f151671b1,C0002107,0.24124765773524356,do_not_contact,0.4,20260921T000216Z,2026-09-21T00:02:18.663389+00:00,813
e253fdf8-280b-4245-9dd2-e2340a1a623d,C0001551,0.24121845260183913,do_not_contact,0.4,20260921T000216Z,2026-09-21T00:02:18.663389+00:00,814
af778f90-a0b3-4d17-bd30-de085005fb70,C0000119,0.2411248276351956,do_not_contact,0.4,20260921T000216Z,2026-09-21T00:02:18.663389+00:00,815
03538a82-08dd-45c3-b121-0e6b6ddec2e1,C0002705,0.24104579488741074,do_not_contact,0.4,20260921T000216Z,2026-09-21T00:02:18.663389+00:00,816
848a9bc9-6c77-4f0d-ad59-dc8138b5f0c9,C0002476,0.24094853879329314,do_not_contact,0.4,20260921T000216Z,2026-09-21T00:02:18.663389+00:00,817
eea4977c-f907-462d-b45d-326c5f684856,C0001562,0.24050014230006098,do_not_contact,0.4,20260921T000216Z,2026-09-21T00:02:18.663389+00:00,818
291a72ae-e478-4d47-b786-4d483e1c5b1c,C0002636,0.24022695350464165,do_not_contact,0.4,20260921T000216Z,2026-09-21T00:02:18.663389+00:00,819
5b747f59-0d1f-4e71-9282-f48cb1ee3159,C0000050,0.24019125669303817,do_not_contact,0.4,20260921T000216Z,2026-09-21T00:02:18.663389+00:00,820
70f7154b-f5f4-4594-9576-1b63aaeeca16,C0002408,0.24010519979818534,do_not_contact,0.4,20260921T000216Z,2026-09-21T00:02:18.663389+00:00,821
4b3ae846-4560-46a6-8d6e-5cc38056d16a,C0002912,0.23986341490118068,do_not_contact,0.4,20260921T000216Z,2026-09-21T00:02:18.663389+00:00,822
e5496aad-28ab-4be2-9f19-eec405d213b5,C0000460,0.23949588403307584,do_not_contact,0.4,20260921T000216Z,2026-09-21T00:02:18.663389+00:00,823
fd4db9fb-335e-422a-bc26-f6be7eeec701,C0002264,0.2390658295169838,do_not_contact,0.4,20260921T000216Z,2026-09-21T00:02:18.663389+00:00,824
8b0edcb4-63aa-483b-83cd-26be43cf32eb,C0000019,0.23904160523527224,do_not_contact,0.4,20260921T000216Z,2026-09-21T00:02:18.663389+00:00,825
3fe13c11-ab21-4fd7-bdc5-61aebb3aa277,C0002571,0.23903740365475531,do_not_contact,0.4,20260921T000216Z,2026-09-21T00:02:18.663389+00:00,826
71e81678-e3f4-4587-a973-ecba73347a96,C0000329,0.23897052636826968,do_not_contact,0.4,20260921T000216Z,2026-09-21T00:02:18.663389+00:00,827
a3921844-c1c5-4a20-a925-65dc394c0af5,C0001903,0.238820777453517,do_not_contact,0.4,20260921T000216Z,2026-09-21T00:02:18.663389+00:00,828
ec3d68d2-4695-49df-83fa-59a48b731148,C0002769,0.23841013869926858,do_not_contact,0.4,20260921T000216Z,2026-09-21T00:02:18.663389+00:00,829
3c466c3c-6165-465e-9252-adeabc29562f,C0002974,0.23827318157513086,do_not_contact,0.4,20260921T000216Z,2026-09-21T00:02:18.663389+00:00,830
dfe27a25-3fb8-4675-9ea3-765cff425a55,C0001323,0.23820128502718355,do_not_contact,0.4,20260921T000216Z,2026-09-21T00:02:18.663389+00:00,831
43c43f83-250a-4417-ba53-470888b3f413,C0000646,0.23778410039836764,do_not_contact,0.4,20260921T000216Z,2026-09-21T00:02:18.663389+00:00,832
601fa75c-ea4e-4ff0-b6a9-3df1b905b142,C0002863,0.237404557696761,do_not_contact,0.4,20260921T000216Z,2026-09-21T00:02:18.663389+00:00,833
3d5c0a24-d631-4fa9-8e27-c2919e0d4d4d,C0002151,0.2373666721126546,do_not_contact,0.4,20260921T000216Z,2026-09-21T00:02:18.663389+00:00,834
0670a51a-72dc-44d5-a6f3-de73068ec012,C0001776,0.23722658901774896,do_not_contact,0.4,20260921T000216Z,2026-09-21T00:02:18.663389+00:00,835
36a81fd6-fccc-4a6b-85de-63485383f1c9,C0002880,0.23716845590253988,do_not_contact,0.4,20260921T000216Z,2026-09-21T00:02:18.663389+00:00,836
ee3d7387-7640-4f74-9890-75ac17204af6,C0001645,0.23707394177363184,do_not_contact,0.4,20260921T000216Z,2026-09-21T00:02:18.663389+00:00,837
96ec3fa2-4e3e-4f5a-8ea4-1111aac20c8d,C0000343,0.23678783832897407,do_not_contact,0.4,20260921T000216Z,2026-09-21T00:02:18.663389+00:00,838
8571abb2-b0a6-427c-ba2f-ab3dcdfb7910,C0002401,0.23653524785848346,do_not_contact,0.4,20260921T000216Z,2026-09-21T00:02:18.663389+00:00,839
9303027a-1901-458d-983b-cb403506c298,C0000979,0.23625665446743319,do_not_contact,0.4,20260921T000216Z,2026-09-21T00:02:18.663389+00:00,840
e1e1a678-88bb-4996-864f-6b6c7e19e257,C0002634,0.23624847864176954,do_not_contact,0.4,20260921T000216Z,2026-09-21T00:02:18.663389+00:00,841
6fa4c789-dc25-4350-8496-34ef14df9ea6,C0000157,0.2358278691982089,do_not_contact,0.4,20260921T000216Z,2026-09-21T00:02:18.663389+00:00,842
795c2e37-dbc6-4a2f-9602-b0e052c0efd5,C0001380,0.23565816240505794,do_not_contact,0.4,20260921T000216Z,2026-09-21T00:02:18.663389+00:00,843
88016c18-611d-4e94-b602-0c90ecbf86d0,C0001841,0.23562625870564677,do_not_contact,0.4,20260921T000216Z,2026-09-21T00:02:18.663389+00:00,844
c8f53a01-161c-4bf2-b995-5893fec1596d,C0002670,0.23514810371508688,do_not_contact,0.4,20260921T000216Z,2026-09-21T00:02:18.663389+00:00,845
a61b4150-f529-4e66-91a6-cdd8aa661ddb,C0002751,0.23507487364094498,do_not_contact,0.4,20260921T000216Z,2026-09-21T00:02:18.663389+00:00,846
7c8f1d9d-b9a4-411a-be84-e2bd724b8be3,C0001997,0.23502255668212046,do_not_contact,0.4,20260921T000216Z,2026-09-21T00:02:18.663389+00:00,847
b8903189-69ed-4116-80ad-02f666ce2971,C0002460,0.2349669051925893,do_not_contact,0.4,20260921T000216Z,2026-09-21T00:02:18.663389+00:00,848
e505040e-169b-4006-88f4-61f120c4722a,C0002347,0.23451681913005185,do_not_contact,0.4,20260921T000216Z,2026-09-21T00:02:18.663389+00:00,849
f6d63e6c-6c39-46e4-815b-acbf34b5af07,C0001182,0.23450202310450163,do_not_contact,0.4,20260921T000216Z,2026-09-21T00:02:18.663389+00:00,850
2c14a906-b99a-4fb8-ae08-fea712f3dc46,C0000665,0.2343929886351591,do_not_contact,0.4,20260921T000216Z,2026-09-21T00:02:18.663389+00:00,851
e26a8f83-8cf0-4ef6-b2f3-7b583228e2fa,C0002714,0.23425214042700723,do_not_contact,0.4,20260921T000216Z,2026-09-21T00:02:18.663389+00:00,852
fadcb0a5-412e-4029-8cda-01ad276c91c2,C0000755,0.23393773193534945,do_not_contact,0.4,20260921T000216Z,2026-09-21T00:02:18.663389+00:00,853
67fcf97f-dcd9-4419-881d-40f203db05eb,C0002168,0.2335135172343598,do_not_contact,0.4,20260921T000216Z,2026-09-21T00:02:18.663389+00:00,854
e9f54074-cd22-45ec-b37c-0873d7adf5f0,C0000145,0.23331398305969123,do_not_contact,0.4,20260921T000216Z,2026-09-21T00:02:18.663389+00:00,855
55fd71ca-338f-48b8-b488-871ef5f258bf,C0002523,0.23294589968831972,do_not_contact,0.4,20260921T000216Z,2026-09-21T00:02:18.663389+00:00,856
cbc1b469-f296-469d-a4d2-53057a59c1d5,C0001917,0.23287334134167423,do_not_contact,0.4,20260921T000216Z,2026-09-21T00:02:18.663389+00:00,857
b99e4c9f-2aeb-4b48-a9f9-ff4af783d0b7,C0002558,0.2321434228694862,do_not_contact,0.4,20260921T000216Z,2026-09-21T00:02:18.663389+00:00,858
94ddd6b2-8df5-4df5-9546-d7f22630e468,C0001649,0.23177759380108331,do_not_contact,0.4,20260921T000216Z,2026-09-21T00:02:18.663389+00:00,859
4f586d20-8dd5-484d-9512-81b664a451a4,C0001513,0.23151136912792125,do_not_contact,0.4,20260921T000216Z,2026-09-21T00:02:18.663389+00:00,860
c97f1495-2026-46d8-a2f8-33a35036e795,C0000330,0.23148091555334796,do_not_contact,0.4,20260921T000216Z,2026-09-21T00:02:18.663389+00:00,861
a33d09e8-e219-4425-a0a8-68480be96471,C0000901,0.23139016068920987,do_not_contact,0.4,20260921T000216Z,2026-09-21T00:02:18.663389+00:00,862
895168d8-8f82-43e9-9e8b-9ea13ab5da1d,C0001411,0.2311230555286254,do_not_contact,0.4,20260921T000216Z,2026-09-21T00:02:18.663389+00:00,863
df2fa795-43a1-4ab3-9a2a-f4a0c7f84865,C0000557,0.23100883465182365,do_not_contact,0.4,20260921T000216Z,2026-09-21T00:02:18.663389+00:00,864
e8c3ca10-aedb-4746-a6f7-4ff3ee15be2b,C0002006,0.23055583541894817,do_not_contact,0.4,20260921T000216Z,2026-09-21T00:02:18.663389+00:00,865
972a2756-2bd2-414e-9a0f-095cf0d05754,C0001706,0.2305268995284544,do_not_contact,0.4,20260921T000216Z,2026-09-21T00:02:18.663389+00:00,866
a2262e0e-f8a5-4cf2-9555-1006928cbed9,C0001167,0.2302744810437926,do_not_contact,0.4,20260921T000216Z,2026-09-21T00:02:18.663389+00:00,867
308135a4-2a3c-4256-9152-175cd1905070,C0002927,0.2302040608095113,do_not_contact,0.4,20260921T000216Z,2026-09-21T00:02:18.663389+00:00,868
5f174d00-438b-42bc-98d0-e7ea33b415ee,C0002704,0.22931856482558494,do_not_contact,0.4,20260921T000216Z,2026-09-21T00:02:18.663389+00:00,869
4a9c9e72-4165-4a92-b293-14fcf3b12f82,C0002696,0.2292267076342762,do_not_contact,0.4,20260921T000216Z,2026-09-21T00:02:18.663389+00:00,870
d550e5b9-aa5d-448f-bd01-48c7599ad17c,C0002061,0.22907647514488652,do_not_contact,0.4,20260921T000216Z,2026-09-21T00:02:18.663389+00:00,871
fd27245e-cd8b-4773-ae1c-ac5f08c10ffa,C0000322,0.22897476287959642,do_not_contact,0.4,20260921T000216Z,2026-09-21T00:02:18.663389+00:00,872
8b66fd94-fc45-476b-aa3c-efa9d72f6888,C0002432,0.2287061205033863,do_not_contact,0.4,20260921T000216Z,2026-09-21T00:02:18.663389+00:00,873
c264f6ac-1f54-4058-ad34-5dad13136f4b,C0000306,0.2286694565636781,do_not_contact,0.4,20260921T000216Z,2026-09-21T00:02:18.663389+00:00,874
8a831d39-5c04-42e8-8b18-be1e5c9d1533,C0000316,0.22853627054084805,do_not_contact,0.4,20260921T000216Z,2026-09-21T00:02:18.663389+00:00,875
575b1a27-580d-4e6f-9f52-ac60f996acb7,C0000480,0.22843941069259988,do_not_contact,0.4,20260921T000216Z,2026-09-21T00:02:18.663389+00:00,876
faaceb6a-2e7f-4ae7-9a72-6ad9b2467dd5,C0002172,0.22843402510460473,do_not_contact,0.4,20260921T000216Z,2026-09-21T00:02:18.663389+00:00,877
f13b1f79-a935-4ef2-8e2b-0f56c3d32a5d,C0002883,0.22813695737432083,do_not_contact,0.4,20260921T000216Z,2026-09-21T00:02:18.663389+00:00,878
8d86768d-de4b-433d-93e2-2658ddb8c0c8,C0002163,0.22800898090352567,do_not_contact,0.4,20260921T000216Z,2026-09-21T00:02:18.663389+00:00,879
a50c4dbf-b3d8-4646-bc58-499dcfcc778b,C0002498,0.22791636220213685,do_not_contact,0.4,20260921T000216Z,2026-09-21T00:02:18.663389+00:00,880
ea178813-8c64-46f0-b470-59ff7b814ab2,C0000900,0.2279009576912054,do_not_contact,0.4,20260921T000216Z,2026-09-21T00:02:18.663389+00:00,881
b8f6f584-d6d5-4077-a135-edb72ed646c7,C0001052,0.22776722329873633,do_not_contact,0.4,20260921T000216Z,2026-09-21T00:02:18.663389+00:00,882
aa6fc08d-b1bc-41d0-99d9-22cacb82efee,C0001754,0.2277037011697918,do_not_contact,0.4,20260921T000216Z,2026-09-21T00:02:18.663389+00:00,883
91e6c7c4-10a7-4dc6-80c1-87f8fafc4dd8,C0001416,0.2274295137767516,do_not_contact,0.4,20260921T000216Z,2026-09-21T00:02:18.663389+00:00,884
7c0bde4a-f292-4971-bfad-9ea5c9a5df44,C0002879,0.22739188325660115,do_not_contact,0.4,20260921T000216Z,2026-09-21T00:02:18.663389+00:00,885
59977031-176b-4544-8135-86821ed28e9a,C0000470,0.22727015848227392,do_not_contact,0.4,20260921T000216Z,2026-09-21T00:02:18.663389+00:00,886
e68b02ff-6b84-40bc-9552-702eba57773f,C0000515,0.22700650457334165,do_not_contact,0.4,20260921T000216Z,2026-09-21T00:02:18.663389+00:00,887
9bb0b5f6-6040-49e7-9ddf-f4dc98d9a5b4,C0000919,0.22669352489775393,do_not_contact,0.4,20260921T000216Z,2026-09-21T00:02:18.663389+00:00,888
3b65de9d-3545-46aa-ad0b-2432aa1a2b8d,C0001135,0.22569384838794154,do_not_contact,0.4,20260921T000216Z,2026-09-21T00:02:18.663389+00:00,889
abee298f-eb11-407e-a0ed-8a4d03ac9aa6,C0001891,0.22515311033070767,do_not_contact,0.4,20260921T000216Z,2026-09-21T00:02:18.663389+00:00,890
e2383b7e-f126-4aa9-ae5b-24013af69c67,C0001978,0.22497661231140748,do_not_contact,0.4,20260921T000216Z,2026-09-21T00:02:18.663389+00:00,891
ac0c646c-6b0f-4819-9d4d-f85270676856,C0001685,0.2249223308404524,do_not_contact,0.4,20260921T000216Z,2026-09-21T00:02:18.663389+00:00,892
4c828535-4d65-4060-aec2-15e77c0d1238,C0001334,0.22481463120848375,do_not_contact,0.4,20260921T000216Z,2026-09-21T00:02:18.663389+00:00,893
febc51f6-47bf-4bcd-85c1-ae55f0cfed22,C0001695,0.2247412489267198,do_not_contact,0.4,20260921T000216Z,2026-09-21T00:02:18.663389+00:00,894
41693d99-29f6-4403-bf7b-99808f7872c1,C0001329,0.22458169894889815,do_not_contact,0.4,20260921T000216Z,2026-09-21T00:02:18.663389+00:00,895
1322fa46-5a43-4499-b987-5fed001eb468,C0001819,0.2244013143417043,do_not_contact,0.4,20260921T000216Z,2026-09-21T00:02:18.663389+00:00,896
ef950ee9-9993-40e8-bc69-4a85d6fcaa04,C0002407,0.22429782980456692,do_not_contact,0.4,20260921T000216Z,2026-09-21T00:02:18.663389+00:00,897
7836d4fb-51cb-4110-91d7-754970e05d8d,C0002385,0.22383765275879436,do_not_contact,0.4,20260921T000216Z,2026-09-21T00:02:18.663389+00:00,898
5a11df64-d927-4561-b1ba-1fc950b9ec33,C0001077,0.2237040996294019,do_not_contact,0.4,20260921T000216Z,2026-09-21T00:02:18.663389+00:00,899
420b9cd4-8356-42f0-bd5b-1bcb94811203,C0001250,0.22323635863170802,do_not_contact,0.4,20260921T000216Z,2026-09-21T00:02:18.663389+00:00,900
4e115ebb-1238-4779-97ba-a4a403d366b6,C0000011,0.22317251950949588,do_not_contact,0.4,20260921T000216Z,2026-09-21T00:02:18.663389+00:00,901
d08743dc-ab25-4477-a408-88a969cb0c2b,C0000786,0.22311316399956205,do_not_contact,0.4,20260921T000216Z,2026-09-21T00:02:18.663389+00:00,902
97aeb186-9d58-40e7-b7d5-d4ee188a57ff,C0001946,0.22301483037283149,do_not_contact,0.4,20260921T000216Z,2026-09-21T00:02:18.663389+00:00,903
682758cd-c613-4ab2-9a1e-8c85d8d333e7,C0000297,0.22276611892449785,do_not_contact,0.4,20260921T000216Z,2026-09-21T00:02:18.663389+00:00,904
eb34e1c3-7d88-4d9b-ab45-c37af3c4ca29,C0001661,0.22255471051881637,do_not_contact,0.4,20260921T000216Z,2026-09-21T00:02:18.663389+00:00,905
42eac127-280e-4df8-8a77-2218782928ee,C0000063,0.22236254757438562,do_not_contact,0.4,20260921T000216Z,2026-09-21T00:02:18.663389+00:00,906
bab84eff-e1fc-4f98-9f9f-80304218d1c7,C0000700,0.22210246818035784,do_not_contact,0.4,20260921T000216Z,2026-09-21T00:02:18.663389+00:00,907
948dae10-46d0-45fe-83d1-110b9bc47881,C0000761,0.222071039631129,do_not_contact,0.4,20260921T000216Z,2026-09-21T00:02:18.663389+00:00,908
5775cde0-d07c-48a8-ae98-639172eedce9,C0002758,0.222008056980193,do_not_contact,0.4,20260921T000216Z,2026-09-21T00:02:18.663389+00:00,909
4c558bb2-5c37-417d-95d4-2098826521a0,C0001905,0.2218407423968375,do_not_contact,0.4,20260921T000216Z,2026-09-21T00:02:18.663389+00:00,910
0328e9d0-01fc-424f-a154-628318e38794,C0001693,0.22146710769517428,do_not_contact,0.4,20260921T000216Z,2026-09-21T00:02:18.663389+00:00,911
edf4b88c-7b18-4e3e-ad10-41f69c529f33,C0002378,0.22110620860448238,do_not_contact,0.4,20260921T000216Z,2026-09-21T00:02:18.663389+00:00,912
55056f82-22a8-4881-8118-fe5b4bc2c54b,C0001543,0.2209705105143148,do_not_contact,0.4,20260921T000216Z,2026-09-21T00:02:18.663389+00:00,913
ab9c4fd2-8316-4c68-9c6e-5d42dc407d33,C0000367,0.22054098281579837,do_not_contact,0.4,20260921T000216Z,2026-09-21T00:02:18.663389+00:00,914
46fd0cf9-7a30-4377-950f-e1813f6ac327,C0000347,0.22031398593071033,do_not_contact,0.4,20260921T000216Z,2026-09-21T00:02:18.663389+00:00,915
84b9683f-1c97-457a-b963-9c15e406042e,C0001511,0.22023714760674618,do_not_contact,0.4,20260921T000216Z,2026-09-21T00:02:18.663389+00:00,916
8c22b10d-dd3a-41d8-a42a-66a053133695,C0000636,0.22004056207662032,do_not_contact,0.4,20260921T000216Z,2026-09-21T00:02:18.663389+00:00,917
8fe943a9-5b00-4e93-8cd1-1ade45d2013a,C0002550,0.2190996915522185,do_not_contact,0.4,20260921T000216Z,2026-09-21T00:02:18.663389+00:00,918
9954de96-19e6-4ea9-be81-b6e3cefea322,C0001425,0.2190160796542438,do_not_contact,0.4,20260921T000216Z,2026-09-21T00:02:18.663389+00:00,919
2af35929-a93d-4210-bf19-0efd7dc5e716,C0002862,0.21874318285086333,do_not_contact,0.4,20260921T000216Z,2026-09-21T00:02:18.663389+00:00,920
d3a782a9-e7d4-4c9e-bc27-f22ec48c122b,C0001346,0.2185384935823322,do_not_contact,0.4,20260921T000216Z,2026-09-21T00:02:18.663389+00:00,921
f4816cb1-e9e7-4b80-90c9-288f41917ac4,C0000619,0.21834450519760323,do_not_contact,0.4,20260921T000216Z,2026-09-21T00:02:18.663389+00:00,922
f5cce020-c4c2-4b38-8d23-dd47833730b2,C0002375,0.2180027140034505,do_not_contact,0.4,20260921T000216Z,2026-09-21T00:02:18.663389+00:00,923
1fdf0757-a1dd-43f5-af46-57de7f6a45bf,C0000252,0.21767179083844862,do_not_contact,0.4,20260921T000216Z,2026-09-21T00:02:18.663389+00:00,924
a3faf084-eed7-439b-ae3f-3f6862049ad6,C0001633,0.21755060773723453,do_not_contact,0.4,20260921T000216Z,2026-09-21T00:02:18.663389+00:00,925
c9b7b4e2-eff5-428d-b171-6277e4c0128a,C0002816,0.21753409114555822,do_not_contact,0.4,20260921T000216Z,2026-09-21T00:02:18.663389+00:00,926
30ab9f83-c68f-48cf-9d27-e2b091638d9d,C0002691,0.21742745509140896,do_not_contact,0.4,20260921T000216Z,2026-09-21T00:02:18.663389+00:00,927
76e8cf91-e018-4312-9ba5-e0f1a6ec62bd,C0000904,0.2173371436944368,do_not_contact,0.4,20260921T000216Z,2026-09-21T00:02:18.663389+00:00,928
879863d5-1fe6-42fd-af91-060309eb2f0e,C0000494,0.21731014318761985,do_not_contact,0.4,20260921T000216Z,2026-09-21T00:02:18.663389+00:00,929
1cefea6f-d590-4973-8a7e-7945500f74e1,C0002554,0.21712065785740087,do_not_contact,0.4,20260921T000216Z,2026-09-21T00:02:18.663389+00:00,930
0c429f23-c545-45ab-bf0e-519a3b99a101,C0002040,0.21705192717525723,do_not_contact,0.4,20260921T000216Z,2026-09-21T00:02:18.663389+00:00,931
73947ad3-68b6-43da-8a64-cb9a031cfe54,C0002235,0.21683271789980435,do_not_contact,0.4,20260921T000216Z,2026-09-21T00:02:18.663389+00:00,932
28bcda1b-7da9-4e4d-9c60-d68c68ef2bb3,C0001878,0.21665108614548378,do_not_contact,0.4,20260921T000216Z,2026-09-21T00:02:18.663389+00:00,933
32e5d684-adcb-4bf2-a17c-d78fdb81d7d0,C0000307,0.21624333223448075,do_not_contact,0.4,20260921T000216Z,2026-09-21T00:02:18.663389+00:00,934
5e9bdc53-a133-4159-a45c-fe904238ce58,C0000630,0.21596783065761227,do_not_contact,0.4,20260921T000216Z,2026-09-21T00:02:18.663389+00:00,935
d95f070a-9f1e-46b1-b088-9529efbe8c99,C0000149,0.21561502354208298,do_not_contact,0.4,20260921T000216Z,2026-09-21T00:02:18.663389+00:00,936
3bf9821d-d221-4abd-9b09-c02562803332,C0000995,0.215525826632194,do_not_contact,0.4,20260921T000216Z,2026-09-21T00:02:18.663389+00:00,937
216ed085-d85f-4338-9a35-8c03052151e6,C0001972,0.21508919006293703,do_not_contact,0.4,20260921T000216Z,2026-09-21T00:02:18.663389+00:00,938
cc95b376-14dc-4749-98a3-8e1728773ba8,C0002447,0.21504690703644588,do_not_contact,0.4,20260921T000216Z,2026-09-21T00:02:18.663389+00:00,939
5f77850f-9672-44af-a013-070d374f052d,C0002435,0.21490520129774696,do_not_contact,0.4,20260921T000216Z,2026-09-21T00:02:18.663389+00:00,940
c18440f9-552a-42e9-a210-e1c2045381c5,C0002725,0.2148608027078052,do_not_contact,0.4,20260921T000216Z,2026-09-21T00:02:18.663389+00:00,941
fe3e1e1c-c5c5-4fbf-822f-0e8f4b5803d2,C0000690,0.21478083160750724,do_not_contact,0.4,20260921T000216Z,2026-09-21T00:02:18.663389+00:00,942
3be52715-7642-47bf-b082-a3b1a67cc301,C0000427,0.21473357682988636,do_not_contact,0.4,20260921T000216Z,2026-09-21T00:02:18.663389+00:00,943
60ce9c25-1839-4a13-881c-f906eff1fa58,C0000096,0.2147071059414104,do_not_contact,0.4,20260921T000216Z,2026-09-21T00:02:18.663389+00:00,944
1cb11c7d-c61d-43bb-acc2-dfde7e5bf435,C0000242,0.2146918528776614,do_not_contact,0.4,20260921T000216Z,2026-09-21T00:02:18.663389+00:00,945
1765200b-86a8-45d6-a8dd-86d722d7abf8,C0000372,0.21462898672009983,do_not_contact,0.4,20260921T000216Z,2026-09-21T00:02:18.663389+00:00,946
2bc86fb3-4be9-4665-a1f1-88936681e35a,C0002045,0.2143932557628369,do_not_contact,0.4,20260921T000216Z,2026-09-21T00:02:18.663389+00:00,947
0a0e45bd-dd71-40e2-9fc3-be51d378c378,C0002138,0.21382492301704117,do_not_contact,0.4,20260921T000216Z,2026-09-21T00:02:18.663389+00:00,948
9e11258e-b02e-4fea-bc6e-6b0adf135ba4,C0001602,0.21341016540289923,do_not_contact,0.4,20260921T000216Z,2026-09-21T00:02:18.663389+00:00,949
03faa6b1-9dd1-465a-bee8-1192915b6f21,C0002972,0.213368627871339,do_not_contact,0.4,20260921T000216Z,2026-09-21T00:02:18.663389+00:00,950
7cfe14cf-ae85-4f7f-80cd-0fa2da460690,C0002611,0.21291973648525467,do_not_contact,0.4,20260921T000216Z,2026-09-21T00:02:18.663389+00:00,951
2a99eac6-b578-4019-a72d-141f339872fe,C0001677,0.21283599713695356,do_not_contact,0.4,20260921T000216Z,2026-09-21T00:02:18.663389+00:00,952
161b5fe9-7d2f-4244-98a8-a291f28ffb5a,C0002648,0.21280410890138451,do_not_contact,0.4,20260921T000216Z,2026-09-21T00:02:18.663389+00:00,953
612e8552-d2ff-421a-a4df-1b7b7b2983f8,C0002224,0.2125293449966005,do_not_contact,0.4,20260921T000216Z,2026-09-21T00:02:18.663389+00:00,954
e1075072-2d60-487b-92f6-1f8d0fc0f47a,C0000684,0.2123934602764523,do_not_contact,0.4,20260921T000216Z,2026-09-21T00:02:18.663389+00:00,955
74f4e3fa-f411-492b-82ef-abbd4c9f004f,C0000802,0.21232207585102103,do_not_contact,0.4,20260921T000216Z,2026-09-21T00:02:18.663389+00:00,956
babdd482-14f8-4506-8804-18e85e563673,C0001720,0.2122473746266085,do_not_contact,0.4,20260921T000216Z,2026-09-21T00:02:18.663389+00:00,957
ed996c0e-f12b-4910-b242-8d108734d415,C0001004,0.21187615830288947,do_not_contact,0.4,20260921T000216Z,2026-09-21T00:02:18.663389+00:00,958
875b0dae-3032-4c6c-a4dd-235d03c80959,C0002597,0.21174986940282578,do_not_contact,0.4,20260921T000216Z,2026-09-21T00:02:18.663389+00:00,959
aa1cfff4-9883-4a59-999a-b9c1032ba1d8,C0001266,0.21157539961027552,do_not_contact,0.4,20260921T000216Z,2026-09-21T00:02:18.663389+00:00,960
1e62d74e-3bb1-4e17-a1ac-30e3c4af27ec,C0002925,0.21138774255690373,do_not_contact,0.4,20260921T000216Z,2026-09-21T00:02:18.663389+00:00,961
92a9a578-92ee-4d72-a77a-c2a357128e54,C0000918,0.21137154109546552,do_not_contact,0.4,20260921T000216Z,2026-09-21T00:02:18.663389+00:00,962
f7960281-c488-47df-8551-ce51c90d31a6,C0000220,0.21131121709408604,do_not_contact,0.4,20260921T000216Z,2026-09-21T00:02:18.663389+00:00,963
15a48b54-28dd-4ced-91da-cee7ba16a441,C0001002,0.21118763873069646,do_not_contact,0.4,20260921T000216Z,2026-09-21T00:02:18.663389+00:00,964
c22216ec-2318-4f7e-82ce-73275f34b041,C0001733,0.21106553498192238,do_not_contact,0.4,20260921T000216Z,2026-09-21T00:02:18.663389+00:00,965
7f237efd-eae4-49aa-8ce6-866c12d229e4,C0000098,0.2108899680001823,do_not_contact,0.4,20260921T000216Z,2026-09-21T00:02:18.663389+00:00,966
622ca8e7-1e6b-4341-9347-7d0e11043724,C0000720,0.21050377528840242,do_not_contact,0.4,20260921T000216Z,2026-09-21T00:02:18.663389+00:00,967
0532d836-fbef-487c-b5c0-f53502e488e9,C0002150,0.20974258017742411,do_not_contact,0.4,20260921T000216Z,2026-09-21T00:02:18.663389+00:00,968
216d5186-3c83-4ac9-935a-d7a9ed2aed55,C0000943,0.20966643344061212,do_not_contact,0.4,20260921T000216Z,2026-09-21T00:02:18.663389+00:00,969
4b0fce41-79c1-465e-991d-3f4c6610a97c,C0001173,0.20955571638143514,do_not_contact,0.4,20260921T000216Z,2026-09-21T00:02:18.663389+00:00,970
8234374c-6f2e-4cf8-83b5-c520c1d6e288,C0002516,0.20939046474299622,do_not_contact,0.4,20260921T000216Z,2026-09-21T00:02:18.663389+00:00,971
74e3f69e-4501-4fa2-b78c-7d87ce2eb1a5,C0002161,0.2092664274982074,do_not_contact,0.4,20260921T000216Z,2026-09-21T00:02:18.663389+00:00,972
07d7bae8-ae54-4064-a8e8-d2d5b39474c0,C0000318,0.2090955536289507,do_not_contact,0.4,20260921T000216Z,2026-09-21T00:02:18.663389+00:00,973
b2ef6a26-2aae-496f-9766-0d59e6effce1,C0002586,0.2090807933054371,do_not_contact,0.4,20260921T000216Z,2026-09-21T00:02:18.663389+00:00,974
ecdee27b-fee7-447d-bac4-07d435df2b42,C0001768,0.20885320097125232,do_not_contact,0.4,20260921T000216Z,2026-09-21T00:02:18.663389+00:00,975
057198c1-0e99-49ad-a10b-932eac3df94e,C0000861,0.2087197815862998,do_not_contact,0.4,20260921T000216Z,2026-09-21T00:02:18.663389+00:00,976
a439cb00-ddea-4108-ad1c-b361145c7318,C0002765,0.2085800729307568,do_not_contact,0.4,20260921T000216Z,2026-09-21T00:02:18.663389+00:00,977
a56e04c9-9fa5-459d-b707-fccb48469811,C0000042,0.2082749811534024,do_not_contact,0.4,20260921T000216Z,2026-09-21T00:02:18.663389+00:00,978
db973a2b-22e9-4f0d-8de2-74a863df5207,C0002233,0.20820139828544632,do_not_contact,0.4,20260921T000216Z,2026-09-21T00:02:18.663389+00:00,979
8ec2d543-df41-42fe-8701-93b63814e35a,C0002848,0.20811757252556295,do_not_contact,0.4,20260921T000216Z,2026-09-21T00:02:18.663389+00:00,980
7d343cbd-c713-43ca-a63f-909cae58993b,C0002588,0.20802375689607885,do_not_contact,0.4,20260921T000216Z,2026-09-21T00:02:18.663389+00:00,981
d97dee94-77fd-4433-8c63-42ac39593168,C0000516,0.20789341442855008,do_not_contact,0.4,20260921T000216Z,2026-09-21T00:02:18.663389+00:00,982
39923270-5a41-4a38-aa36-bf80ad71600d,C0000841,0.20782158902119172,do_not_contact,0.4,20260921T000216Z,2026-09-21T00:02:18.663389+00:00,983
841f1266-58a0-4375-a29d-cb7f3b96dc87,C0000785,0.20774251603156205,do_not_contact,0.4,20260921T000216Z,2026-09-21T00:02:18.663389+00:00,984
40fd0eb7-54fe-43ed-923c-0ac8eb71ead6,C0001431,0.20766424861419508,do_not_contact,0.4,20260921T000216Z,2026-09-21T00:02:18.663389+00:00,985
cf31c84a-35cc-4fb4-997e-6806474ef214,C0000010,0.20762416068129708,do_not_contact,0.4,20260921T000216Z,2026-09-21T00:02:18.663389+00:00,986
265c14b7-712d-460c-9bbb-dfe4d3fbe58e,C0002546,0.20749279716761845,do_not_contact,0.4,20260921T000216Z,2026-09-21T00:02:18.663389+00:00,987
6041cde2-a861-4b7c-b625-4e2045276674,C0002776,0.2072517304434716,do_not_contact,0.4,20260921T000216Z,2026-09-21T00:02:18.663389+00:00,988
82f2dd19-e81e-453b-ab0d-e0f6d3d2ea7d,C0000168,0.20710239284988238,do_not_contact,0.4,20260921T000216Z,2026-09-21T00:02:18.663389+00:00,989
6d583fef-aeff-4ae4-94dd-97c41f6a3d03,C0001596,0.20697516352627413,do_not_contact,0.4,20260921T000216Z,2026-09-21T00:02:18.663389+00:00,990
7901eb06-9172-49bd-b92a-d3814d417d4f,C0002368,0.20677700706659935,do_not_contact,0.4,20260921T000216Z,2026-09-21T00:02:18.663389+00:00,991
7c799ccd-0461-4cc4-8944-ae833e23dc91,C0000412,0.20663102239765305,do_not_contact,0.4,20260921T000216Z,2026-09-21T00:02:18.663389+00:00,992
b3edca62-a56d-46ae-b8b9-0600c2406e65,C0000924,0.2065908566090961,do_not_contact,0.4,20260921T000216Z,2026-09-21T00:02:18.663389+00:00,993
436f9f97-a2f0-4481-9a62-7f8e9a121f6e,C0001825,0.20641026062538226,do_not_contact,0.4,20260921T000216Z,2026-09-21T00:02:18.663389+00:00,994
ce41e4a3-f999-490c-9412-28e3d8330c1f,C0000324,0.20637940869450647,do_not_contact,0.4,20260921T000216Z,2026-09-21T00:02:18.663389+00:00,995
5749bb9b-a1ac-48a3-8de0-ca1b366fef41,C0001014,0.20609425378103308,do_not_contact,0.4,20260921T000216Z,2026-09-21T00:02:18.663389+00:00,996
8137038f-c06a-4fe2-9d6f-839a420a92fa,C0001969,0.20591990786224995,do_not_contact,0.4,20260921T000216Z,2026-09-21T00:02:18.663389+00:00,997
c0c8c8cf-d08f-480f-93cb-24e5203ccee9,C0002754,0.2058609430146327,do_not_contact,0.4,20260921T000216Z,2026-09-21T00:02:18.663389+00:00,998
b8bc5894-99bf-4188-bb66-c10a5e74269a,C0000420,0.2056516029411624,do_not_contact,0.4,20260921T000216Z,2026-09-21T00:02:18.663389+00:00,999
1ed96968-4779-432b-9ccc-daaf932f0970,C0002937,0.20560098987572922,do_not_contact,0.4,20260921T000216Z,2026-09-21T00:02:18.663389+00:00,1000
30dd6908-f681-4c55-be11-03a0d61a316c,C0000935,0.20529882456195547,do_not_contact,0.4,20260921T000216Z,2026-09-21T00:02:18.663389+00:00,1001
6f63ae9b-5c37-4e67-94ea-969b1b88beb3,C0000673,0.20516133018441685,do_not_contact,0.4,20260921T000216Z,2026-09-21T00:02:18.663389+00:00,1002
299e0340-c125-4ba0-8ffb-7f756e1aa6e7,C0000978,0.2051131392819635,do_not_contact,0.4,20260921T000216Z,2026-09-21T00:02:18.663389+00:00,1003
08cf95ce-f06b-4fe8-8802-cd7f614606a3,C0001765,0.20479715575870422,do_not_contact,0.4,20260921T000216Z,2026-09-21T00:02:18.663389+00:00,1004
05d42e7a-9190-4788-a078-965cc187ac4e,C0001729,0.20475251184636198,do_not_contact,0.4,20260921T000216Z,2026-09-21T00:02:18.663389+00:00,1005
416e77d2-eb6c-4aa3-8986-76b1339162bf,C0001638,0.20424779647801544,do_not_contact,0.4,20260921T000216Z,2026-09-21T00:02:18.663389+00:00,1006
df17302d-1879-4d05-a075-9dd9fdfcef5d,C0002213,0.20400984438277056,do_not_contact,0.4,20260921T000216Z,2026-09-21T00:02:18.663389+00:00,1007
46e54078-a1df-46e7-9316-31315523e4e7,C0001482,0.20357172232332035,do_not_contact,0.4,20260921T000216Z,2026-09-21T00:02:18.663389+00:00,1008
cc88a00a-b4e8-485a-bd49-ad77b53a0072,C0002092,0.20355399697166726,do_not_contact,0.4,20260921T000216Z,2026-09-21T00:02:18.663389+00:00,1009
238c59f7-b337-4f5d-98a2-15182b141b20,C0000394,0.20346711538486206,do_not_contact,0.4,20260921T000216Z,2026-09-21T00:02:18.663389+00:00,1010
fa484d77-9ac6-4709-b32f-240fc773e4c9,C0002970,0.20327660773674494,do_not_contact,0.4,20260921T000216Z,2026-09-21T00:02:18.663389+00:00,1011
96240de6-00df-43c1-b942-25f9e9ffb98b,C0001221,0.20316291787760193,do_not_contact,0.4,20260921T000216Z,2026-09-21T00:02:18.663389+00:00,1012
5cf07343-db61-4aaf-ac90-5dfe9927782a,C0000728,0.20307164839640843,do_not_contact,0.4,20260921T000216Z,2026-09-21T00:02:18.663389+00:00,1013
621ac708-3e4c-4148-9545-28baa7837a9d,C0000496,0.2029301291452494,do_not_contact,0.4,20260921T000216Z,2026-09-21T00:02:18.663389+00:00,1014
bf196699-3a0e-4cba-ba4f-6c4a16494f61,C0000479,0.2029122025477502,do_not_contact,0.4,20260921T000216Z,2026-09-21T00:02:18.663389+00:00,1015
2a4f3c06-4e61-4bad-87e6-83f5ab0618bf,C0002608,0.20252636135024876,do_not_contact,0.4,20260921T000216Z,2026-09-21T00:02:18.663389+00:00,1016
488851ae-8fc7-4c2f-b26e-8682bd014126,C0002793,0.20245734041966285,do_not_contact,0.4,20260921T000216Z,2026-09-21T00:02:18.663389+00:00,1017
14bc317a-f430-48b1-ac7f-7cc0819d6ee2,C0001193,0.20244647266914423,do_not_contact,0.4,20260921T000216Z,2026-09-21T00:02:18.663389+00:00,1018
2a4d143e-ea1e-41a5-a975-ea10560a71b5,C0000735,0.20223289801758243,do_not_contact,0.4,20260921T000216Z,2026-09-21T00:02:18.663389+00:00,1019
7b741b3d-037e-4b5a-9c7d-42c743c6a9ae,C0000532,0.2019456369769253,do_not_contact,0.4,20260921T000216Z,2026-09-21T00:02:18.663389+00:00,1020
cd7ba478-b5aa-4e2d-ab04-37e3b92cc4fd,C0002783,0.20194205872514878,do_not_contact,0.4,20260921T000216Z,2026-09-21T00:02:18.663389+00:00,1021
8d4709d7-e427-4c59-a505-e6b0366315e3,C0001037,0.20189047875280425,do_not_contact,0.4,20260921T000216Z,2026-09-21T00:02:18.663389+00:00,1022
9f27fdc1-0e8e-413d-821c-35fd840912ee,C0001388,0.20166159985127657,do_not_contact,0.4,20260921T000216Z,2026-09-21T00:02:18.663389+00:00,1023
e368e659-5af2-4634-91d4-b7a9d5e7f44d,C0000351,0.20151613341249464,do_not_contact,0.4,20260921T000216Z,2026-09-21T00:02:18.663389+00:00,1024
86938846-4029-48c7-9c23-944684dc4990,C0001703,0.20108399948304737,do_not_contact,0.4,20260921T000216Z,2026-09-21T00:02:18.663389+00:00,1025
ee59f2cd-8ff9-4f84-87b1-e0c97509bcf0,C0001480,0.20099030566707035,do_not_contact,0.4,20260921T000216Z,2026-09-21T00:02:18.663389+00:00,1026
4abfa797-3dda-428b-a9aa-e95f17872d39,C0000268,0.20066696196950626,do_not_contact,0.4,20260921T000216Z,2026-09-21T00:02:18.663389+00:00,1027
beb7c793-9796-40b9-b17c-b7dae32f5ecb,C0000653,0.20060055068528915,do_not_contact,0.4,20260921T000216Z,2026-09-21T00:02:18.663389+00:00,1028
f26eb3df-8bc8-4d84-806c-158257b70966,C0000836,0.20059721447136067,do_not_contact,0.4,20260921T000216Z,2026-09-21T00:02:18.663389+00:00,1029
5ba3abb6-7567-4385-ad70-0f2267c801a8,C0000644,0.20057991275060613,do_not_contact,0.4,20260921T000216Z,2026-09-21T00:02:18.663389+00:00,1030
4874420c-f28b-48f1-b76e-40957c4a2579,C0001937,0.200528991938507,do_not_contact,0.4,20260921T000216Z,2026-09-21T00:02:18.663389+00:00,1031
3367f08a-8ca9-4c3e-971f-c5bd42e59751,C0001267,0.20036405521098252,do_not_contact,0.4,20260921T000216Z,2026-09-21T00:02:18.663389+00:00,1032
d341d490-3087-4119-950b-4e9d3e3bd92d,C0000387,0.20035779143977833,do_not_contact,0.4,20260921T000216Z,2026-09-21T00:02:18.663389+00:00,1033
a7c1e5c4-e535-4452-a037-4d69b22c2f2c,C0002363,0.20032083638702886,do_not_contact,0.4,20260921T000216Z,2026-09-21T00:02:18.663389+00:00,1034
4a74d970-76ef-4787-a509-f1bba6498877,C0000874,0.20007792765459714,do_not_contact,0.4,20260921T000216Z,2026-09-21T00:02:18.663389+00:00,1035
7bab2326-2c15-42ab-8dfc-dacb427f4074,C0000289,0.19978185378294214,do_not_contact,0.4,20260921T000216Z,2026-09-21T00:02:18.663389+00:00,1036
a9c6628b-c810-45b0-8d99-cd2c24721754,C0002779,0.19922988256877563,do_not_contact,0.4,20260921T000216Z,2026-09-21T00:02:18.663389+00:00,1037
78f7a711-2182-4061-9c93-0b13bee92fb8,C0000784,0.1991592762992938,do_not_contact,0.4,20260921T000216Z,2026-09-21T00:02:18.663389+00:00,1038
a3792b77-4f06-4297-8066-e590e4b3b8c2,C0001877,0.19915589053464985,do_not_contact,0.4,20260921T000216Z,2026-09-21T00:02:18.663389+00:00,1039
fee5815d-3ae0-4482-b5f0-71e46289a5d8,C0001488,0.19877725982051012,do_not_contact,0.4,20260921T000216Z,2026-09-21T00:02:18.663389+00:00,1040
3567253d-471d-4c68-9c12-dd11159e466e,C0001558,0.1987066758730334,do_not_contact,0.4,20260921T000216Z,2026-09-21T00:02:18.663389+00:00,1041
18b808d7-0b42-4c36-b16a-abc3e18b7f22,C0002169,0.1984117109513389,do_not_contact,0.4,20260921T000216Z,2026-09-21T00:02:18.663389+00:00,1042
fe3b0d21-230f-463d-a2fe-e45072573a38,C0000442,0.19807311019974067,do_not_contact,0.4,20260921T000216Z,2026-09-21T00:02:18.663389+00:00,1043
5a15ad32-1310-4e95-bf39-e8aa70dce8c2,C0001899,0.1980321647102096,do_not_contact,0.4,20260921T000216Z,2026-09-21T00:02:18.663389+00:00,1044
d051ff1c-f914-4c32-b416-9c5c044f4a22,C0001867,0.19803153108140542,do_not_contact,0.4,20260921T000216Z,2026-09-21T00:02:18.663389+00:00,1045
33942036-8a16-47c2-bc99-f06189b15114,C0000485,0.19796651681080046,do_not_contact,0.4,20260921T000216Z,2026-09-21T00:02:18.663389+00:00,1046
f7500580-53e7-4aff-90da-4678ee501dc6,C0000763,0.1976477525902271,do_not_contact,0.4,20260921T000216Z,2026-09-21T00:02:18.663389+00:00,1047
54a79105-9ea7-404b-86d1-d74dbc4b3f8c,C0002156,0.19764541270119082,do_not_contact,0.4,20260921T000216Z,2026-09-21T00:02:18.663389+00:00,1048
b8b48493-3ae3-498d-9c2f-faba420ed8eb,C0000776,0.1973349133071405,do_not_contact,0.4,20260921T000216Z,2026-09-21T00:02:18.663389+00:00,1049
78184d77-2958-4512-8740-ccbe01feab4c,C0001432,0.19709204930088356,do_not_contact,0.4,20260921T000216Z,2026-09-21T00:02:18.663389+00:00,1050
e67c699a-9331-4007-b119-646ad3e78a15,C0000281,0.19659617877919186,do_not_contact,0.4,20260921T000216Z,2026-09-21T00:02:18.663389+00:00,1051
59c1d1b3-0d0c-49ac-a1a1-c7e2d28bac1d,C0000719,0.19625096936558148,do_not_contact,0.4,20260921T000216Z,2026-09-21T00:02:18.663389+00:00,1052
56d432d0-a17a-42e7-8ffb-11e96ad52601,C0000086,0.1959430969397951,do_not_contact,0.4,20260921T000216Z,2026-09-21T00:02:18.663389+00:00,1053
4a574f5a-6896-4539-8b77-07490a6498f6,C0002713,0.19588107736851168,do_not_contact,0.4,20260921T000216Z,2026-09-21T00:02:18.663389+00:00,1054
347e3adc-f29f-4af5-a20d-f5a91512d69b,C0002930,0.19587481145374722,do_not_contact,0.4,20260921T000216Z,2026-09-21T00:02:18.663389+00:00,1055
792f4544-a3be-43fc-add7-1f4e466db254,C0002687,0.19585680345859494,do_not_contact,0.4,20260921T000216Z,2026-09-21T00:02:18.663389+00:00,1056
3f0fccd3-bbca-4bce-9de5-d9423da2d4af,C0002304,0.19579592452460642,do_not_contact,0.4,20260921T000216Z,2026-09-21T00:02:18.663389+00:00,1057
05aa2346-956e-48e7-bb93-1a727293bcbd,C0000069,0.1956893073463381,do_not_contact,0.4,20260921T000216Z,2026-09-21T00:02:18.663389+00:00,1058
09312e63-eb41-48bb-8510-695e9c7bf9e9,C0002489,0.19565569583470008,do_not_contact,0.4,20260921T000216Z,2026-09-21T00:02:18.663389+00:00,1059
35a927c9-7810-4e80-a38a-724bce5fc0ab,C0002950,0.19537281391781308,do_not_contact,0.4,20260921T000216Z,2026-09-21T00:02:18.663389+00:00,1060
0c5ef5e3-cbf0-49c4-ab4f-bd6659d3166a,C0001440,0.19534505923130424,do_not_contact,0.4,20260921T000216Z,2026-09-21T00:02:18.663389+00:00,1061
aad393bd-35ec-4367-87bb-9c79665e3bd0,C0000379,0.1952723657557312,do_not_contact,0.4,20260921T000216Z,2026-09-21T00:02:18.663389+00:00,1062
6b21e208-97cf-406b-84e3-8b3926ab1044,C0002064,0.19507417038887376,do_not_contact,0.4,20260921T000216Z,2026-09-21T00:02:18.663389+00:00,1063
2b9bc3d3-8a40-40df-a121-50e6ac4577a8,C0002416,0.19502274133533795,do_not_contact,0.4,20260921T000216Z,2026-09-21T00:02:18.663389+00:00,1064
d7f34a8a-22ca-4231-909a-bb763d1484fb,C0002123,0.19483370856675722,do_not_contact,0.4,20260921T000216Z,2026-09-21T00:02:18.663389+00:00,1065
b4ca5ae1-31f4-481d-bf19-3aa95c4dea62,C0002521,0.19482525408852358,do_not_contact,0.4,20260921T000216Z,2026-09-21T00:02:18.663389+00:00,1066
5d45e781-93d6-4069-98c2-b17d546173e4,C0000487,0.19473530965964583,do_not_contact,0.4,20260921T000216Z,2026-09-21T00:02:18.663389+00:00,1067
b7c55a52-4bee-4dd1-8e40-b1675dffee8e,C0002761,0.19473084292748016,do_not_contact,0.4,20260921T000216Z,2026-09-21T00:02:18.663389+00:00,1068
5de18dc2-a541-4160-9ed6-91d2acef0c24,C0001280,0.19464897804257766,do_not_contact,0.4,20260921T000216Z,2026-09-21T00:02:18.663389+00:00,1069
1505c12f-e1f6-4034-8ea8-ea172637e33b,C0000727,0.19461805812295202,do_not_contact,0.4,20260921T000216Z,2026-09-21T00:02:18.663389+00:00,1070
6bb83e52-74b0-44a8-811f-dc6591964bbf,C0000881,0.19431142924171305,do_not_contact,0.4,20260921T000216Z,2026-09-21T00:02:18.663389+00:00,1071
a7abb473-d1ad-4476-8f3b-04360dd38f5e,C0002501,0.19427331121807584,do_not_contact,0.4,20260921T000216Z,2026-09-21T00:02:18.663389+00:00,1072
9a6e04a2-bc1c-4cba-ad50-660595cea856,C0002913,0.19392758331960325,do_not_contact,0.4,20260921T000216Z,2026-09-21T00:02:18.663389+00:00,1073
ef67d53d-1d67-4707-8b30-e7a21f341ce9,C0002072,0.1938102750820434,do_not_contact,0.4,20260921T000216Z,2026-09-21T00:02:18.663389+00:00,1074
62daf1af-0889-4a24-ba0d-e3095bbcae27,C0001646,0.1936438708214994,do_not_contact,0.4,20260921T000216Z,2026-09-21T00:02:18.663389+00:00,1075
1b55102d-1474-4c6d-895a-3a8724a2f54f,C0001931,0.19327029054718428,do_not_contact,0.4,20260921T000216Z,2026-09-21T00:02:18.663389+00:00,1076
f173ef12-8026-487a-ba11-5fef10929957,C0000068,0.19326172808685296,do_not_contact,0.4,20260921T000216Z,2026-09-21T00:02:18.663389+00:00,1077
8b383c1c-5ac6-4866-b196-5c9d727dea0e,C0001199,0.19322827798030826,do_not_contact,0.4,20260921T000216Z,2026-09-21T00:02:18.663389+00:00,1078
60ad6c13-9379-43df-be14-38f685949aaf,C0002794,0.19320197714875154,do_not_contact,0.4,20260921T000216Z,2026-09-21T00:02:18.663389+00:00,1079
7f44a705-f552-435a-96a0-3bcf40e52d78,C0000061,0.1930710581050982,do_not_contact,0.4,20260921T000216Z,2026-09-21T00:02:18.663389+00:00,1080
57efec89-6c24-45ef-93a5-2534ea693d5b,C0001243,0.19303156810426603,do_not_contact,0.4,20260921T000216Z,2026-09-21T00:02:18.663389+00:00,1081
68252d36-f4a4-44d7-995e-66b8df7e7d4e,C0000143,0.1930107155178732,do_not_contact,0.4,20260921T000216Z,2026-09-21T00:02:18.663389+00:00,1082
2a289f1c-bd65-4ca7-a39e-4dcd91560d4c,C0002555,0.19275815753279799,do_not_contact,0.4,20260921T000216Z,2026-09-21T00:02:18.663389+00:00,1083
e77f32ff-a6fc-430f-bc21-59604c39d07b,C0000327,0.1918105745430413,do_not_contact,0.4,20260921T000216Z,2026-09-21T00:02:18.663389+00:00,1084
d9d2f6c2-efe6-4e83-9e40-2de43a116df6,C0002324,0.1916815849389914,do_not_contact,0.4,20260921T000216Z,2026-09-21T00:02:18.663389+00:00,1085
cf123f6e-2941-45da-996c-9efa31c0d2d6,C0002735,0.1916596148719919,do_not_contact,0.4,20260921T000216Z,2026-09-21T00:02:18.663389+00:00,1086
aa542cba-2e35-42a9-a051-093e5c26fe54,C0001979,0.19156335719715634,do_not_contact,0.4,20260921T000216Z,2026-09-21T00:02:18.663389+00:00,1087
82eb16e7-1012-4928-a578-51295de00e13,C0001006,0.1915046284500218,do_not_contact,0.4,20260921T000216Z,2026-09-21T00:02:18.663389+00:00,1088
3245cb82-806f-44c1-99ff-ca82605a51e7,C0001370,0.19142184421146527,do_not_contact,0.4,20260921T000216Z,2026-09-21T00:02:18.663389+00:00,1089
8a689b3c-9d9e-40ba-8801-aa05b698c5dc,C0000170,0.19116096240975328,do_not_contact,0.4,20260921T000216Z,2026-09-21T00:02:18.663389+00:00,1090
9fc854cc-c1c8-4e00-b32e-1568339576da,C0002279,0.19107580637078322,do_not_contact,0.4,20260921T000216Z,2026-09-21T00:02:18.663389+00:00,1091
96ef00e0-e561-43a9-aa45-80a02c20efe2,C0001570,0.1909206320086113,do_not_contact,0.4,20260921T000216Z,2026-09-21T00:02:18.663389+00:00,1092
2f1bab55-927f-48dd-a6d1-4c4e04799291,C0000633,0.1907326539755613,do_not_contact,0.4,20260921T000216Z,2026-09-21T00:02:18.663389+00:00,1093
75a027d0-d356-499b-865b-65a3e4ef7682,C0000039,0.19035168364493665,do_not_contact,0.4,20260921T000216Z,2026-09-21T00:02:18.663389+00:00,1094
417e14a7-0cac-4aef-acec-aceb07630262,C0000240,0.19017689539650823,do_not_contact,0.4,20260921T000216Z,2026-09-21T00:02:18.663389+00:00,1095
d8301e7e-219d-456a-82cb-c179853f71b2,C0002685,0.19017572803574456,do_not_contact,0.4,20260921T000216Z,2026-09-21T00:02:18.663389+00:00,1096
573d12dc-986c-4eae-ad77-558674165d09,C0002646,0.1901295086650493,do_not_contact,0.4,20260921T000216Z,2026-09-21T00:02:18.663389+00:00,1097
1d6ab2f1-b6cd-477f-b0af-9f6f2a2db633,C0002275,0.1900014977615799,do_not_contact,0.4,20260921T000216Z,2026-09-21T00:02:18.663389+00:00,1098
9e1ab1a6-39a3-4f50-93f2-d0470fff9212,C0000074,0.18985962597329042,do_not_contact,0.4,20260921T000216Z,2026-09-21T00:02:18.663389+00:00,1099
761d8771-5476-4d67-9d93-5f761a581820,C0001092,0.1898408934557173,do_not_contact,0.4,20260921T000216Z,2026-09-21T00:02:18.663389+00:00,1100
ba71c3d8-1d58-4821-88dc-17a67e639d80,C0002013,0.18956524145178533,do_not_contact,0.4,20260921T000216Z,2026-09-21T00:02:18.663389+00:00,1101
cc689047-8249-490e-aa24-141d2326f016,C0001417,0.18939063138799953,do_not_contact,0.4,20260921T000216Z,2026-09-21T00:02:18.663389+00:00,1102
c605e6cf-f545-438b-a591-55c6ca57b949,C0001300,0.1893366977021228,do_not_contact,0.4,20260921T000216Z,2026-09-21T00:02:18.663389+00:00,1103
bf277db6-512f-4e57-8cd5-316b117be062,C0002396,0.18930194799175037,do_not_contact,0.4,20260921T000216Z,2026-09-21T00:02:18.663389+00:00,1104
ea2a2ab3-71ff-4335-9aab-f0095ad5e028,C0001787,0.1892712392051275,do_not_contact,0.4,20260921T000216Z,2026-09-21T00:02:18.663389+00:00,1105
dc26a193-09c2-4c34-9bca-ae26ee4b38ba,C0000287,0.18906634565728342,do_not_contact,0.4,20260921T000216Z,2026-09-21T00:02:18.663389+00:00,1106
bea5094d-fdc0-4716-b133-cab7ded87526,C0000816,0.1889591228019995,do_not_contact,0.4,20260921T000216Z,2026-09-21T00:02:18.663389+00:00,1107
22239773-24c7-49c7-b016-f96fb3585844,C0002232,0.18887879705918761,do_not_contact,0.4,20260921T000216Z,2026-09-21T00:02:18.663389+00:00,1108
c606f019-56e9-4ab0-b484-c9a6bdfced6b,C0000931,0.1887687719533349,do_not_contact,0.4,20260921T000216Z,2026-09-21T00:02:18.663389+00:00,1109
67db25a9-0b5a-4dad-b8a0-95451e59e8ba,C0001424,0.18861528079493267,do_not_contact,0.4,20260921T000216Z,2026-09-21T00:02:18.663389+00:00,1110
b8fa6ac0-aa77-40c4-9025-3738ee08f695,C0001134,0.18851434767320366,do_not_contact,0.4,20260921T000216Z,2026-09-21T00:02:18.663389+00:00,1111
ebe837b4-0949-423c-85f3-ede8335f9a8b,C0001177,0.18824551095061123,do_not_contact,0.4,20260921T000216Z,2026-09-21T00:02:18.663389+00:00,1112
600e14f9-77cc-4dd5-9e48-a8eb7dff0317,C0002856,0.1881044056036087,do_not_contact,0.4,20260921T000216Z,2026-09-21T00:02:18.663389+00:00,1113
0550106e-1541-4db3-90ec-f8d004dbee30,C0000263,0.18806742504563403,do_not_contact,0.4,20260921T000216Z,2026-09-21T00:02:18.663389+00:00,1114
b7ad355f-36a1-4cea-a1e2-97fde55180c3,C0002397,0.18806375701189126,do_not_contact,0.4,20260921T000216Z,2026-09-21T00:02:18.663389+00:00,1115
0c4d9276-1ad9-4f49-b794-eee073f0032e,C0002811,0.18792993041710343,do_not_contact,0.4,20260921T000216Z,2026-09-21T00:02:18.663389+00:00,1116
61eccd3d-0ebd-46d4-b274-d3c075b25596,C0000952,0.18772240837993937,do_not_contact,0.4,20260921T000216Z,2026-09-21T00:02:18.663389+00:00,1117
ad2867a7-124f-4968-9bbb-2bc9891ea612,C0000984,0.18765617948663257,do_not_contact,0.4,20260921T000216Z,2026-09-21T00:02:18.663389+00:00,1118
94fab54e-3643-42db-a06e-652bf99e8d2a,C0000080,0.18759460928701896,do_not_contact,0.4,20260921T000216Z,2026-09-21T00:02:18.663389+00:00,1119
697169c0-abed-4e85-b708-db7dfd4414a4,C0002621,0.1875874114598492,do_not_contact,0.4,20260921T000216Z,2026-09-21T00:02:18.663389+00:00,1120
3521421a-c512-4eed-afe6-a9d266f9992f,C0000998,0.18757389614095746,do_not_contact,0.4,20260921T000216Z,2026-09-21T00:02:18.663389+00:00,1121
c853bf9b-d58e-47ac-afe9-47ba22623741,C0000232,0.18748941165561053,do_not_contact,0.4,20260921T000216Z,2026-09-21T00:02:18.663389+00:00,1122
a27b2c4f-a346-4cfc-a1f4-845caae3acfd,C0002230,0.18743393716104684,do_not_contact,0.4,20260921T000216Z,2026-09-21T00:02:18.663389+00:00,1123
499d09e9-7d51-4cf4-ab2a-b440ca4267aa,C0000507,0.1874060493619727,do_not_contact,0.4,20260921T000216Z,2026-09-21T00:02:18.663389+00:00,1124
f106dada-b279-4665-b844-078852478df8,C0001643,0.18735427056411194,do_not_contact,0.4,20260921T000216Z,2026-09-21T00:02:18.663389+00:00,1125
d79ae0be-7f03-41ae-a16c-26c4859e2b10,C0001861,0.1872986035279721,do_not_contact,0.4,20260921T000216Z,2026-09-21T00:02:18.663389+00:00,1126
dff8f13a-3ccf-4e39-89c8-60fe0f3547e3,C0002895,0.1872476007043213,do_not_contact,0.4,20260921T000216Z,2026-09-21T00:02:18.663389+00:00,1127
278656a3-fde0-4d54-a826-250dcf7e112d,C0002206,0.18706686101713568,do_not_contact,0.4,20260921T000216Z,2026-09-21T00:02:18.663389+00:00,1128
9b111560-cf23-48ab-8f3f-219bf2e054ca,C0000579,0.18664687613408393,do_not_contact,0.4,20260921T000216Z,2026-09-21T00:02:18.663389+00:00,1129
d534c88a-74a8-4265-b8fa-c9ada2eb882d,C0001035,0.18664175330540123,do_not_contact,0.4,20260921T000216Z,2026-09-21T00:02:18.663389+00:00,1130
80af80b0-c2ce-4f9e-890d-5f3272566b64,C0000463,0.1866176835756807,do_not_contact,0.4,20260921T000216Z,2026-09-21T00:02:18.663389+00:00,1131
b0c10533-ef7a-4e46-ae4f-1fff34106b43,C0001032,0.18651592300397868,do_not_contact,0.4,20260921T000216Z,2026-09-21T00:02:18.663389+00:00,1132
db283cc6-7782-4d45-8201-e332eddca16a,C0002464,0.18646986204512742,do_not_contact,0.4,20260921T000216Z,2026-09-21T00:02:18.663389+00:00,1133
0da186ff-041f-4e0a-b0c3-7fc2637e94a3,C0002774,0.18639167762090722,do_not_contact,0.4,20260921T000216Z,2026-09-21T00:02:18.663389+00:00,1134
a4d9680f-e97c-409f-9629-1d74fbae0573,C0000472,0.18587992353287103,do_not_contact,0.4,20260921T000216Z,2026-09-21T00:02:18.663389+00:00,1135
ccb1357c-d90b-46c4-a23c-553aac8c4ae0,C0002720,0.18581022945086856,do_not_contact,0.4,20260921T000216Z,2026-09-21T00:02:18.663389+00:00,1136
50a1626b-b70e-4743-8055-4efe5ca98914,C0001687,0.18553417548410625,do_not_contact,0.4,20260921T000216Z,2026-09-21T00:02:18.663389+00:00,1137
4c425c26-58ff-4925-8bf6-7e0b1fedb799,C0001692,0.18550619906073468,do_not_contact,0.4,20260921T000216Z,2026-09-21T00:02:18.663389+00:00,1138
73100a63-8123-49d2-93bb-b34b4c99545a,C0002559,0.1854223622803001,do_not_contact,0.4,20260921T000216Z,2026-09-21T00:02:18.663389+00:00,1139
c8d84636-502e-4783-9184-dddbb1495bbf,C0001935,0.18533123450367767,do_not_contact,0.4,20260921T000216Z,2026-09-21T00:02:18.663389+00:00,1140
783561d0-d568-4929-a611-a5e32baa885e,C0000876,0.18529866234284167,do_not_contact,0.4,20260921T000216Z,2026-09-21T00:02:18.663389+00:00,1141
8120c52a-88a7-426a-a4e6-bc4b5052af78,C0001953,0.18495808832939445,do_not_contact,0.4,20260921T000216Z,2026-09-21T00:02:18.663389+00:00,1142
abc06c30-721c-4f94-8f53-fabc87b5a87d,C0000210,0.18473033342530626,do_not_contact,0.4,20260921T000216Z,2026-09-21T00:02:18.663389+00:00,1143
ad43f1c0-0389-4b57-8c35-34d2190ce188,C0002507,0.1846863778711222,do_not_contact,0.4,20260921T000216Z,2026-09-21T00:02:18.663389+00:00,1144
768f4e19-a652-44f4-9119-cbdcdb12a47b,C0001924,0.18465715817239692,do_not_contact,0.4,20260921T000216Z,2026-09-21T00:02:18.663389+00:00,1145
a924150d-eb10-472f-a119-3e20ba481dfe,C0001952,0.18452994039729986,do_not_contact,0.4,20260921T000216Z,2026-09-21T00:02:18.663389+00:00,1146
7acd9e36-0037-4ed3-9c20-468faec7be75,C0002409,0.18415148896490002,do_not_contact,0.4,20260921T000216Z,2026-09-21T00:02:18.663389+00:00,1147
311d717c-c132-45f0-929e-ccfd0b59aa00,C0001999,0.18414458272999487,do_not_contact,0.4,20260921T000216Z,2026-09-21T00:02:18.663389+00:00,1148
496732af-c196-4ab5-8e1e-7a0df171ac1c,C0002438,0.18414417402420147,do_not_contact,0.4,20260921T000216Z,2026-09-21T00:02:18.663389+00:00,1149
5c5daf01-1a7b-493c-b6ef-dcdca088a9a1,C0000897,0.1839425291117902,do_not_contact,0.4,20260921T000216Z,2026-09-21T00:02:18.663389+00:00,1150
f965e631-43b9-41bc-97f9-54abc395fbb5,C0001627,0.18378254202080227,do_not_contact,0.4,20260921T000216Z,2026-09-21T00:02:18.663389+00:00,1151
a451afa5-849c-4d1e-a348-b668b72a5dc6,C0002503,0.18345088371642787,do_not_contact,0.4,20260921T000216Z,2026-09-21T00:02:18.663389+00:00,1152
17d2a1ce-2f0d-4b7b-a565-5825740960cf,C0001485,0.18344533475175728,do_not_contact,0.4,20260921T000216Z,2026-09-21T00:02:18.663389+00:00,1153
e01adc9c-bb44-496a-833c-2e52b61f10ba,C0000936,0.18338522438249533,do_not_contact,0.4,20260921T000216Z,2026-09-21T00:02:18.663389+00:00,1154
770316c8-0127-4998-884f-6557f1b44fd3,C0002186,0.1833829196342965,do_not_contact,0.4,20260921T000216Z,2026-09-21T00:02:18.663389+00:00,1155
65c3ab18-c6b5-44f0-8a4e-f4983325b4b2,C0002980,0.18319748073292258,do_not_contact,0.4,20260921T000216Z,2026-09-21T00:02:18.663389+00:00,1156
357d75ac-18e0-45b9-82da-1b83800f2695,C0002989,0.18290680055924163,do_not_contact,0.4,20260921T000216Z,2026-09-21T00:02:18.663389+00:00,1157
23c85f9f-a39e-41fa-b2d2-2b169b40e504,C0000423,0.18254003181932868,do_not_contact,0.4,20260921T000216Z,2026-09-21T00:02:18.663389+00:00,1158
fa202e8d-fbfb-4080-b679-6868204b9e99,C0001672,0.18243761433498537,do_not_contact,0.4,20260921T000216Z,2026-09-21T00:02:18.663389+00:00,1159
2c94ae4b-d4b3-474a-9afb-37b6c691077d,C0000809,0.1818584375452141,do_not_contact,0.4,20260921T000216Z,2026-09-21T00:02:18.663389+00:00,1160
2a4975ec-f101-47a0-9cf2-06e9ab65e674,C0000687,0.18184490030322475,do_not_contact,0.4,20260921T000216Z,2026-09-21T00:02:18.663389+00:00,1161
c9a6e83e-593c-4ebf-9bf2-b71e234e5d2d,C0002824,0.18160577987024715,do_not_contact,0.4,20260921T000216Z,2026-09-21T00:02:18.663389+00:00,1162
55d2b855-aa41-4bad-b6be-7fb0658f5d69,C0001391,0.18149698061158165,do_not_contact,0.4,20260921T000216Z,2026-09-21T00:02:18.663389+00:00,1163
ad4340dc-5d44-4b32-a331-302a5309b1b5,C0000447,0.18138047929860304,do_not_contact,0.4,20260921T000216Z,2026-09-21T00:02:18.663389+00:00,1164
95025e0b-e83d-4d0c-92df-4c7ad9633ee3,C0000400,0.18102271223632607,do_not_contact,0.4,20260921T000216Z,2026-09-21T00:02:18.663389+00:00,1165
c0ac1929-df6b-4ec5-b9b8-d64710303a21,C0001148,0.18048330252393674,do_not_contact,0.4,20260921T000216Z,2026-09-21T00:02:18.663389+00:00,1166
8a060279-b4b5-4e40-b715-e3d7fc7dc1a1,C0001311,0.18047157997843943,do_not_contact,0.4,20260921T000216Z,2026-09-21T00:02:18.663389+00:00,1167
ef0eaf1d-ab23-49f6-a397-d3262c779317,C0001785,0.18037393395193702,do_not_contact,0.4,20260921T000216Z,2026-09-21T00:02:18.663389+00:00,1168
0c9d4a5e-440c-4691-bf99-604a18532ba5,C0001314,0.1803306488881154,do_not_contact,0.4,20260921T000216Z,2026-09-21T00:02:18.663389+00:00,1169
1faed161-49f8-42c5-bdd7-c0c9447c0556,C0001528,0.1802723889767816,do_not_contact,0.4,20260921T000216Z,2026-09-21T00:02:18.663389+00:00,1170
796c707e-c10b-482e-be23-2b5222a13a01,C0000945,0.18023384401112696,do_not_contact,0.4,20260921T000216Z,2026-09-21T00:02:18.663389+00:00,1171
76be7b83-31f6-445e-8e37-45b308f4482a,C0002591,0.18022294238488665,do_not_contact,0.4,20260921T000216Z,2026-09-21T00:02:18.663389+00:00,1172
ccfb1fa9-7224-4f01-9e92-e35a138ca606,C0002669,0.18003943347757315,do_not_contact,0.4,20260921T000216Z,2026-09-21T00:02:18.663389+00:00,1173
792f15a8-fdd2-41b3-8ad1-54adb3b53ba4,C0002749,0.17986493659740524,do_not_contact,0.4,20260921T000216Z,2026-09-21T00:02:18.663389+00:00,1174
b12924df-0935-47d3-88a5-d29129cd93ad,C0001588,0.17967047169876424,do_not_contact,0.4,20260921T000216Z,2026-09-21T00:02:18.663389+00:00,1175
a4e68bde-da04-40a1-9ddb-079ac39d9f43,C0000685,0.17946219580751108,do_not_contact,0.4,20260921T000216Z,2026-09-21T00:02:18.663389+00:00,1176
74777c42-3e10-4898-a47a-283f518b1a79,C0000689,0.17939238270406954,do_not_contact,0.4,20260921T000216Z,2026-09-21T00:02:18.663389+00:00,1177
3ecaf1e3-be8a-4e42-8be1-72f93d36c9bd,C0001072,0.17933339557197442,do_not_contact,0.4,20260921T000216Z,2026-09-21T00:02:18.663389+00:00,1178
25138255-c50c-4588-8f64-3d1516c7185f,C0001804,0.17929354764590913,do_not_contact,0.4,20260921T000216Z,2026-09-21T00:02:18.663389+00:00,1179
98566511-11e2-45a4-bb91-ef4a4131a61b,C0001337,0.17919659157516088,do_not_contact,0.4,20260921T000216Z,2026-09-21T00:02:18.663389+00:00,1180
c3fed06c-af35-47a2-9dc9-d9c6794b6417,C0000645,0.17901746771969085,do_not_contact,0.4,20260921T000216Z,2026-09-21T00:02:18.663389+00:00,1181
c4042e0e-6062-41ea-a8ed-eba4bf0e89e3,C0000334,0.17901437720272875,do_not_contact,0.4,20260921T000216Z,2026-09-21T00:02:18.663389+00:00,1182
945543c6-6adf-4faa-8796-fae7b64acd5e,C0000182,0.1789422606133681,do_not_contact,0.4,20260921T000216Z,2026-09-21T00:02:18.663389+00:00,1183
f99ca32e-9c40-44e6-a302-6424b18fb1bb,C0000310,0.17880468982365022,do_not_contact,0.4,20260921T000216Z,2026-09-21T00:02:18.663389+00:00,1184
24760a39-8128-406c-a8a3-3acd20f2a3fb,C0001355,0.17878098108480242,do_not_contact,0.4,20260921T000216Z,2026-09-21T00:02:18.663389+00:00,1185
9cb6c6fe-7ad8-4595-8e35-4493769a7ac4,C0001256,0.17858167024721905,do_not_contact,0.4,20260921T000216Z,2026-09-21T00:02:18.663389+00:00,1186
def2c7a5-4a7e-4876-83c0-0dcfa0ad8292,C0001272,0.17848176800535165,do_not_contact,0.4,20260921T000216Z,2026-09-21T00:02:18.663389+00:00,1187
7793e8e0-6025-4d07-abc5-97c5ca14dfe1,C0002973,0.1783721861141914,do_not_contact,0.4,20260921T000216Z,2026-09-21T00:02:18.663389+00:00,1188
e82cf5fc-97a6-4869-b306-d4f3cf414775,C0001401,0.1781767205869124,do_not_contact,0.4,20260921T000216Z,2026-09-21T00:02:18.663389+00:00,1189
b9b1575b-faaf-4d84-b558-917d69577b25,C0000292,0.17795545913005423,do_not_contact,0.4,20260921T000216Z,2026-09-21T00:02:18.663389+00:00,1190
280f463e-7a2b-4cf7-80bb-ca3428edd05f,C0002102,0.17777816504573632,do_not_contact,0.4,20260921T000216Z,2026-09-21T00:02:18.663389+00:00,1191
d731f3ff-98e7-423f-87fb-dc809eb6c8ea,C0000462,0.1775600205223519,do_not_contact,0.4,20260921T000216Z,2026-09-21T00:02:18.663389+00:00,1192
2e5f5102-7c7a-435f-8b89-be45abd4cf72,C0000081,0.17741531258298118,do_not_contact,0.4,20260921T000216Z,2026-09-21T00:02:18.663389+00:00,1193
51efdf58-2636-4437-988c-607d8edfd7ba,C0001381,0.17737818584138335,do_not_contact,0.4,20260921T000216Z,2026-09-21T00:02:18.663389+00:00,1194
ba06b6df-d2b1-4bdd-94bd-ed0a46a3c019,C0001474,0.17728619917460656,do_not_contact,0.4,20260921T000216Z,2026-09-21T00:02:18.663389+00:00,1195
a4a50bfe-cac1-4f2a-8c8d-d13bba886226,C0001637,0.17723628803411187,do_not_contact,0.4,20260921T000216Z,2026-09-21T00:02:18.663389+00:00,1196
9e3b717e-50c9-4385-9ad9-55a4c55130ec,C0000106,0.1772148171642673,do_not_contact,0.4,20260921T000216Z,2026-09-21T00:02:18.663389+00:00,1197
9af549e4-8ac2-44f6-adc1-002906b618b6,C0002259,0.17697485112906491,do_not_contact,0.4,20260921T000216Z,2026-09-21T00:02:18.663389+00:00,1198
4d389068-b854-42d6-8a59-cc562a87637e,C0000161,0.17692186917217312,do_not_contact,0.4,20260921T000216Z,2026-09-21T00:02:18.663389+00:00,1199
dd94c756-8553-4f22-9ae2-908a3f16067e,C0001814,0.17689705459393745,do_not_contact,0.4,20260921T000216Z,2026-09-21T00:02:18.663389+00:00,1200
c105c7d6-13de-46b3-970c-91ac71893259,C0001033,0.17652683067928762,do_not_contact,0.4,20260921T000216Z,2026-09-21T00:02:18.663389+00:00,1201
e00f0dde-4bc9-41bc-8315-30a79def5b35,C0002513,0.17625254327132425,do_not_contact,0.4,20260921T000216Z,2026-09-21T00:02:18.663389+00:00,1202
629a2e32-9073-464a-8678-17817e100d4d,C0001131,0.1762112889588081,do_not_contact,0.4,20260921T000216Z,2026-09-21T00:02:18.663389+00:00,1203
871296ed-6fab-46c6-aeb5-4c18522b83f7,C0001652,0.17620784518015908,do_not_contact,0.4,20260921T000216Z,2026-09-21T00:02:18.663389+00:00,1204
3c428248-8820-47c0-8561-0dec316230cb,C0002132,0.1760502492050873,do_not_contact,0.4,20260921T000216Z,2026-09-21T00:02:18.663389+00:00,1205
2e6e5880-1586-4034-bb0e-c4835a651b31,C0002857,0.17561106820002245,do_not_contact,0.4,20260921T000216Z,2026-09-21T00:02:18.663389+00:00,1206
0aedf3d8-7a2e-40a8-9279-7c4b35d006a2,C0000610,0.17557729621774215,do_not_contact,0.4,20260921T000216Z,2026-09-21T00:02:18.663389+00:00,1207
96596d37-5b2f-47a0-bde8-89556ccb5066,C0001740,0.17518911638127882,do_not_contact,0.4,20260921T000216Z,2026-09-21T00:02:18.663389+00:00,1208
da8a297b-3a9c-45cb-b938-e68346db36c5,C0000279,0.17493552585350425,do_not_contact,0.4,20260921T000216Z,2026-09-21T00:02:18.663389+00:00,1209
96a9a976-c5ff-4deb-b84f-2a77df537ea5,C0002303,0.17492141186504157,do_not_contact,0.4,20260921T000216Z,2026-09-21T00:02:18.663389+00:00,1210
f9d4a351-febb-4c0a-849b-c0b12e28fbb0,C0000659,0.1747514387371725,do_not_contact,0.4,20260921T000216Z,2026-09-21T00:02:18.663389+00:00,1211
98e53525-416f-42ac-b46a-c6c63de78b0c,C0001137,0.17452370806881431,do_not_contact,0.4,20260921T000216Z,2026-09-21T00:02:18.663389+00:00,1212
dde886da-60de-4247-8301-910d2ed45910,C0000519,0.17449113452901066,do_not_contact,0.4,20260921T000216Z,2026-09-21T00:02:18.663389+00:00,1213
245b2d13-8976-4429-8779-dedce3155508,C0002247,0.17429083279608057,do_not_contact,0.4,20260921T000216Z,2026-09-21T00:02:18.663389+00:00,1214
17d75836-8fc0-46fe-b220-4f115ab378ae,C0001383,0.1742292437723964,do_not_contact,0.4,20260921T000216Z,2026-09-21T00:02:18.663389+00:00,1215
beab919a-75f1-460c-8add-7d7053cc78f1,C0002286,0.17418543413856497,do_not_contact,0.4,20260921T000216Z,2026-09-21T00:02:18.663389+00:00,1216
774dcb39-b3d1-4cb1-b445-76812597f8e6,C0002762,0.17413994086760298,do_not_contact,0.4,20260921T000216Z,2026-09-21T00:02:18.663389+00:00,1217
ee4f0583-bd97-4f18-a724-1d5df88e4b22,C0002660,0.17401385890859786,do_not_contact,0.4,20260921T000216Z,2026-09-21T00:02:18.663389+00:00,1218
9322c5a9-e96a-4e3c-96f6-78b1bc3ac1fc,C0002269,0.1739865651273113,do_not_contact,0.4,20260921T000216Z,2026-09-21T00:02:18.663389+00:00,1219
697dbd75-39b7-4657-9a68-fd40c65a1f10,C0000837,0.17348420851303856,do_not_contact,0.4,20260921T000216Z,2026-09-21T00:02:18.663389+00:00,1220
68f45bdd-9310-40a1-9e78-4784ea01f686,C0001520,0.17309490641838024,do_not_contact,0.4,20260921T000216Z,2026-09-21T00:02:18.663389+00:00,1221
433c6016-c3e6-497d-a966-ec4e78e65e83,C0001443,0.17257582483484718,do_not_contact,0.4,20260921T000216Z,2026-09-21T00:02:18.663389+00:00,1222
75a04741-dcd9-4b4a-bd0b-54f6abf3d246,C0000838,0.17238158293552,do_not_contact,0.4,20260921T000216Z,2026-09-21T00:02:18.663389+00:00,1223
9f66144f-8ade-4598-9d9a-9bf59d330fa5,C0000408,0.172167306382338,do_not_contact,0.4,20260921T000216Z,2026-09-21T00:02:18.663389+00:00,1224
32d1c2ff-7244-40e4-b196-b98fc828bde6,C0001920,0.17201443495466195,do_not_contact,0.4,20260921T000216Z,2026-09-21T00:02:18.663389+00:00,1225
8354e9ef-6233-4b63-9fcb-6f6bb0e1a1b8,C0000526,0.17172068136710855,do_not_contact,0.4,20260921T000216Z,2026-09-21T00:02:18.663389+00:00,1226
5c0cd25e-9c91-4ac4-b80b-43b660d9cf65,C0000104,0.1716965826488562,do_not_contact,0.4,20260921T000216Z,2026-09-21T00:02:18.663389+00:00,1227
855400f4-2d37-4589-ae82-184ec7fb540a,C0000913,0.17159714216874344,do_not_contact,0.4,20260921T000216Z,2026-09-21T00:02:18.663389+00:00,1228
e3fdd6a1-0383-4774-96a8-2668797b11ae,C0001034,0.17131338026125179,do_not_contact,0.4,20260921T000216Z,2026-09-21T00:02:18.663389+00:00,1229
57fd2cf9-9366-4932-b252-e298568162a1,C0002875,0.1711439235974999,do_not_contact,0.4,20260921T000216Z,2026-09-21T00:02:18.663389+00:00,1230
967acd9a-994d-4909-9928-29f4ee170f94,C0001365,0.17112146160908373,do_not_contact,0.4,20260921T000216Z,2026-09-21T00:02:18.663389+00:00,1231
f3319015-1e3d-4cea-bb0c-bac532be5b3f,C0001684,0.17083685538401475,do_not_contact,0.4,20260921T000216Z,2026-09-21T00:02:18.663389+00:00,1232
e8542881-96b7-497e-a56f-ffe4d47ed9aa,C0001345,0.1707214674285839,do_not_contact,0.4,20260921T000216Z,2026-09-21T00:02:18.663389+00:00,1233
6bf08aa3-f570-48df-8369-26ac47f62b50,C0002244,0.17015838162700467,do_not_contact,0.4,20260921T000216Z,2026-09-21T00:02:18.663389+00:00,1234
56f116f9-01ce-45a4-93cf-908731a63284,C0002792,0.17001271299425857,do_not_contact,0.4,20260921T000216Z,2026-09-21T00:02:18.663389+00:00,1235
81c92932-1f45-468b-9b56-a4cc86eaee39,C0000425,0.16988121178863194,do_not_contact,0.4,20260921T000216Z,2026-09-21T00:02:18.663389+00:00,1236
3eb82dee-dbd6-4e1a-b44c-566262016a34,C0001299,0.16975775253297107,do_not_contact,0.4,20260921T000216Z,2026-09-21T00:02:18.663389+00:00,1237
b72ca2f0-eafa-4755-a0f1-ee3e38bc5dac,C0002939,0.16967882378866397,do_not_contact,0.4,20260921T000216Z,2026-09-21T00:02:18.663389+00:00,1238
b50e33ca-cebb-42c6-9e1d-fc1548c241f2,C0001407,0.1694804347157597,do_not_contact,0.4,20260921T000216Z,2026-09-21T00:02:18.663389+00:00,1239
d4f33744-3bf5-4395-aa5f-aa0a452d9030,C0002575,0.16924942912002658,do_not_contact,0.4,20260921T000216Z,2026-09-21T00:02:18.663389+00:00,1240
ad112e1b-6dc2-4d58-9710-a4633a29a1e1,C0001665,0.1691067850731968,do_not_contact,0.4,20260921T000216Z,2026-09-21T00:02:18.663389+00:00,1241
7db776ba-6134-423f-8311-2f7f57e3879d,C0000133,0.16890404755727892,do_not_contact,0.4,20260921T000216Z,2026-09-21T00:02:18.663389+00:00,1242
651ec1ff-df9d-4127-8e25-d4ab06d4af7f,C0000150,0.1687224988706283,do_not_contact,0.4,20260921T000216Z,2026-09-21T00:02:18.663389+00:00,1243
49581763-75ae-4160-9b91-6f03b0b53595,C0001493,0.16853629412440574,do_not_contact,0.4,20260921T000216Z,2026-09-21T00:02:18.663389+00:00,1244
c3596987-229d-49d4-adad-e8bd578c2e47,C0002069,0.16833197803097918,do_not_contact,0.4,20260921T000216Z,2026-09-21T00:02:18.663389+00:00,1245
244d5b74-47aa-497a-9cfc-47b85c3ad1a6,C0000649,0.16797816310096947,do_not_contact,0.4,20260921T000216Z,2026-09-21T00:02:18.663389+00:00,1246
e2a0415f-07be-400f-afd6-cffb35595352,C0001737,0.16797067665101212,do_not_contact,0.4,20260921T000216Z,2026-09-21T00:02:18.663389+00:00,1247
78190b21-c4df-4dae-98e9-4edfc1473c86,C0002341,0.16786437622930728,do_not_contact,0.4,20260921T000216Z,2026-09-21T00:02:18.663389+00:00,1248
5b105294-845a-4cbb-bc2c-1a86c7d4ea47,C0002961,0.16763914630392732,do_not_contact,0.4,20260921T000216Z,2026-09-21T00:02:18.663389+00:00,1249
21da3e49-663d-4d40-9ab0-c01b3782726e,C0001662,0.16754132512338693,do_not_contact,0.4,20260921T000216Z,2026-09-21T00:02:18.663389+00:00,1250
4a6f9d20-a720-492b-adfd-0d28976c53b0,C0002130,0.16692319042837142,do_not_contact,0.4,20260921T000216Z,2026-09-21T00:02:18.663389+00:00,1251
0512c084-f6cf-46ce-b46d-5f6e38536f2e,C0002922,0.16671948769475756,do_not_contact,0.4,20260921T000216Z,2026-09-21T00:02:18.663389+00:00,1252
31a84b5e-2d87-4491-b33c-c284ef5853ad,C0001800,0.16636560678792026,do_not_contact,0.4,20260921T000216Z,2026-09-21T00:02:18.663389+00:00,1253
ff5ac7e8-88fe-4fe1-beef-0c670313d2ca,C0002291,0.16622351881212005,do_not_contact,0.4,20260921T000216Z,2026-09-21T00:02:18.663389+00:00,1254
f5b09be7-ab07-4f9c-9304-136d166d531a,C0000233,0.166215183786976,do_not_contact,0.4,20260921T000216Z,2026-09-21T00:02:18.663389+00:00,1255
aeda8966-583a-43bc-baf9-3697bde6e8bf,C0002473,0.1659965038738846,do_not_contact,0.4,20260921T000216Z,2026-09-21T00:02:18.663389+00:00,1256
7d401cbf-7349-484b-8c67-02c56b87c0ce,C0002383,0.1659261416135755,do_not_contact,0.4,20260921T000216Z,2026-09-21T00:02:18.663389+00:00,1257
3578d2f8-41f9-4b59-b55b-8a4ce57394c3,C0002234,0.16589095438078216,do_not_contact,0.4,20260921T000216Z,2026-09-21T00:02:18.663389+00:00,1258
dc2634b0-795a-4c19-b945-2501c3a4b171,C0000778,0.1657906134307932,do_not_contact,0.4,20260921T000216Z,2026-09-21T00:02:18.663389+00:00,1259
485b046f-53f7-494b-8ea4-01a6bcbe1075,C0001508,0.16559925987475907,do_not_contact,0.4,20260921T000216Z,2026-09-21T00:02:18.663389+00:00,1260
68462e58-2aee-412c-983b-675d68748d89,C0002697,0.16554199864877933,do_not_contact,0.4,20260921T000216Z,2026-09-21T00:02:18.663389+00:00,1261
6c0f088a-b1ae-469d-ad8e-b0cc5f9838d8,C0000701,0.16532941624760425,do_not_contact,0.4,20260921T000216Z,2026-09-21T00:02:18.663389+00:00,1262
191ca44d-fdcf-4389-bd30-941ceb703909,C0002780,0.16507444980350236,do_not_contact,0.4,20260921T000216Z,2026-09-21T00:02:18.663389+00:00,1263
cd87f2b1-aada-45c7-a526-f3b4f37d488e,C0000389,0.16498526152780316,do_not_contact,0.4,20260921T000216Z,2026-09-21T00:02:18.663389+00:00,1264
db6126f9-ada0-40eb-acc6-c1df0df563c2,C0001614,0.16461619647305234,do_not_contact,0.4,20260921T000216Z,2026-09-21T00:02:18.663389+00:00,1265
d1e4b296-89ef-4683-97d9-4c4bb5aeb780,C0002852,0.16451771016477093,do_not_contact,0.4,20260921T000216Z,2026-09-21T00:02:18.663389+00:00,1266
4eeea6b4-cbf3-48c8-975e-2f9d0310176f,C0002099,0.1640623468702669,do_not_contact,0.4,20260921T000216Z,2026-09-21T00:02:18.663389+00:00,1267
43d603b7-522d-4eed-b485-452402b2322e,C0001716,0.1639647350394928,do_not_contact,0.4,20260921T000216Z,2026-09-21T00:02:18.663389+00:00,1268
69e66990-14ec-47db-8396-74d0ab7c5a37,C0000790,0.16391671404486005,do_not_contact,0.4,20260921T000216Z,2026-09-21T00:02:18.663389+00:00,1269
e86e28aa-306a-4e0e-b4f9-cd52817951da,C0001344,0.1636616522543428,do_not_contact,0.4,20260921T000216Z,2026-09-21T00:02:18.663389+00:00,1270
bab9e028-4a48-43c0-ae0a-ac562bea0859,C0002388,0.1635361833312816,do_not_contact,0.4,20260921T000216Z,2026-09-21T00:02:18.663389+00:00,1271
bbeb6dce-5050-4fcf-8b96-4dce28c764f4,C0001048,0.16346989943029,do_not_contact,0.4,20260921T000216Z,2026-09-21T00:02:18.663389+00:00,1272
bfc1d55e-6ce3-4d31-938c-7933402e6579,C0000196,0.1634112343890084,do_not_contact,0.4,20260921T000216Z,2026-09-21T00:02:18.663389+00:00,1273
2cd586d9-6f0d-4c58-9cbf-670c7c9deb55,C0000937,0.16317889207321912,do_not_contact,0.4,20260921T000216Z,2026-09-21T00:02:18.663389+00:00,1274
92738d18-3f93-485d-b1a6-20879170adcc,C0002698,0.16308085704223876,do_not_contact,0.4,20260921T000216Z,2026-09-21T00:02:18.663389+00:00,1275
ef61dccb-d43f-45b7-a0de-9b4e75b7807b,C0002593,0.16301905494749033,do_not_contact,0.4,20260921T000216Z,2026-09-21T00:02:18.663389+00:00,1276
e154434d-60d9-4869-8e2c-c6494b8c4be9,C0002694,0.16282639504725932,do_not_contact,0.4,20260921T000216Z,2026-09-21T00:02:18.663389+00:00,1277
56184fde-0857-41bc-bcd6-c19869b73ff7,C0002481,0.1627358563440321,do_not_contact,0.4,20260921T000216Z,2026-09-21T00:02:18.663389+00:00,1278
89081b97-0239-43bb-bdc4-01ecdd865893,C0002311,0.1625887201315462,do_not_contact,0.4,20260921T000216Z,2026-09-21T00:02:18.663389+00:00,1279
9dd1eec1-cfe7-45a2-ba92-be943645c919,C0001332,0.16249102357612158,do_not_contact,0.4,20260921T000216Z,2026-09-21T00:02:18.663389+00:00,1280
b2ededbf-8ba2-43a7-973e-b19e70e97436,C0002292,0.16208025682830302,do_not_contact,0.4,20260921T000216Z,2026-09-21T00:02:18.663389+00:00,1281
3321758f-44a5-4203-809e-b74132906e5d,C0002011,0.16205493808855456,do_not_contact,0.4,20260921T000216Z,2026-09-21T00:02:18.663389+00:00,1282
d8a23797-e8d1-4e33-b2c2-1f10f8b377ed,C0002133,0.1618860675446389,do_not_contact,0.4,20260921T000216Z,2026-09-21T00:02:18.663389+00:00,1283
595d22db-900a-4f96-8d7a-9bd016bd0f3c,C0001348,0.16158794078525707,do_not_contact,0.4,20260921T000216Z,2026-09-21T00:02:18.663389+00:00,1284
fe20d571-0b82-4f0c-a59d-7b8d7ae1acca,C0000121,0.1615459304964273,do_not_contact,0.4,20260921T000216Z,2026-09-21T00:02:18.663389+00:00,1285
6496ceb2-707a-467f-b894-7821222f6dc8,C0002612,0.16102573897848935,do_not_contact,0.4,20260921T000216Z,2026-09-21T00:02:18.663389+00:00,1286
4a64f148-e338-490f-a33a-7154eff31d7a,C0002874,0.1608477645457273,do_not_contact,0.4,20260921T000216Z,2026-09-21T00:02:18.663389+00:00,1287
b34e62df-1f7f-4b60-8ada-d47998e862d6,C0001465,0.16076429021573027,do_not_contact,0.4,20260921T000216Z,2026-09-21T00:02:18.663389+00:00,1288
165d8892-2988-460f-ab35-580bb32e8ba2,C0000965,0.1606370583002184,do_not_contact,0.4,20260921T000216Z,2026-09-21T00:02:18.663389+00:00,1289
91218a85-38d7-4a31-b9b4-a430974687bc,C0000697,0.16039614232246327,do_not_contact,0.4,20260921T000216Z,2026-09-21T00:02:18.663389+00:00,1290
11533e60-eccd-4a7b-9711-d03029ffec6b,C0001418,0.16037008704137884,do_not_contact,0.4,20260921T000216Z,2026-09-21T00:02:18.663389+00:00,1291
3eb92629-b888-43c9-9b88-323f21d3d4d3,C0001469,0.16032130133650857,do_not_contact,0.4,20260921T000216Z,2026-09-21T00:02:18.663389+00:00,1292
287d31e5-7850-4048-a759-a39616943ade,C0000722,0.16028565907860634,do_not_contact,0.4,20260921T000216Z,2026-09-21T00:02:18.663389+00:00,1293
e5ee8cdc-bc7e-4f10-a662-f1233c934504,C0002655,0.1602152617367566,do_not_contact,0.4,20260921T000216Z,2026-09-21T00:02:18.663389+00:00,1294
97f9e1b6-5637-4d38-9a3e-1732ed7e4779,C0001128,0.16017349442012455,do_not_contact,0.4,20260921T000216Z,2026-09-21T00:02:18.663389+00:00,1295
f6163b79-806f-4afb-9785-a411a443bbad,C0001021,0.15991908242708522,do_not_contact,0.4,20260921T000216Z,2026-09-21T00:02:18.663389+00:00,1296
9c2f915e-7964-45a1-b03f-d8c2f851fd56,C0000577,0.1597690608135965,do_not_contact,0.4,20260921T000216Z,2026-09-21T00:02:18.663389+00:00,1297
80ea7eb5-e95d-4956-91d1-9ea76dfec64a,C0001140,0.15910758757165083,do_not_contact,0.4,20260921T000216Z,2026-09-21T00:02:18.663389+00:00,1298
b3cf6433-ca1a-4b97-8e26-3942a07e7e4c,C0002893,0.1588767939973337,do_not_contact,0.4,20260921T000216Z,2026-09-21T00:02:18.663389+00:00,1299
df408ce4-7fa5-42b0-9bdf-f6f33e34431c,C0002804,0.15848451404354183,do_not_contact,0.4,20260921T000216Z,2026-09-21T00:02:18.663389+00:00,1300
75ada69c-4ecc-45ec-9075-cdc07053e413,C0001942,0.15844920152571138,do_not_contact,0.4,20260921T000216Z,2026-09-21T00:02:18.663389+00:00,1301
21baa122-8dd0-4ec7-9b2a-f631bf837f33,C0001761,0.1584393618924117,do_not_contact,0.4,20260921T000216Z,2026-09-21T00:02:18.663389+00:00,1302
370a001f-b999-432a-8d02-67fb8e55f266,C0000877,0.15840705003899158,do_not_contact,0.4,20260921T000216Z,2026-09-21T00:02:18.663389+00:00,1303
59180fa5-714e-4b3d-a1ed-c8a538aee125,C0000975,0.15839174725225205,do_not_contact,0.4,20260921T000216Z,2026-09-21T00:02:18.663389+00:00,1304
cb92c07b-81cf-43a8-b810-723f960c6f02,C0002610,0.1583471465133407,do_not_contact,0.4,20260921T000216Z,2026-09-21T00:02:18.663389+00:00,1305
efbd8113-f130-4d80-be8a-ac8b02009c51,C0000261,0.15827259420013376,do_not_contact,0.4,20260921T000216Z,2026-09-21T00:02:18.663389+00:00,1306
7980d110-4709-466e-80a1-d3e585ee3269,C0000200,0.15808043443807715,do_not_contact,0.4,20260921T000216Z,2026-09-21T00:02:18.663389+00:00,1307
135df534-e507-4a69-a4bd-0ccabb48c97a,C0002752,0.15797003249289912,do_not_contact,0.4,20260921T000216Z,2026-09-21T00:02:18.663389+00:00,1308
88061558-bfca-40a9-9c7c-7090921ba598,C0000099,0.15796896718330608,do_not_contact,0.4,20260921T000216Z,2026-09-21T00:02:18.663389+00:00,1309
1d83a5b6-0097-40f5-ab0a-dfc55c547dff,C0002297,0.1578917330829986,do_not_contact,0.4,20260921T000216Z,2026-09-21T00:02:18.663389+00:00,1310
dc89ce1c-cd60-4851-881c-92c017699091,C0000573,0.15765144991993135,do_not_contact,0.4,20260921T000216Z,2026-09-21T00:02:18.663389+00:00,1311
89fe2ccd-910e-405d-a2b7-8dc62277e244,C0000932,0.15762666246085513,do_not_contact,0.4,20260921T000216Z,2026-09-21T00:02:18.663389+00:00,1312
b2c5cda0-3c2e-4df7-953a-051c94b42a99,C0000574,0.1576255974400577,do_not_contact,0.4,20260921T000216Z,2026-09-21T00:02:18.663389+00:00,1313
d3fda238-0c21-41a0-822c-9d2d7c8def5d,C0002177,0.15739267339192717,do_not_contact,0.4,20260921T000216Z,2026-09-21T00:02:18.663389+00:00,1314
38c3cffd-00b0-4a83-a595-219e50da485f,C0002469,0.15708821769080974,do_not_contact,0.4,20260921T000216Z,2026-09-21T00:02:18.663389+00:00,1315
81f3a56a-301b-432a-93a1-5c89328cb833,C0000774,0.1569750269304712,do_not_contact,0.4,20260921T000216Z,2026-09-21T00:02:18.663389+00:00,1316
bdb2838c-718c-4a55-a4fb-0e374e5efacf,C0000339,0.15687358074490834,do_not_contact,0.4,20260921T000216Z,2026-09-21T00:02:18.663389+00:00,1317
7bc86fe6-6721-4f30-951c-aef84ee3c6e7,C0001078,0.1568551159524179,do_not_contact,0.4,20260921T000216Z,2026-09-21T00:02:18.663389+00:00,1318
72219527-257b-4e35-a298-d795220c02aa,C0002128,0.15656585892727787,do_not_contact,0.4,20260921T000216Z,2026-09-21T00:02:18.663389+00:00,1319
e8ee248b-b06f-42a7-9c36-87e4c47f962a,C0002703,0.1564003780122376,do_not_contact,0.4,20260921T000216Z,2026-09-21T00:02:18.663389+00:00,1320
13a84423-6668-4f94-844d-e81c5e5e50c9,C0000341,0.15638812662560764,do_not_contact,0.4,20260921T000216Z,2026-09-21T00:02:18.663389+00:00,1321
372e4e00-b06c-4051-90ff-f4890ef32fc3,C0000808,0.15633035402002202,do_not_contact,0.4,20260921T000216Z,2026-09-21T00:02:18.663389+00:00,1322
efe54818-101e-411c-b703-4d930c00a751,C0001197,0.1562780798012571,do_not_contact,0.4,20260921T000216Z,2026-09-21T00:02:18.663389+00:00,1323
822626d5-d9ee-44a2-8fec-683043f8d7d0,C0000839,0.1560806176755482,do_not_contact,0.4,20260921T000216Z,2026-09-21T00:02:18.663389+00:00,1324
c8b9495f-a522-4318-b7b9-9f4e473050ed,C0002402,0.15587204009410527,do_not_contact,0.4,20260921T000216Z,2026-09-21T00:02:18.663389+00:00,1325
43d72717-f479-45ab-a85e-9b04b09e21d5,C0002993,0.15549142719709586,do_not_contact,0.4,20260921T000216Z,2026-09-21T00:02:18.663389+00:00,1326
66caf82e-aec0-4dac-93ed-7227c4601582,C0001088,0.15539788436790686,do_not_contact,0.4,20260921T000216Z,2026-09-21T00:02:18.663389+00:00,1327
ae61bc20-00e7-4c46-a25d-71f7ccd9adb0,C0000426,0.15536676093216759,do_not_contact,0.4,20260921T000216Z,2026-09-21T00:02:18.663389+00:00,1328
22bc0278-6425-41f8-ad51-3f7f6201337c,C0002372,0.15528888338009394,do_not_contact,0.4,20260921T000216Z,2026-09-21T00:02:18.663389+00:00,1329
7b2639b3-4d3e-4fe2-85d2-ada23baec0df,C0002426,0.15526755383084564,do_not_contact,0.4,20260921T000216Z,2026-09-21T00:02:18.663389+00:00,1330
978dfac9-439b-4477-9f73-58ecea408e3a,C0001573,0.1552665695000502,do_not_contact,0.4,20260921T000216Z,2026-09-21T00:02:18.663389+00:00,1331
911238d5-9eb0-41d8-a084-37c10224c958,C0002429,0.1548285022575374,do_not_contact,0.4,20260921T000216Z,2026-09-21T00:02:18.663389+00:00,1332
ac7a6ef4-c93d-446a-9295-f48bd8ba7a97,C0000325,0.15475895276796428,do_not_contact,0.4,20260921T000216Z,2026-09-21T00:02:18.663389+00:00,1333
102f88d4-43b2-479e-8a6d-441a3642e7d7,C0002143,0.154527475505342,do_not_contact,0.4,20260921T000216Z,2026-09-21T00:02:18.663389+00:00,1334
c8185d54-5ea4-4b55-8250-9149117ac6b6,C0002684,0.1544892859100456,do_not_contact,0.4,20260921T000216Z,2026-09-21T00:02:18.663389+00:00,1335
0c534069-5cfe-42e8-be16-f14ab894301e,C0002493,0.1541932687525668,do_not_contact,0.4,20260921T000216Z,2026-09-21T00:02:18.663389+00:00,1336
e93196c0-8158-4741-9fb7-4394782f12d7,C0000234,0.15415786919748992,do_not_contact,0.4,20260921T000216Z,2026-09-21T00:02:18.663389+00:00,1337
5ef49910-830f-48e3-82f5-22ad3406ac16,C0001247,0.1540347452961199,do_not_contact,0.4,20260921T000216Z,2026-09-21T00:02:18.663389+00:00,1338
c85aa8b1-914f-464d-aa9b-fc8f17f5b543,C0000137,0.15394761132981588,do_not_contact,0.4,20260921T000216Z,2026-09-21T00:02:18.663389+00:00,1339
972fbe54-b926-4128-bd41-065f6b5cc099,C0000872,0.15392658603065187,do_not_contact,0.4,20260921T000216Z,2026-09-21T00:02:18.663389+00:00,1340
147e48e3-9905-47d5-9ca8-03ef2571851e,C0002361,0.15392277979121272,do_not_contact,0.4,20260921T000216Z,2026-09-21T00:02:18.663389+00:00,1341
4cd786a4-fc4f-4a32-aa5e-5caaad7f4766,C0001162,0.15364646583301786,do_not_contact,0.4,20260921T000216Z,2026-09-21T00:02:18.663389+00:00,1342
86830eed-7345-465b-bbd4-846b6a291c7a,C0000880,0.15363179774010793,do_not_contact,0.4,20260921T000216Z,2026-09-21T00:02:18.663389+00:00,1343
2601eae3-9b48-48f4-80fa-235472a38471,C0000323,0.15347652444383283,do_not_contact,0.4,20260921T000216Z,2026-09-21T00:02:18.663389+00:00,1344
fc6d6aad-80cc-4b59-93bd-7ad956e33a8f,C0000338,0.1534540416304821,do_not_contact,0.4,20260921T000216Z,2026-09-21T00:02:18.663389+00:00,1345
0aa26740-fe18-4e43-b6b8-50d80fef4055,C0001190,0.15334542037828244,do_not_contact,0.4,20260921T000216Z,2026-09-21T00:02:18.663389+00:00,1346
b57bec0c-d50b-43fe-b132-ddb3d3345e68,C0001809,0.15330762035526244,do_not_contact,0.4,20260921T000216Z,2026-09-21T00:02:18.663389+00:00,1347
991abb6a-3681-49f4-a02b-6bbd254b316c,C0000188,0.15314524354742243,do_not_contact,0.4,20260921T000216Z,2026-09-21T00:02:18.663389+00:00,1348
1acbb627-b637-4278-808b-9c416f6d1978,C0002532,0.15305747781443846,do_not_contact,0.4,20260921T000216Z,2026-09-21T00:02:18.663389+00:00,1349
3e4d5ded-eea5-40d6-8bb5-88a3e92699e2,C0001118,0.1530551687411758,do_not_contact,0.4,20260921T000216Z,2026-09-21T00:02:18.663389+00:00,1350
a68e9159-b0d5-4a71-b40d-96d6eb6b3121,C0002366,0.1525827343311782,do_not_contact,0.4,20260921T000216Z,2026-09-21T00:02:18.663389+00:00,1351
c7499d23-f5b5-4d07-8b3f-8b636410c225,C0001145,0.1524793772395538,do_not_contact,0.4,20260921T000216Z,2026-09-21T00:02:18.663389+00:00,1352
66847ce1-12ff-45e9-87b2-965b6381c1f9,C0000603,0.15223270395224026,do_not_contact,0.4,20260921T000216Z,2026-09-21T00:02:18.663389+00:00,1353
17011d13-b3d2-4479-b887-da231c2dff2b,C0000175,0.1522206332763082,do_not_contact,0.4,20260921T000216Z,2026-09-21T00:02:18.663389+00:00,1354
b7cc0eba-0702-4bb3-b3aa-f5a7b8b9b2b1,C0001422,0.1520565420778035,do_not_contact,0.4,20260921T000216Z,2026-09-21T00:02:18.663389+00:00,1355
faa3cc05-2bec-4250-9e71-01cd3c3d775e,C0000509,0.1516055730279593,do_not_contact,0.4,20260921T000216Z,2026-09-21T00:02:18.663389+00:00,1356
07f5d70c-6dcc-4017-b205-c8a81febfc88,C0000405,0.15158565852842681,do_not_contact,0.4,20260921T000216Z,2026-09-21T00:02:18.663389+00:00,1357
a7021814-66f2-4233-a6e7-51b2912a0a5d,C0000514,0.1515763333945215,do_not_contact,0.4,20260921T000216Z,2026-09-21T00:02:18.663389+00:00,1358
25cf56cc-cbb2-49bc-96d6-e71149ec52eb,C0000152,0.15151798596583615,do_not_contact,0.4,20260921T000216Z,2026-09-21T00:02:18.663389+00:00,1359
49f04ab5-2e42-45ac-a994-009840b08b63,C0000336,0.15141323324200384,do_not_contact,0.4,20260921T000216Z,2026-09-21T00:02:18.663389+00:00,1360
6d5079b6-f3ab-4e34-9a2a-e66bc045395b,C0002282,0.15139382101885154,do_not_contact,0.4,20260921T000216Z,2026-09-21T00:02:18.663389+00:00,1361
41ae48a4-1d7f-495d-8948-3c1e960d046e,C0001593,0.15137722495522538,do_not_contact,0.4,20260921T000216Z,2026-09-21T00:02:18.663389+00:00,1362
79d12d85-dd2c-4be6-9ea7-50191f69c282,C0000431,0.151360987979843,do_not_contact,0.4,20260921T000216Z,2026-09-21T00:02:18.663389+00:00,1363
47f647bd-2b48-4b19-a016-fbd15a8a99f2,C0001303,0.15132120122795495,do_not_contact,0.4,20260921T000216Z,2026-09-21T00:02:18.663389+00:00,1364
c62430bb-2dd5-4290-a96e-4bca4f8ff129,C0001515,0.15127160276497678,do_not_contact,0.4,20260921T000216Z,2026-09-21T00:02:18.663389+00:00,1365
ecbb6b1d-e8fa-4b60-bd93-cd1caf8dc00d,C0000523,0.15095487365905605,do_not_contact,0.4,20260921T000216Z,2026-09-21T00:02:18.663389+00:00,1366
06fe1c03-7f2c-44d8-8724-a29276a66390,C0002462,0.15090255818203907,do_not_contact,0.4,20260921T000216Z,2026-09-21T00:02:18.663389+00:00,1367
c8509050-dab4-4202-9c46-a4f645aea4b9,C0002953,0.15069559921194148,do_not_contact,0.4,20260921T000216Z,2026-09-21T00:02:18.663389+00:00,1368
c1658b7e-c215-494c-ba9f-463f0019abc0,C0000097,0.15067597934434035,do_not_contact,0.4,20260921T000216Z,2026-09-21T00:02:18.663389+00:00,1369
408217c3-fa02-4e9f-81e3-b72a25d7965f,C0002116,0.1506540060707093,do_not_contact,0.4,20260921T000216Z,2026-09-21T00:02:18.663389+00:00,1370
cddb6033-7e4f-4f06-91ef-005667d78cd2,C0001921,0.1502838362329537,do_not_contact,0.4,20260921T000216Z,2026-09-21T00:02:18.663389+00:00,1371
8c8cc520-c790-4522-9362-8164fc174ba3,C0000320,0.14980134154054695,do_not_contact,0.4,20260921T000216Z,2026-09-21T00:02:18.663389+00:00,1372
53cf4c79-ea7e-441c-a8a7-891dda033267,C0002421,0.1497888258858915,do_not_contact,0.4,20260921T000216Z,2026-09-21T00:02:18.663389+00:00,1373
720ddf1b-f1e6-46c8-884f-76a4b8f9e9fe,C0001451,0.14971606744034155,do_not_contact,0.4,20260921T000216Z,2026-09-21T00:02:18.663389+00:00,1374
18c9a54d-a044-4685-9dfb-4134146d1eec,C0002916,0.14947312972693272,do_not_contact,0.4,20260921T000216Z,2026-09-21T00:02:18.663389+00:00,1375
004af5ee-a71c-48e9-b728-1997ee9d71fc,C0000748,0.14923335083293324,do_not_contact,0.4,20260921T000216Z,2026-09-21T00:02:18.663389+00:00,1376
a4b0efbf-b748-4349-a574-662e16555ee5,C0000866,0.14916104721493878,do_not_contact,0.4,20260921T000216Z,2026-09-21T00:02:18.663389+00:00,1377
95a481e1-c25a-4834-8760-cb19be3ae8f8,C0001094,0.14889298207309007,do_not_contact,0.4,20260921T000216Z,2026-09-21T00:02:18.663389+00:00,1378
84b15311-f827-48d4-8a08-b88797f95364,C0001410,0.1487488671350935,do_not_contact,0.4,20260921T000216Z,2026-09-21T00:02:18.663389+00:00,1379
7f0ed35d-e6d9-4a32-8f25-fed6b9e816c0,C0001837,0.14864547393979347,do_not_contact,0.4,20260921T000216Z,2026-09-21T00:02:18.663389+00:00,1380
7a635012-cf91-47f1-ae14-d85d672a46bd,C0002285,0.14860167722284734,do_not_contact,0.4,20260921T000216Z,2026-09-21T00:02:18.663389+00:00,1381
e3cd0f33-fe1a-43c3-8a3e-b443d03086f8,C0001242,0.14856370629991145,do_not_contact,0.4,20260921T000216Z,2026-09-21T00:02:18.663389+00:00,1382
23dcde4f-43bd-406a-8534-45c0bc7ab00c,C0000865,0.14852531606020258,do_not_contact,0.4,20260921T000216Z,2026-09-21T00:02:18.663389+00:00,1383
fb661099-0b8d-474b-9db1-3854b72da730,C0000093,0.1484312507998044,do_not_contact,0.4,20260921T000216Z,2026-09-21T00:02:18.663389+00:00,1384
e6899ac0-5f5d-4fef-80c7-06698852a1c3,C0001102,0.14808376520753713,do_not_contact,0.4,20260921T000216Z,2026-09-21T00:02:18.663389+00:00,1385
073b503f-f812-4eb0-922f-5614085b751e,C0000146,0.14788759723123399,do_not_contact,0.4,20260921T000216Z,2026-09-21T00:02:18.663389+00:00,1386
ce6c1fa9-774a-48fb-847d-4c89f4d9bf42,C0000723,0.14785625665020094,do_not_contact,0.4,20260921T000216Z,2026-09-21T00:02:18.663389+00:00,1387
43814810-59ab-4209-b1a7-2a5b316b6cee,C0002539,0.1478172239358841,do_not_contact,0.4,20260921T000216Z,2026-09-21T00:02:18.663389+00:00,1388
955f6c6e-b0b7-4e26-916e-0f72a1118337,C0000083,0.14776180404648714,do_not_contact,0.4,20260921T000216Z,2026-09-21T00:02:18.663389+00:00,1389
a6c6c3d2-191b-4caf-9190-a1b51d782c3f,C0002826,0.14760173940995291,do_not_contact,0.4,20260921T000216Z,2026-09-21T00:02:18.663389+00:00,1390
c07a9d1c-7c90-450e-8bc5-c45894b7c1b9,C0002195,0.147461035110421,do_not_contact,0.4,20260921T000216Z,2026-09-21T00:02:18.663389+00:00,1391
5660bc9b-c229-4214-aa82-0afb38f6a885,C0002339,0.1473743975014869,do_not_contact,0.4,20260921T000216Z,2026-09-21T00:02:18.663389+00:00,1392
279d3913-9b96-4359-8ab5-d9411eeb66c5,C0001413,0.14733784765966892,do_not_contact,0.4,20260921T000216Z,2026-09-21T00:02:18.663389+00:00,1393
bd99891a-a3e4-4f28-9091-f815e683ad8c,C0001870,0.1470495984602292,do_not_contact,0.4,20260921T000216Z,2026-09-21T00:02:18.663389+00:00,1394
dbdc13d1-788a-4f0d-87f1-b11ee21fd42c,C0001798,0.14701608100130392,do_not_contact,0.4,20260921T000216Z,2026-09-21T00:02:18.663389+00:00,1395
7ac9df4a-fd54-4d4f-92b2-6a3fdc56c905,C0002322,0.14699355698732144,do_not_contact,0.4,20260921T000216Z,2026-09-21T00:02:18.663389+00:00,1396
000627d2-ac1e-47fd-bf2a-95f5685536ba,C0002773,0.14695378513993307,do_not_contact,0.4,20260921T000216Z,2026-09-21T00:02:18.663389+00:00,1397
47954a15-61c2-453a-989c-8ad564fd1221,C0000944,0.14686068726974616,do_not_contact,0.4,20260921T000216Z,2026-09-21T00:02:18.663389+00:00,1398
b6610942-c914-4d76-baa9-1c9b97204f0d,C0001779,0.14685516519339614,do_not_contact,0.4,20260921T000216Z,2026-09-21T00:02:18.663389+00:00,1399
b655a28e-5c7a-4e3d-92d7-ac03375f4ce6,C0002722,0.14676779857598485,do_not_contact,0.4,20260921T000216Z,2026-09-21T00:02:18.663389+00:00,1400
18374480-92a9-4b2e-a705-d7d0a626556f,C0002119,0.1464504025334179,do_not_contact,0.4,20260921T000216Z,2026-09-21T00:02:18.663389+00:00,1401
a5b22835-4293-4b63-8c42-94293c1bf2c4,C0000262,0.1464344149029472,do_not_contact,0.4,20260921T000216Z,2026-09-21T00:02:18.663389+00:00,1402
c2698601-2221-4d74-9312-bdc970b34419,C0002847,0.14630444636510645,do_not_contact,0.4,20260921T000216Z,2026-09-21T00:02:18.663389+00:00,1403
d9d99b2f-f164-49a9-8f97-efc459a95b47,C0000029,0.14618991260634007,do_not_contact,0.4,20260921T000216Z,2026-09-21T00:02:18.663389+00:00,1404
6f68ca40-617b-4c6b-bb56-eb42631864cd,C0002033,0.14597248311730143,do_not_contact,0.4,20260921T000216Z,2026-09-21T00:02:18.663389+00:00,1405
a09d2e96-e66e-4ed4-97d2-0121c28c8929,C0000055,0.14589150284197047,do_not_contact,0.4,20260921T000216Z,2026-09-21T00:02:18.663389+00:00,1406
8e7f61d9-f930-42ab-997b-d0f3c054f101,C0000100,0.14578798888314934,do_not_contact,0.4,20260921T000216Z,2026-09-21T00:02:18.663389+00:00,1407
4ba2fa0f-a955-4869-803e-b237b250189d,C0000355,0.1456694760737471,do_not_contact,0.4,20260921T000216Z,2026-09-21T00:02:18.663389+00:00,1408
999d9ad2-8500-4ecb-92a9-f55d53b18ec5,C0000973,0.14565274306504453,do_not_contact,0.4,20260921T000216Z,2026-09-21T00:02:18.663389+00:00,1409
71dc2f90-1fdf-4d56-ab8b-1489dabc9aa3,C0002393,0.14557777991151533,do_not_contact,0.4,20260921T000216Z,2026-09-21T00:02:18.663389+00:00,1410
54c47f44-62b4-47ee-a1d2-c96501835d26,C0001578,0.14542896322579116,do_not_contact,0.4,20260921T000216Z,2026-09-21T00:02:18.663389+00:00,1411
3754f41b-f345-4eba-9116-444574dbac44,C0000705,0.1454048394724967,do_not_contact,0.4,20260921T000216Z,2026-09-21T00:02:18.663389+00:00,1412
837641b4-51d6-42fd-b460-38fc1022d0ac,C0002014,0.1453435356532453,do_not_contact,0.4,20260921T000216Z,2026-09-21T00:02:18.663389+00:00,1413
dfbf5a27-7679-4792-a803-b3b318692d72,C0001904,0.14531602208503988,do_not_contact,0.4,20260921T000216Z,2026-09-21T00:02:18.663389+00:00,1414
24ac9398-6262-476f-9986-7b7d767640b7,C0001143,0.14498383983943194,do_not_contact,0.4,20260921T000216Z,2026-09-21T00:02:18.663389+00:00,1415
4802632c-efc8-45b6-a164-586871ea2c9b,C0001865,0.14459188883360813,do_not_contact,0.4,20260921T000216Z,2026-09-21T00:02:18.663389+00:00,1416
000de468-e4cc-4278-9100-3d01c0dc17d0,C0001176,0.14435901331297202,do_not_contact,0.4,20260921T000216Z,2026-09-21T00:02:18.663389+00:00,1417
e0eede13-05a9-4cee-a20f-109d53b75b61,C0001232,0.14434250798813905,do_not_contact,0.4,20260921T000216Z,2026-09-21T00:02:18.663389+00:00,1418
ea92a2c4-f609-45c3-b0d5-599bc5f4746d,C0000964,0.14429836644977403,do_not_contact,0.4,20260921T000216Z,2026-09-21T00:02:18.663389+00:00,1419
17317bc4-fab4-44e8-ac5d-7a27c4c0dc66,C0001839,0.14395671826477063,do_not_contact,0.4,20260921T000216Z,2026-09-21T00:02:18.663389+00:00,1420
1af34741-b441-422f-a197-82be1152beae,C0000622,0.14379263738086376,do_not_contact,0.4,20260921T000216Z,2026-09-21T00:02:18.663389+00:00,1421
ee4970b2-9a4c-4ba1-971a-461a4a4531eb,C0001307,0.14377896376289268,do_not_contact,0.4,20260921T000216Z,2026-09-21T00:02:18.663389+00:00,1422
f6c5577a-c699-4f8a-ae41-c810427358c2,C0002351,0.14373268958454824,do_not_contact,0.4,20260921T000216Z,2026-09-21T00:02:18.663389+00:00,1423
269413d3-8ab8-4528-87b6-32bc5ddcc7c7,C0000238,0.14358072442236655,do_not_contact,0.4,20260921T000216Z,2026-09-21T00:02:18.663389+00:00,1424
38e93168-6350-43df-82b2-163dff102697,C0001632,0.14352792028216085,do_not_contact,0.4,20260921T000216Z,2026-09-21T00:02:18.663389+00:00,1425
e2e4f22b-7e06-4ac5-906f-2ad92b9fb218,C0000922,0.1435248966229821,do_not_contact,0.4,20260921T000216Z,2026-09-21T00:02:18.663389+00:00,1426
8cdabca4-d261-4622-877a-bd4d5d44442a,C0000668,0.1433620846169952,do_not_contact,0.4,20260921T000216Z,2026-09-21T00:02:18.663389+00:00,1427
aa987a24-ae91-407d-8fd9-77e4907cdcb6,C0001751,0.14334610216505903,do_not_contact,0.4,20260921T000216Z,2026-09-21T00:02:18.663389+00:00,1428
9ca2511d-3e36-4cba-ac88-b7878cb0d8df,C0002044,0.14333350462584357,do_not_contact,0.4,20260921T000216Z,2026-09-21T00:02:18.663389+00:00,1429
d1905d4d-e9fa-49d8-b512-1cc46fbf5b7e,C0000660,0.14330796296755713,do_not_contact,0.4,20260921T000216Z,2026-09-21T00:02:18.663389+00:00,1430
8d33b000-cb2c-4bb9-b356-ea4f971165c6,C0002242,0.1432875810467932,do_not_contact,0.4,20260921T000216Z,2026-09-21T00:02:18.663389+00:00,1431
45f0274c-90d9-4de3-9d60-2048bde02b37,C0000250,0.143178294212966,do_not_contact,0.4,20260921T000216Z,2026-09-21T00:02:18.663389+00:00,1432
0f5c5a70-df8a-4175-af26-9b6bf450b9d7,C0001774,0.1431231381545213,do_not_contact,0.4,20260921T000216Z,2026-09-21T00:02:18.663389+00:00,1433
410e01ae-1c1e-4939-aed6-bb75766ccb1f,C0001625,0.14276665078256146,do_not_contact,0.4,20260921T000216Z,2026-09-21T00:02:18.663389+00:00,1434
b5932ded-7d3f-4ad8-bc8c-f0b917b6c601,C0000540,0.142591872572423,do_not_contact,0.4,20260921T000216Z,2026-09-21T00:02:18.663389+00:00,1435
71e184c2-e154-4d97-923b-8aa2ee6d0af1,C0002483,0.14254220880545898,do_not_contact,0.4,20260921T000216Z,2026-09-21T00:02:18.663389+00:00,1436
4370aa73-2e29-4006-a7ed-900911664182,C0001358,0.14238742214863606,do_not_contact,0.4,20260921T000216Z,2026-09-21T00:02:18.663389+00:00,1437
a9558088-3835-4ca5-8e45-c415eeea17d0,C0002782,0.14224973899820206,do_not_contact,0.4,20260921T000216Z,2026-09-21T00:02:18.663389+00:00,1438
3921e51d-da39-41d5-aa3a-7b0cf183dbca,C0001080,0.14215462329457032,do_not_contact,0.4,20260921T000216Z,2026-09-21T00:02:18.663389+00:00,1439
dd84e21a-4bc1-4351-91f1-969d2c0f91ed,C0001288,0.14214245393814048,do_not_contact,0.4,20260921T000216Z,2026-09-21T00:02:18.663389+00:00,1440
7b1fdbfc-ed79-461d-8246-ef83cb42f635,C0002346,0.1419522649403236,do_not_contact,0.4,20260921T000216Z,2026-09-21T00:02:18.663389+00:00,1441
16b7954c-7a42-40e8-879f-70bfe313cbff,C0000541,0.14194957326222674,do_not_contact,0.4,20260921T000216Z,2026-09-21T00:02:18.663389+00:00,1442
1ddfb600-a0d7-442d-91a2-d9716c29df10,C0002253,0.14160918161542266,do_not_contact,0.4,20260921T000216Z,2026-09-21T00:02:18.663389+00:00,1443
0edbc00f-cd60-4d75-bbf9-d63372d81210,C0002047,0.14147156299817293,do_not_contact,0.4,20260921T000216Z,2026-09-21T00:02:18.663389+00:00,1444
56443d50-b2cc-4cbb-9ff3-2f647dda4411,C0001725,0.1411067169169631,do_not_contact,0.4,20260921T000216Z,2026-09-21T00:02:18.663389+00:00,1445
9597cb27-1b0e-42e1-8b8b-e6dbd55e5c10,C0002975,0.14104200072921447,do_not_contact,0.4,20260921T000216Z,2026-09-21T00:02:18.663389+00:00,1446
d2c002f0-46fd-4207-825a-e92f51708bcd,C0002183,0.14077493988643808,do_not_contact,0.4,20260921T000216Z,2026-09-21T00:02:18.663389+00:00,1447
b28df62f-bc44-4e3e-88f4-dceaec71e75b,C0000724,0.14077036683271152,do_not_contact,0.4,20260921T000216Z,2026-09-21T00:02:18.663389+00:00,1448
3b9aa64c-6d81-4f33-ab08-d602c35f03b9,C0000124,0.1407068233310613,do_not_contact,0.4,20260921T000216Z,2026-09-21T00:02:18.663389+00:00,1449
5c149336-5007-4f7d-b920-d668fac6d240,C0002635,0.14070054692950199,do_not_contact,0.4,20260921T000216Z,2026-09-21T00:02:18.663389+00:00,1450
2b2caace-d4f2-4a97-82ee-2245126d3c5c,C0001330,0.14056211889269563,do_not_contact,0.4,20260921T000216Z,2026-09-21T00:02:18.663389+00:00,1451
dbbf1645-5eeb-4027-be78-805df8264f89,C0001954,0.1403221743305876,do_not_contact,0.4,20260921T000216Z,2026-09-21T00:02:18.663389+00:00,1452
a0651d31-2cf9-48f3-a11b-17fbd10d40a2,C0000265,0.1403100673439034,do_not_contact,0.4,20260921T000216Z,2026-09-21T00:02:18.663389+00:00,1453
43d8928f-5fd1-4de1-8138-1b628c5c4b93,C0002219,0.13989736451692453,do_not_contact,0.4,20260921T000216Z,2026-09-21T00:02:18.663389+00:00,1454
05ce30b8-c86b-49a5-9470-2e6693581997,C0000284,0.13987035404410098,do_not_contact,0.4,20260921T000216Z,2026-09-21T00:02:18.663389+00:00,1455
6f8afa9f-e6d5-4007-aba5-62f27fd27c3a,C0001918,0.13980898666804728,do_not_contact,0.4,20260921T000216Z,2026-09-21T00:02:18.663389+00:00,1456
193a0309-1f11-4fca-a299-bece2822f39d,C0001192,0.13976868935560316,do_not_contact,0.4,20260921T000216Z,2026-09-21T00:02:18.663389+00:00,1457
f5a949f1-24dc-4716-9ae5-6612cec14fb6,C0000639,0.13976283936770492,do_not_contact,0.4,20260921T000216Z,2026-09-21T00:02:18.663389+00:00,1458
f22d5113-c0a9-4c3d-8fdb-a958c11374cd,C0001700,0.13972441596180477,do_not_contact,0.4,20260921T000216Z,2026-09-21T00:02:18.663389+00:00,1459
d2a5f7f5-88a2-4efc-9d0a-091c3f905100,C0001138,0.1395320797851421,do_not_contact,0.4,20260921T000216Z,2026-09-21T00:02:18.663389+00:00,1460
89fa6a2b-0237-4be7-a157-c9e3dfd8824a,C0002120,0.13953157031357882,do_not_contact,0.4,20260921T000216Z,2026-09-21T00:02:18.663389+00:00,1461
388f0309-0dff-45a8-a4bc-f13944bc3db7,C0001219,0.13950117829139694,do_not_contact,0.4,20260921T000216Z,2026-09-21T00:02:18.663389+00:00,1462
c1b2bec3-ea8a-4e4f-bd72-2c8b6898895a,C0000013,0.1394728735163908,do_not_contact,0.4,20260921T000216Z,2026-09-21T00:02:18.663389+00:00,1463
2aa929e0-6e9d-46af-a25f-f09db1faef27,C0002695,0.13945714164078554,do_not_contact,0.4,20260921T000216Z,2026-09-21T00:02:18.663389+00:00,1464
dd7bd974-fefc-4eec-8baf-26995297407e,C0001619,0.1393565967000349,do_not_contact,0.4,20260921T000216Z,2026-09-21T00:02:18.663389+00:00,1465
8bfbf247-6201-4339-be9c-c76f3953f01e,C0001907,0.1391793588933006,do_not_contact,0.4,20260921T000216Z,2026-09-21T00:02:18.663389+00:00,1466
0c15aa1d-3879-460b-a3d7-bf8bb6fb003e,C0000434,0.13915388931226552,do_not_contact,0.4,20260921T000216Z,2026-09-21T00:02:18.663389+00:00,1467
e5004ab5-29a2-4199-a59f-31a9d5891a30,C0002007,0.13910371102134803,do_not_contact,0.4,20260921T000216Z,2026-09-21T00:02:18.663389+00:00,1468
dab4b1e5-0999-4a1d-9b7d-5e101901696b,C0000285,0.1390770684345971,do_not_contact,0.4,20260921T000216Z,2026-09-21T00:02:18.663389+00:00,1469
0663ed65-f644-4ad1-a1c7-77a14b14a5bf,C0002182,0.13893475496286978,do_not_contact,0.4,20260921T000216Z,2026-09-21T00:02:18.663389+00:00,1470
a8633408-cedc-45ee-835a-4b2a6dd05847,C0000914,0.13890531611525883,do_not_contact,0.4,20260921T000216Z,2026-09-21T00:02:18.663389+00:00,1471
ca38a92a-f6f3-46c8-baa4-0f4c21e744a2,C0001244,0.13890212190838314,do_not_contact,0.4,20260921T000216Z,2026-09-21T00:02:18.663389+00:00,1472
bcd14ca4-99ca-40e6-8987-c2a60e8536ec,C0002699,0.13883896826757025,do_not_contact,0.4,20260921T000216Z,2026-09-21T00:02:18.663389+00:00,1473
7b52f64c-1f5d-4dc0-98ef-4fa3a90198ee,C0002864,0.13872982693000402,do_not_contact,0.4,20260921T000216Z,2026-09-21T00:02:18.663389+00:00,1474
2c70d678-e52c-43f3-962d-5c88201b4c8d,C0002505,0.13845912728408535,do_not_contact,0.4,20260921T000216Z,2026-09-21T00:02:18.663389+00:00,1475
8100ab08-f864-4e56-9f7c-a0c1c026c2eb,C0002861,0.13844082514348494,do_not_contact,0.4,20260921T000216Z,2026-09-21T00:02:18.663389+00:00,1476
32daa8c0-7bfb-483d-bf9e-504d1cffc657,C0002744,0.13824905556433392,do_not_contact,0.4,20260921T000216Z,2026-09-21T00:02:18.663389+00:00,1477
33f5a63e-c6fc-4960-b1cf-c675f727843f,C0000491,0.13818807892489238,do_not_contact,0.4,20260921T000216Z,2026-09-21T00:02:18.663389+00:00,1478
54bec9b4-1ec2-4852-9d63-04aabbddb423,C0001160,0.1380952929622513,do_not_contact,0.4,20260921T000216Z,2026-09-21T00:02:18.663389+00:00,1479
3e4f4452-ba71-45ea-ae84-fb2053f6afb1,C0000792,0.13807987682235262,do_not_contact,0.4,20260921T000216Z,2026-09-21T00:02:18.663389+00:00,1480
e6ec8461-456e-44ab-bbb6-3722037bf7dc,C0002180,0.13788516493977426,do_not_contact,0.4,20260921T000216Z,2026-09-21T00:02:18.663389+00:00,1481
a525a8a0-3827-4445-a0e1-0f6344e78524,C0001556,0.13763156406191057,do_not_contact,0.4,20260921T000216Z,2026-09-21T00:02:18.663389+00:00,1482
389fbd36-c4d8-4f9e-8d34-e8ed02fb35de,C0002717,0.13754457572387896,do_not_contact,0.4,20260921T000216Z,2026-09-21T00:02:18.663389+00:00,1483
f7b9d91e-85f8-4cbb-a698-3900b21f30bf,C0002113,0.13752480240020074,do_not_contact,0.4,20260921T000216Z,2026-09-21T00:02:18.663389+00:00,1484
0a448001-5f8f-4c1e-8943-4c548f33423d,C0001189,0.137452899119941,do_not_contact,0.4,20260921T000216Z,2026-09-21T00:02:18.663389+00:00,1485
e2141916-e8a7-44d4-91f5-3903a78639e6,C0002678,0.13733313916617695,do_not_contact,0.4,20260921T000216Z,2026-09-21T00:02:18.663389+00:00,1486
a5602675-89f5-4a2e-9b8e-f958b22ddf30,C0002748,0.1372336973620351,do_not_contact,0.4,20260921T000216Z,2026-09-21T00:02:18.663389+00:00,1487
c8d14004-bbd9-4d18-869e-a9b839699e13,C0001273,0.13706195171279442,do_not_contact,0.4,20260921T000216Z,2026-09-21T00:02:18.663389+00:00,1488
23cb1c90-531e-4eb0-8ce2-df0bc302394b,C0002318,0.13692629862071742,do_not_contact,0.4,20260921T000216Z,2026-09-21T00:02:18.663389+00:00,1489
13dafaa4-b629-4cfe-a7f7-c816fb9e3e43,C0000134,0.13687651527199768,do_not_contact,0.4,20260921T000216Z,2026-09-21T00:02:18.663389+00:00,1490
f8357e53-5638-401f-9204-13f1600f6f36,C0001808,0.13657752501115722,do_not_contact,0.4,20260921T000216Z,2026-09-21T00:02:18.663389+00:00,1491
218e647e-1ce6-448c-af60-bed97a9f3e6c,C0000709,0.13644382573334088,do_not_contact,0.4,20260921T000216Z,2026-09-21T00:02:18.663389+00:00,1492
c195f39d-f736-405f-a748-7d33188d7219,C0000716,0.13636268399123466,do_not_contact,0.4,20260921T000216Z,2026-09-21T00:02:18.663389+00:00,1493
fce08fee-4ad0-4d80-87d3-46943866f118,C0002828,0.1362211257844193,do_not_contact,0.4,20260921T000216Z,2026-09-21T00:02:18.663389+00:00,1494
e6ad84d5-d79b-4fe0-b81c-9bf575d625fe,C0001437,0.13618944209474043,do_not_contact,0.4,20260921T000216Z,2026-09-21T00:02:18.663389+00:00,1495
cd458ab9-9482-4707-9096-33ef428483ad,C0002158,0.13600349721512245,do_not_contact,0.4,20260921T000216Z,2026-09-21T00:02:18.663389+00:00,1496
3026e411-7c54-4813-bf7d-f05909b5b9d6,C0002716,0.1357930078211878,do_not_contact,0.4,20260921T000216Z,2026-09-21T00:02:18.663389+00:00,1497
46de2944-6a67-4fca-b64a-635cf6bf6e18,C0000832,0.13575583288167875,do_not_contact,0.4,20260921T000216Z,2026-09-21T00:02:18.663389+00:00,1498
d03d21d0-8268-46fc-a201-548408705465,C0002675,0.13554732398113548,do_not_contact,0.4,20260921T000216Z,2026-09-21T00:02:18.663389+00:00,1499
2a807003-8984-4cea-92cf-a2e0196fc47b,C0001974,0.13554215133505162,do_not_contact,0.4,20260921T000216Z,2026-09-21T00:02:18.663389+00:00,1500
46af5417-2162-4d4f-b733-c936be2d4ec1,C0001524,0.13547313225476487,do_not_contact,0.4,20260921T000216Z,2026-09-21T00:02:18.663389+00:00,1501
f156b23c-c409-402d-a0a2-0ebeb5ad512a,C0002562,0.135313479484318,do_not_contact,0.4,20260921T000216Z,2026-09-21T00:02:18.663389+00:00,1502
d7048309-9f29-4cd2-84dd-66b50682f7bb,C0000249,0.13514084130475043,do_not_contact,0.4,20260921T000216Z,2026-09-21T00:02:18.663389+00:00,1503
24cbbbc1-17d4-4c35-86fb-63407f6010ea,C0002490,0.1350993974334887,do_not_contact,0.4,20260921T000216Z,2026-09-21T00:02:18.663389+00:00,1504
d2c2afb7-6157-4359-bf3e-c862820e7f41,C0001499,0.13458812781440868,do_not_contact,0.4,20260921T000216Z,2026-09-21T00:02:18.663389+00:00,1505
8238b0c5-39fc-4f0b-943c-006568305967,C0000288,0.1344760882082417,do_not_contact,0.4,20260921T000216Z,2026-09-21T00:02:18.663389+00:00,1506
8fa2f6cf-685e-4067-a064-a23f07528bc6,C0002578,0.13447349477829768,do_not_contact,0.4,20260921T000216Z,2026-09-21T00:02:18.663389+00:00,1507
15ac3526-7b3d-495f-a965-d949817bb398,C0001854,0.1342025495102746,do_not_contact,0.4,20260921T000216Z,2026-09-21T00:02:18.663389+00:00,1508
7ca480c6-7e16-4dd9-908e-88448fd402d7,C0001826,0.13417215190009205,do_not_contact,0.4,20260921T000216Z,2026-09-21T00:02:18.663389+00:00,1509
771692c1-e5ae-4e26-9910-026179c63b9a,C0001892,0.13387188528462,do_not_contact,0.4,20260921T000216Z,2026-09-21T00:02:18.663389+00:00,1510
4174b1d9-97e2-40fb-9285-6ebdf7d401d0,C0002357,0.13378952576126732,do_not_contact,0.4,20260921T000216Z,2026-09-21T00:02:18.663389+00:00,1511
07a567b1-1699-4a19-94d0-c26e51d77682,C0002323,0.13343194262055177,do_not_contact,0.4,20260921T000216Z,2026-09-21T00:02:18.663389+00:00,1512
96fd2ea8-6ee2-41ab-bc91-ab3a2a246d37,C0000542,0.13339377536448419,do_not_contact,0.4,20260921T000216Z,2026-09-21T00:02:18.663389+00:00,1513
9ccabe98-02d3-49a8-8e0a-5c1560d19efb,C0000373,0.13313162406584877,do_not_contact,0.4,20260921T000216Z,2026-09-21T00:02:18.663389+00:00,1514
6c5bc371-f9e9-499b-a147-5a27b6b32624,C0001653,0.13313137436238817,do_not_contact,0.4,20260921T000216Z,2026-09-21T00:02:18.663389+00:00,1515
062d87b9-7141-498b-99b4-d7c56ca78372,C0002251,0.13300078945711527,do_not_contact,0.4,20260921T000216Z,2026-09-21T00:02:18.663389+00:00,1516
c0af5aab-78d2-45d1-ac7f-e9b639a29ddd,C0002892,0.13296007741068336,do_not_contact,0.4,20260921T000216Z,2026-09-21T00:02:18.663389+00:00,1517
d57ef7dc-f0a7-4949-8766-972eae4a0104,C0000073,0.13273961624645797,do_not_contact,0.4,20260921T000216Z,2026-09-21T00:02:18.663389+00:00,1518
95966114-6616-496d-bba4-fcc5353f0b11,C0002514,0.13267779923235123,do_not_contact,0.4,20260921T000216Z,2026-09-21T00:02:18.663389+00:00,1519
b5e99278-bdf5-4268-9039-d56fd2d62255,C0001539,0.1326136317401359,do_not_contact,0.4,20260921T000216Z,2026-09-21T00:02:18.663389+00:00,1520
5e70e7c1-e715-4434-b901-64d297985c00,C0001124,0.13256189324512296,do_not_contact,0.4,20260921T000216Z,2026-09-21T00:02:18.663389+00:00,1521
5a3e1f20-c5fb-4444-974e-e79521a1cf4b,C0002785,0.13244889566100315,do_not_contact,0.4,20260921T000216Z,2026-09-21T00:02:18.663389+00:00,1522
44b1c21b-79ac-4b3b-b043-106871f73a9c,C0001782,0.13237203803342726,do_not_contact,0.4,20260921T000216Z,2026-09-21T00:02:18.663389+00:00,1523
0de7cc42-eb58-48dc-b0e4-2b19f50cb5d6,C0002797,0.13232663941737247,do_not_contact,0.4,20260921T000216Z,2026-09-21T00:02:18.663389+00:00,1524
6e07e6f2-5f54-4219-922e-e13633a1259c,C0002348,0.13219141661915015,do_not_contact,0.4,20260921T000216Z,2026-09-21T00:02:18.663389+00:00,1525
d82f2024-8db3-45e3-a4b9-5f9a2befcb8b,C0001430,0.13213988660599166,do_not_contact,0.4,20260921T000216Z,2026-09-21T00:02:18.663389+00:00,1526
ce3af848-5cb3-4c8f-ade3-fb1b429d0ab2,C0000739,0.13200817673637624,do_not_contact,0.4,20260921T000216Z,2026-09-21T00:02:18.663389+00:00,1527
4682690e-2eb7-4f22-a4f8-4eab9e4a586d,C0002452,0.1319903804630577,do_not_contact,0.4,20260921T000216Z,2026-09-21T00:02:18.663389+00:00,1528
97f2c9f6-d342-490c-af40-e8ea9149713b,C0001631,0.13191133055148252,do_not_contact,0.4,20260921T000216Z,2026-09-21T00:02:18.663389+00:00,1529
92fec27f-bb1c-40bf-8745-2385f8328ee0,C0000433,0.13184538720431338,do_not_contact,0.4,20260921T000216Z,2026-09-21T00:02:18.663389+00:00,1530
1d8d1578-51b5-424b-9cc1-a20a0f9611fd,C0002605,0.13184431128306204,do_not_contact,0.4,20260921T000216Z,2026-09-21T00:02:18.663389+00:00,1531
188f9c9e-8efc-40db-acf6-572469abb283,C0000361,0.13182092133956402,do_not_contact,0.4,20260921T000216Z,2026-09-21T00:02:18.663389+00:00,1532
4a82e920-13e1-4382-83d2-bfb0f5dd890b,C0000576,0.1316771792414388,do_not_contact,0.4,20260921T000216Z,2026-09-21T00:02:18.663389+00:00,1533
e43e0795-8b23-4887-9a4c-8a971a14d773,C0002010,0.13165618755788538,do_not_contact,0.4,20260921T000216Z,2026-09-21T00:02:18.663389+00:00,1534
09eab7fb-fbda-48e4-8c79-de181998db23,C0001553,0.13133188357498235,do_not_contact,0.4,20260921T000216Z,2026-09-21T00:02:18.663389+00:00,1535
5fec0145-dca5-4dd3-aecc-36fcaec6a609,C0002422,0.13129976290455364,do_not_contact,0.4,20260921T000216Z,2026-09-21T00:02:18.663389+00:00,1536
c692b015-8b5c-452f-ba2d-d60a729bd1fe,C0000909,0.13120694431639937,do_not_contact,0.4,20260921T000216Z,2026-09-21T00:02:18.663389+00:00,1537
f2e1b900-0060-46f9-9e80-05932331337d,C0002921,0.1311620004301032,do_not_contact,0.4,20260921T000216Z,2026-09-21T00:02:18.663389+00:00,1538
30c586f6-ce25-45b9-b3e8-74ef70cdd0f5,C0001762,0.13109251317513076,do_not_contact,0.4,20260921T000216Z,2026-09-21T00:02:18.663389+00:00,1539
731c8ee5-39aa-4c9f-8959-f61061add692,C0002410,0.13096492914233604,do_not_contact,0.4,20260921T000216Z,2026-09-21T00:02:18.663389+00:00,1540
ca8b7ddb-7e4e-47f5-a893-fc57d7b25d72,C0000296,0.13089003572417907,do_not_contact,0.4,20260921T000216Z,2026-09-21T00:02:18.663389+00:00,1541
8e6aadc6-7ad1-44c0-9ce1-7d20e0025110,C0000418,0.13088293406646356,do_not_contact,0.4,20260921T000216Z,2026-09-21T00:02:18.663389+00:00,1542
7b97d74d-6558-499a-9e9b-13423ef6893d,C0001607,0.1308816396454418,do_not_contact,0.4,20260921T000216Z,2026-09-21T00:02:18.663389+00:00,1543
632bd918-1202-4bf4-a176-046b6ad1904b,C0000194,0.1307867539848991,do_not_contact,0.4,20260921T000216Z,2026-09-21T00:02:18.663389+00:00,1544
16c78a21-6ab4-492c-ab75-6b3219e3f736,C0001621,0.1307446185209079,do_not_contact,0.4,20260921T000216Z,2026-09-21T00:02:18.663389+00:00,1545
bd92c7d0-7955-474f-b8f4-bd80e815e4f7,C0000043,0.13072339817884135,do_not_contact,0.4,20260921T000216Z,2026-09-21T00:02:18.663389+00:00,1546
07619660-cb6a-486d-a507-9810bc68b735,C0002367,0.13070401670311907,do_not_contact,0.4,20260921T000216Z,2026-09-21T00:02:18.663389+00:00,1547
11e13b2a-ec26-498b-8901-f4e120b36fe0,C0000949,0.1302216304670982,do_not_contact,0.4,20260921T000216Z,2026-09-21T00:02:18.663389+00:00,1548
fb91b417-1351-4d39-a5b8-4cc4438d391b,C0002043,0.1301869173689438,do_not_contact,0.4,20260921T000216Z,2026-09-21T00:02:18.663389+00:00,1549
d6b9d030-e2ba-4b9e-bea7-c4370ee04a35,C0001257,0.13015125856758092,do_not_contact,0.4,20260921T000216Z,2026-09-21T00:02:18.663389+00:00,1550
0cff7718-c5ba-408e-a4f9-1cd47ebb5521,C0000773,0.13004776566104057,do_not_contact,0.4,20260921T000216Z,2026-09-21T00:02:18.663389+00:00,1551
575ee08f-d41e-4360-a233-6d558af3d094,C0001759,0.12984959116494343,do_not_contact,0.4,20260921T000216Z,2026-09-21T00:02:18.663389+00:00,1552
67f2b3fd-6c72-47a4-83e2-5554d9899bef,C0000179,0.12966299050394292,do_not_contact,0.4,20260921T000216Z,2026-09-21T00:02:18.663389+00:00,1553
c5aab1c7-45fe-4c16-aaa7-f57fb4371318,C0002124,0.12962960539563448,do_not_contact,0.4,20260921T000216Z,2026-09-21T00:02:18.663389+00:00,1554
f0e74156-c64b-4d63-b588-efe548235e08,C0000342,0.12957218181234229,do_not_contact,0.4,20260921T000216Z,2026-09-21T00:02:18.663389+00:00,1555
ddad43e1-80ae-4764-b801-9be3f4dc0e34,C0000618,0.12955304257890546,do_not_contact,0.4,20260921T000216Z,2026-09-21T00:02:18.663389+00:00,1556
c09ca9f9-fd85-4075-af72-fd9459f5fae1,C0000492,0.12940132459473325,do_not_contact,0.4,20260921T000216Z,2026-09-21T00:02:18.663389+00:00,1557
5b440962-b9a4-44b2-947b-2f59d6521a5b,C0002355,0.1291368555193494,do_not_contact,0.4,20260921T000216Z,2026-09-21T00:02:18.663389+00:00,1558
bbe9261f-e655-40f1-883b-4ff56ca6cee7,C0002541,0.12904082821270124,do_not_contact,0.4,20260921T000216Z,2026-09-21T00:02:18.663389+00:00,1559
09040d8e-eed0-4231-8a5a-28b545dba81e,C0001133,0.12883571524699927,do_not_contact,0.4,20260921T000216Z,2026-09-21T00:02:18.663389+00:00,1560
aa432a33-e10d-4efa-b3ef-2d6295a42776,C0000606,0.12875600596885559,do_not_contact,0.4,20260921T000216Z,2026-09-21T00:02:18.663389+00:00,1561
6749fa5b-2ed2-4dcd-984a-456a8a5622c4,C0000276,0.128532832881363,do_not_contact,0.4,20260921T000216Z,2026-09-21T00:02:18.663389+00:00,1562
d1c1f76c-e29a-488b-bba5-ba2dad419fa5,C0002082,0.1283493982224205,do_not_contact,0.4,20260921T000216Z,2026-09-21T00:02:18.663389+00:00,1563
f53ab897-d37f-4b72-90b9-5a8852b11772,C0002956,0.1282992913928121,do_not_contact,0.4,20260921T000216Z,2026-09-21T00:02:18.663389+00:00,1564
362a9d8d-c75d-457e-a22b-bfd1034c8efb,C0000273,0.128162405482447,do_not_contact,0.4,20260921T000216Z,2026-09-21T00:02:18.663389+00:00,1565
90cda07d-bc6d-47cc-b7fc-328738d6bef6,C0000608,0.12814319981401076,do_not_contact,0.4,20260921T000216Z,2026-09-21T00:02:18.663389+00:00,1566
0e4620e0-32c9-4ab0-a29f-45a02c4dd1ac,C0000049,0.12811213596550386,do_not_contact,0.4,20260921T000216Z,2026-09-21T00:02:18.663389+00:00,1567
3e831d0b-353d-4501-8c23-863003da9f31,C0002035,0.12805473168828221,do_not_contact,0.4,20260921T000216Z,2026-09-21T00:02:18.663389+00:00,1568
573b11f6-56bf-4401-a8ad-a21653a96d55,C0001363,0.1279618568142135,do_not_contact,0.4,20260921T000216Z,2026-09-21T00:02:18.663389+00:00,1569
93e76584-c6a5-480b-86b9-ff3d70f040a6,C0001855,0.12778116858803093,do_not_contact,0.4,20260921T000216Z,2026-09-21T00:02:18.663389+00:00,1570
1508594d-a55f-4f51-addc-974ff8a951f4,C0000729,0.1275856541258417,do_not_contact,0.4,20260921T000216Z,2026-09-21T00:02:18.663389+00:00,1571
4f63c0f6-59c4-4b37-81e9-898b2747984c,C0002289,0.12741449071629846,do_not_contact,0.4,20260921T000216Z,2026-09-21T00:02:18.663389+00:00,1572
bbe56c44-daf0-416f-b773-1490e6d26a00,C0002788,0.12735221311354195,do_not_contact,0.4,20260921T000216Z,2026-09-21T00:02:18.663389+00:00,1573
f3df544f-37bc-4a18-ac3f-a6aa47628930,C0002767,0.12716071504681817,do_not_contact,0.4,20260921T000216Z,2026-09-21T00:02:18.663389+00:00,1574
255e5041-fcd0-4ea2-ae0e-fb85c95412f0,C0001030,0.12689550488301218,do_not_contact,0.4,20260921T000216Z,2026-09-21T00:02:18.663389+00:00,1575
eefdbcf1-aa98-445a-a164-954ab9919760,C0001557,0.12683034082914968,do_not_contact,0.4,20260921T000216Z,2026-09-21T00:02:18.663389+00:00,1576
71f30759-c2cb-4e22-8977-a01c2f6aa7bb,C0001860,0.126678963861005,do_not_contact,0.4,20260921T000216Z,2026-09-21T00:02:18.663389+00:00,1577
5dd0f742-ecc6-48a0-8b88-4bd81147007a,C0001397,0.12650859189904232,do_not_contact,0.4,20260921T000216Z,2026-09-21T00:02:18.663389+00:00,1578
eabcecc4-9878-4052-bdff-bdb29d9be694,C0000432,0.12615612091641148,do_not_contact,0.4,20260921T000216Z,2026-09-21T00:02:18.663389+00:00,1579
905916ea-1ad6-480d-928f-f24b9f443237,C0000022,0.12613596706009564,do_not_contact,0.4,20260921T000216Z,2026-09-21T00:02:18.663389+00:00,1580
68d225f7-3c20-4fb3-a6ad-7138a6cdb5fd,C0000076,0.12611590664742378,do_not_contact,0.4,20260921T000216Z,2026-09-21T00:02:18.663389+00:00,1581
18fa204e-4748-4397-a255-b6f13852fe9e,C0000734,0.12588762178266621,do_not_contact,0.4,20260921T000216Z,2026-09-21T00:02:18.663389+00:00,1582
856cb6a4-5e84-4320-9ab1-c7624c8a9ce1,C0002538,0.12587620258414886,do_not_contact,0.4,20260921T000216Z,2026-09-21T00:02:18.663389+00:00,1583
aa872e96-9b15-4b90-8ec4-67c94a12d33b,C0001968,0.12583323412547423,do_not_contact,0.4,20260921T000216Z,2026-09-21T00:02:18.663389+00:00,1584
e65312f5-690c-440c-afc4-e0491243cfe9,C0001873,0.12580862563536624,do_not_contact,0.4,20260921T000216Z,2026-09-21T00:02:18.663389+00:00,1585
9dc43b84-cbd0-4076-a5a7-616061ece7c9,C0001107,0.12567783066431268,do_not_contact,0.4,20260921T000216Z,2026-09-21T00:02:18.663389+00:00,1586
2a7c603d-2c3e-409b-9db7-30327f7ba4f7,C0002686,0.12527084596355184,do_not_contact,0.4,20260921T000216Z,2026-09-21T00:02:18.663389+00:00,1587
30e28678-2a62-4b8a-9055-e3b3f7450aba,C0002472,0.12518523978568252,do_not_contact,0.4,20260921T000216Z,2026-09-21T00:02:18.663389+00:00,1588
18ec5d38-f610-4e01-b572-fb76bf539132,C0000366,0.12492299032876852,do_not_contact,0.4,20260921T000216Z,2026-09-21T00:02:18.663389+00:00,1589
17bdd1c6-ab2c-4c8e-8c81-76d40ba8892c,C0002570,0.12475534181526651,do_not_contact,0.4,20260921T000216Z,2026-09-21T00:02:18.663389+00:00,1590
6edbcffb-db5b-4454-865a-74de6f349452,C0000404,0.12474538525774413,do_not_contact,0.4,20260921T000216Z,2026-09-21T00:02:18.663389+00:00,1591
0e9a838d-b97f-4c16-bf7b-74a459be1a5a,C0001790,0.12468747758668647,do_not_contact,0.4,20260921T000216Z,2026-09-21T00:02:18.663389+00:00,1592
cc0c004e-cc07-4fc4-b939-d796b660c854,C0001235,0.12450416606560538,do_not_contact,0.4,20260921T000216Z,2026-09-21T00:02:18.663389+00:00,1593
847776c1-ec79-4b4f-919f-f0272763949c,C0000243,0.12438510126978572,do_not_contact,0.4,20260921T000216Z,2026-09-21T00:02:18.663389+00:00,1594
73556c64-985b-426c-89e3-2cc645ce58b0,C0001278,0.12435472156074047,do_not_contact,0.4,20260921T000216Z,2026-09-21T00:02:18.663389+00:00,1595
dfe2f637-64ad-421b-91eb-cf5186db4026,C0002267,0.12426003656375019,do_not_contact,0.4,20260921T000216Z,2026-09-21T00:02:18.663389+00:00,1596
ab4930c8-c267-433c-8f2f-145b14958aa9,C0001315,0.12406726139242671,do_not_contact,0.4,20260921T000216Z,2026-09-21T00:02:18.663389+00:00,1597
3de41ae3-9d08-42ac-b4d5-1f8b3343eab3,C0002025,0.12395945185223287,do_not_contact,0.4,20260921T000216Z,2026-09-21T00:02:18.663389+00:00,1598
1fcaec99-6a88-4f3a-b8b2-7aa4b86a9682,C0000846,0.12389508018805934,do_not_contact,0.4,20260921T000216Z,2026-09-21T00:02:18.663389+00:00,1599
88e41818-cd8c-4a5f-b918-831bb5930d19,C0000708,0.12388359056727281,do_not_contact,0.4,20260921T000216Z,2026-09-21T00:02:18.663389+00:00,1600
1b56d483-211f-43b2-be52-04c079a1bbb1,C0000884,0.12374058179967093,do_not_contact,0.4,20260921T000216Z,2026-09-21T00:02:18.663389+00:00,1601
b79114f1-e978-414d-b0d0-72b7e7b7eac5,C0000092,0.12367502803493763,do_not_contact,0.4,20260921T000216Z,2026-09-21T00:02:18.663389+00:00,1602
48808a1d-f42f-4132-96ce-b7adde174a34,C0000385,0.12360010128921235,do_not_contact,0.4,20260921T000216Z,2026-09-21T00:02:18.663389+00:00,1603
f92754fc-df8a-4804-93bf-e7bfb2d231d9,C0000667,0.12350363809050592,do_not_contact,0.4,20260921T000216Z,2026-09-21T00:02:18.663389+00:00,1604
d9a48e1c-9a9a-47b2-a16c-e8fc80d45036,C0002637,0.12325109464631055,do_not_contact,0.4,20260921T000216Z,2026-09-21T00:02:18.663389+00:00,1605
e4319998-aef3-4e07-8a75-4dcece368f02,C0002164,0.12303583607200413,do_not_contact,0.4,20260921T000216Z,2026-09-21T00:02:18.663389+00:00,1606
1dd658e4-2e36-4010-8ab3-0735ceab19a6,C0001061,0.12283744581398322,do_not_contact,0.4,20260921T000216Z,2026-09-21T00:02:18.663389+00:00,1607
616cb026-d41c-4a59-9b39-308feff2b243,C0000349,0.12268676369065282,do_not_contact,0.4,20260921T000216Z,2026-09-21T00:02:18.663389+00:00,1608
f550f9f8-fdcd-45d9-b95e-0a6f872feb7c,C0001856,0.12267496768157887,do_not_contact,0.4,20260921T000216Z,2026-09-21T00:02:18.663389+00:00,1609
cc0f44fb-b86d-469e-8a04-a0da14a99b14,C0001321,0.12263568449323421,do_not_contact,0.4,20260921T000216Z,2026-09-21T00:02:18.663389+00:00,1610
a7d831eb-1675-4c5b-938f-8eb14fc88bf2,C0001290,0.12261407801726973,do_not_contact,0.4,20260921T000216Z,2026-09-21T00:02:18.663389+00:00,1611
b3f0b9b3-0fbf-462f-940e-52c04ad1d61c,C0001302,0.12233186880620239,do_not_contact,0.4,20260921T000216Z,2026-09-21T00:02:18.663389+00:00,1612
4c3a294c-017e-4c96-910a-edd78da2cbab,C0000750,0.12214658826906531,do_not_contact,0.4,20260921T000216Z,2026-09-21T00:02:18.663389+00:00,1613
8853ee80-a097-47e1-85f6-0b7901eaa73b,C0000730,0.12208903429653714,do_not_contact,0.4,20260921T000216Z,2026-09-21T00:02:18.663389+00:00,1614
77779d31-7fe6-4657-acec-bdd97eee0010,C0001234,0.12192217296402773,do_not_contact,0.4,20260921T000216Z,2026-09-21T00:02:18.663389+00:00,1615
e47370ee-b824-4b35-acb9-537909fab5fe,C0001100,0.12186563264038314,do_not_contact,0.4,20260921T000216Z,2026-09-21T00:02:18.663389+00:00,1616
e4fa7f52-6d23-4de6-80b4-3af6c46567c1,C0001467,0.12178401985389507,do_not_contact,0.4,20260921T000216Z,2026-09-21T00:02:18.663389+00:00,1617
b0462780-c27d-47b7-a39b-02f685af079f,C0001734,0.121732367840937,do_not_contact,0.4,20260921T000216Z,2026-09-21T00:02:18.663389+00:00,1618
7b9d9386-7808-47dd-94a1-56ed1e651c14,C0002812,0.12165765496075615,do_not_contact,0.4,20260921T000216Z,2026-09-21T00:02:18.663389+00:00,1619
b1d937f9-fd77-4c4d-afc6-f154c4eb56f1,C0002454,0.12165169320040004,do_not_contact,0.4,20260921T000216Z,2026-09-21T00:02:18.663389+00:00,1620
6a4929f7-92a4-4b63-898f-b719805b50ab,C0001830,0.1215808141662927,do_not_contact,0.4,20260921T000216Z,2026-09-21T00:02:18.663389+00:00,1621
35e18b7d-02a8-40fb-a454-e4253e3a5964,C0002081,0.12150204095834673,do_not_contact,0.4,20260921T000216Z,2026-09-21T00:02:18.663389+00:00,1622
8db4388b-97f8-4435-a0b8-3ab9ec899538,C0000669,0.12138044691137455,do_not_contact,0.4,20260921T000216Z,2026-09-21T00:02:18.663389+00:00,1623
dcc01747-ee5a-42c5-a10d-4024307d21ee,C0002711,0.1212741757753097,do_not_contact,0.4,20260921T000216Z,2026-09-21T00:02:18.663389+00:00,1624
5f44d34a-a6b0-4d89-b47a-b5ddf01be082,C0001226,0.12104008502872896,do_not_contact,0.4,20260921T000216Z,2026-09-21T00:02:18.663389+00:00,1625
f0fe1fce-45b1-4cd2-95f7-27f53401de04,C0002825,0.12077223988656559,do_not_contact,0.4,20260921T000216Z,2026-09-21T00:02:18.663389+00:00,1626
9ceffe5c-e4c3-4736-bbd9-1ed661d1cbcc,C0000424,0.12075633559498128,do_not_contact,0.4,20260921T000216Z,2026-09-21T00:02:18.663389+00:00,1627
5683198a-6037-4ff9-8727-fb02957e6c27,C0001233,0.120698872100167,do_not_contact,0.4,20260921T000216Z,2026-09-21T00:02:18.663389+00:00,1628
48c2146c-1fe4-4bed-b633-1f8bbbb7ea19,C0000044,0.12060867783147228,do_not_contact,0.4,20260921T000216Z,2026-09-21T00:02:18.663389+00:00,1629
3107ba54-da2f-4f31-8a8f-bcc6e687c1a4,C0002155,0.12052849950877283,do_not_contact,0.4,20260921T000216Z,2026-09-21T00:02:18.663389+00:00,1630
0eb515ae-c757-4aa0-a58d-299dc8b9e5a3,C0002622,0.12026942855029056,do_not_contact,0.4,20260921T000216Z,2026-09-21T00:02:18.663389+00:00,1631
634fdbac-b238-4afc-9dda-89f0315c3d96,C0002377,0.12024460838905647,do_not_contact,0.4,20260921T000216Z,2026-09-21T00:02:18.663389+00:00,1632
b89a59c4-9890-4f72-9576-1acc1009deb8,C0000390,0.12024430135759984,do_not_contact,0.4,20260921T000216Z,2026-09-21T00:02:18.663389+00:00,1633
0535ca4c-f9a7-424a-aad0-31b0504af2b7,C0000849,0.12018129143960199,do_not_contact,0.4,20260921T000216Z,2026-09-21T00:02:18.663389+00:00,1634
3ecc0fcc-2adb-46cd-af9d-3436c819d67a,C0000863,0.12017647580670894,do_not_contact,0.4,20260921T000216Z,2026-09-21T00:02:18.663389+00:00,1635
78cb7c09-aa12-4296-8517-d66bdbe282c8,C0001436,0.11999478031751454,do_not_contact,0.4,20260921T000216Z,2026-09-21T00:02:18.663389+00:00,1636
2e588dfe-664b-48e8-a74b-7f0113bfb36b,C0002662,0.1198521310296587,do_not_contact,0.4,20260921T000216Z,2026-09-21T00:02:18.663389+00:00,1637
459683a8-60d1-4ad2-b792-e3fe7be9817d,C0002580,0.11981752733246401,do_not_contact,0.4,20260921T000216Z,2026-09-21T00:02:18.663389+00:00,1638
627b3412-e684-448e-9033-94334422d8e2,C0000014,0.11969426511160397,do_not_contact,0.4,20260921T000216Z,2026-09-21T00:02:18.663389+00:00,1639
4b92bc4f-3fe6-479f-aa27-ddc0ac3cecb3,C0001600,0.11969193197975989,do_not_contact,0.4,20260921T000216Z,2026-09-21T00:02:18.663389+00:00,1640
02b7948a-7059-41f2-855e-884795890c9b,C0001986,0.1196463199687523,do_not_contact,0.4,20260921T000216Z,2026-09-21T00:02:18.663389+00:00,1641
a573f2ca-22df-44ae-8f86-809d67516e54,C0002681,0.1195610332131309,do_not_contact,0.4,20260921T000216Z,2026-09-21T00:02:18.663389+00:00,1642
408b6e28-027f-4aad-8f60-1a6cca55bdbd,C0002860,0.1194806254121731,do_not_contact,0.4,20260921T000216Z,2026-09-21T00:02:18.663389+00:00,1643
9aec98b1-522f-4e3c-9f38-586292ae4e65,C0001238,0.11941438379780484,do_not_contact,0.4,20260921T000216Z,2026-09-21T00:02:18.663389+00:00,1644
7d0d6fdf-627e-4493-bfe5-82a01784fbca,C0000058,0.11940746701795499,do_not_contact,0.4,20260921T000216Z,2026-09-21T00:02:18.663389+00:00,1645
841048c0-da14-4e76-850a-786c763076c3,C0002274,0.11938155246640732,do_not_contact,0.4,20260921T000216Z,2026-09-21T00:02:18.663389+00:00,1646
3a3f9914-2f9b-41de-9195-973cdf3bf1d7,C0000970,0.11927264539552755,do_not_contact,0.4,20260921T000216Z,2026-09-21T00:02:18.663389+00:00,1647
face4b15-ff8b-4f26-ae21-7c865fdfe45d,C0000933,0.1192588878545335,do_not_contact,0.4,20260921T000216Z,2026-09-21T00:02:18.663389+00:00,1648
585323ae-cfe3-4c2a-89cb-0ad83ea46802,C0002373,0.11920843789702608,do_not_contact,0.4,20260921T000216Z,2026-09-21T00:02:18.663389+00:00,1649
efa47861-1fcd-4100-9234-f0df99df2e76,C0000658,0.11914518848258739,do_not_contact,0.4,20260921T000216Z,2026-09-21T00:02:18.663389+00:00,1650
b61b077e-d571-485c-8c5f-346a07f57633,C0001180,0.11907571118542891,do_not_contact,0.4,20260921T000216Z,2026-09-21T00:02:18.663389+00:00,1651
300fb903-b04f-44a8-886b-c46dcbf516fa,C0000054,0.11906450935620815,do_not_contact,0.4,20260921T000216Z,2026-09-21T00:02:18.663389+00:00,1652
7e743722-c24d-4af5-bb6b-e197ffbf7182,C0000091,0.11905127486947847,do_not_contact,0.4,20260921T000216Z,2026-09-21T00:02:18.663389+00:00,1653
d18b0749-ab9e-48b3-a960-5457bdbd9342,C0001065,0.11902737893524215,do_not_contact,0.4,20260921T000216Z,2026-09-21T00:02:18.663389+00:00,1654
05ec3c5f-3292-434c-aec8-3368989df9db,C0002823,0.11899084202695052,do_not_contact,0.4,20260921T000216Z,2026-09-21T00:02:18.663389+00:00,1655
2ee42a13-049c-4b7d-85f3-215cb2b62f0f,C0002016,0.11893231194704706,do_not_contact,0.4,20260921T000216Z,2026-09-21T00:02:18.663389+00:00,1656
e8641c31-e6d9-44b3-9232-bc548b764567,C0002827,0.11879938101421167,do_not_contact,0.4,20260921T000216Z,2026-09-21T00:02:18.663389+00:00,1657
f93e38db-35ce-40a0-b1e1-b515ce813a45,C0002778,0.11874519558981358,do_not_contact,0.4,20260921T000216Z,2026-09-21T00:02:18.663389+00:00,1658
ff7ef38b-61d3-4a65-b4f9-fe43d504c080,C0002949,0.11852047510732217,do_not_contact,0.4,20260921T000216Z,2026-09-21T00:02:18.663389+00:00,1659
d52ff1ca-a0bb-4cd7-8bc7-88672206c47d,C0002191,0.11843884681157812,do_not_contact,0.4,20260921T000216Z,2026-09-21T00:02:18.663389+00:00,1660
de637717-ad5f-45fd-94cd-cb70dbb9928b,C0001565,0.1178248922879608,do_not_contact,0.4,20260921T000216Z,2026-09-21T00:02:18.663389+00:00,1661
da775a87-b4b8-464b-8586-f2fdd19f8d26,C0000994,0.11782191109779211,do_not_contact,0.4,20260921T000216Z,2026-09-21T00:02:18.663389+00:00,1662
7ff480e1-fbc0-48d8-9848-d79bc8f09087,C0001989,0.11780463644148766,do_not_contact,0.4,20260921T000216Z,2026-09-21T00:02:18.663389+00:00,1663
7808fec0-ec5a-47d9-941c-f1161e80b3d5,C0002689,0.11779591543503926,do_not_contact,0.4,20260921T000216Z,2026-09-21T00:02:18.663389+00:00,1664
c6905ac3-1d58-46e6-8492-6ea33d309a9f,C0000309,0.11779546112493607,do_not_contact,0.4,20260921T000216Z,2026-09-21T00:02:18.663389+00:00,1665
cb0bd979-1ba8-414f-a19c-5fdf06faa679,C0001755,0.11776818305387117,do_not_contact,0.4,20260921T000216Z,2026-09-21T00:02:18.663389+00:00,1666
0f64afcf-6a30-434e-8889-691ed348b98e,C0000244,0.11775606478772872,do_not_contact,0.4,20260921T000216Z,2026-09-21T00:02:18.663389+00:00,1667
fc9714f8-7b1f-4e1c-8ee4-6ca2b9237e05,C0000271,0.11737695783209544,do_not_contact,0.4,20260921T000216Z,2026-09-21T00:02:18.663389+00:00,1668
47e80ddb-3404-4558-a683-3c06980998ae,C0000407,0.11737199677011935,do_not_contact,0.4,20260921T000216Z,2026-09-21T00:02:18.663389+00:00,1669
4756efaa-d200-4542-838f-b3837c3bd514,C0001385,0.11736197229545456,do_not_contact,0.4,20260921T000216Z,2026-09-21T00:02:18.663389+00:00,1670
266ed6ab-87f7-4bdd-b1d5-f03dde3889b8,C0002497,0.11712697053966308,do_not_contact,0.4,20260921T000216Z,2026-09-21T00:02:18.663389+00:00,1671
2b27826f-6587-437c-bfb6-ee88cf9bd42b,C0001139,0.11702244375573144,do_not_contact,0.4,20260921T000216Z,2026-09-21T00:02:18.663389+00:00,1672
47f1f52a-8dff-4eef-ac77-de879733104d,C0000796,0.11688756295661747,do_not_contact,0.4,20260921T000216Z,2026-09-21T00:02:18.663389+00:00,1673
7a1aa6d3-b089-47dc-a300-e8bc6f2c644c,C0000005,0.11686903365947333,do_not_contact,0.4,20260921T000216Z,2026-09-21T00:02:18.663389+00:00,1674
fe68d39f-ad6f-4a39-9008-19f14cc1b8a1,C0002419,0.11683288839392256,do_not_contact,0.4,20260921T000216Z,2026-09-21T00:02:18.663389+00:00,1675
5c9f4890-187c-432d-8d0d-dbd84d38e611,C0001017,0.11668213794364451,do_not_contact,0.4,20260921T000216Z,2026-09-21T00:02:18.663389+00:00,1676
d9f97ab8-4641-4d8c-8314-5b9ea508f7e3,C0000942,0.11664682863568496,do_not_contact,0.4,20260921T000216Z,2026-09-21T00:02:18.663389+00:00,1677
171aad64-d493-4816-ae3a-d1760752a3c9,C0000189,0.11648981658839903,do_not_contact,0.4,20260921T000216Z,2026-09-21T00:02:18.663389+00:00,1678
c57e1364-4ff4-487c-9153-3313f34b14e5,C0002278,0.11629473370691215,do_not_contact,0.4,20260921T000216Z,2026-09-21T00:02:18.663389+00:00,1679
0d13fb81-0b1c-4170-9a12-792a3808e489,C0001831,0.11625543426207058,do_not_contact,0.4,20260921T000216Z,2026-09-21T00:02:18.663389+00:00,1680
4f935e00-7aa4-4235-a2be-349aae0b8896,C0000968,0.11623221540165088,do_not_contact,0.4,20260921T000216Z,2026-09-21T00:02:18.663389+00:00,1681
93b4dd5e-b0e3-49b0-a77b-7dc9c90d9e3b,C0000483,0.11608735353004435,do_not_contact,0.4,20260921T000216Z,2026-09-21T00:02:18.663389+00:00,1682
73fc5c15-b505-4cde-be80-f86dc90efb42,C0001635,0.11580515793513112,do_not_contact,0.4,20260921T000216Z,2026-09-21T00:02:18.663389+00:00,1683
13463481-ab7e-4e2b-8007-01acb7588410,C0001449,0.11570693904271731,do_not_contact,0.4,20260921T000216Z,2026-09-21T00:02:18.663389+00:00,1684
be09aee5-bab5-4a7d-9abf-b77d0c15ef19,C0002876,0.11569619465364996,do_not_contact,0.4,20260921T000216Z,2026-09-21T00:02:18.663389+00:00,1685
bcb62287-071c-4793-a8d8-3b959600c0d7,C0001322,0.11568031964300524,do_not_contact,0.4,20260921T000216Z,2026-09-21T00:02:18.663389+00:00,1686
20e72f34-27af-4071-be1f-748e5ee58b21,C0001023,0.11567662220681448,do_not_contact,0.4,20260921T000216Z,2026-09-21T00:02:18.663389+00:00,1687
6d5fcdde-5216-4858-b013-383653d42b1b,C0001194,0.11561282716865838,do_not_contact,0.4,20260921T000216Z,2026-09-21T00:02:18.663389+00:00,1688
49c99c15-961c-4665-9bc5-cbb9ee943226,C0001297,0.11559432221277367,do_not_contact,0.4,20260921T000216Z,2026-09-21T00:02:18.663389+00:00,1689
950ae484-8dfd-4b51-8ff3-e8ced132e2d6,C0000004,0.1153687581221018,do_not_contact,0.4,20260921T000216Z,2026-09-21T00:02:18.663389+00:00,1690
b3057c16-501d-4f7d-a80f-b9be2ea05cbf,C0000484,0.11518164477451777,do_not_contact,0.4,20260921T000216Z,2026-09-21T00:02:18.663389+00:00,1691
bca48684-7b38-41f4-8d59-afe4b5a173e8,C0002651,0.11508530414004985,do_not_contact,0.4,20260921T000216Z,2026-09-21T00:02:18.663389+00:00,1692
f96411c5-1b0f-4fa5-bfab-dbf0f6077b4c,C0001359,0.11498262885090904,do_not_contact,0.4,20260921T000216Z,2026-09-21T00:02:18.663389+00:00,1693
4c17e801-a759-459a-a8e9-3f60683ce8b6,C0000534,0.11490919508277421,do_not_contact,0.4,20260921T000216Z,2026-09-21T00:02:18.663389+00:00,1694
12f47279-3465-431b-b5da-cd3168d2718f,C0001129,0.11483033899348916,do_not_contact,0.4,20260921T000216Z,2026-09-21T00:02:18.663389+00:00,1695
20edf7dc-9aa1-455c-bb44-c382438896db,C0002549,0.11481061510293569,do_not_contact,0.4,20260921T000216Z,2026-09-21T00:02:18.663389+00:00,1696
e39ac8fc-ff1f-46b3-96d4-fe2d0535a993,C0002616,0.11478668927095516,do_not_contact,0.4,20260921T000216Z,2026-09-21T00:02:18.663389+00:00,1697
519a11a8-64aa-4bf5-a1b9-dc5e00560161,C0000686,0.11469270690034294,do_not_contact,0.4,20260921T000216Z,2026-09-21T00:02:18.663389+00:00,1698
d1a175b7-f6e6-49dd-8b21-8e1029b18655,C0002295,0.11463093655824887,do_not_contact,0.4,20260921T000216Z,2026-09-21T00:02:18.663389+00:00,1699
ba9fe431-1175-4e7b-a019-1fe2c2945551,C0002350,0.11457282609779448,do_not_contact,0.4,20260921T000216Z,2026-09-21T00:02:18.663389+00:00,1700
f784fac9-9d86-4cc4-b44b-255288084959,C0000223,0.11403879671769998,do_not_contact,0.4,20260921T000216Z,2026-09-21T00:02:18.663389+00:00,1701
2e3921e4-4a1f-4b82-be9a-91d309773d3f,C0001201,0.11401367118378496,do_not_contact,0.4,20260921T000216Z,2026-09-21T00:02:18.663389+00:00,1702
ea09608b-cf2f-4a6a-b7cf-6e147c286d2d,C0002440,0.11384703092787503,do_not_contact,0.4,20260921T000216Z,2026-09-21T00:02:18.663389+00:00,1703
4272ea5d-ee2f-4b19-a07c-f286dcd97a9b,C0002364,0.11366913629103548,do_not_contact,0.4,20260921T000216Z,2026-09-21T00:02:18.663389+00:00,1704
6bbea0c1-d217-46dc-97c9-1443e684042a,C0001591,0.1134668878912653,do_not_contact,0.4,20260921T000216Z,2026-09-21T00:02:18.663389+00:00,1705
6abd88de-744f-427d-925f-213438604d8c,C0002431,0.11313663547303614,do_not_contact,0.4,20260921T000216Z,2026-09-21T00:02:18.663389+00:00,1706
0b717636-2029-4972-9357-bd4aff9eb625,C0002037,0.11301123985820447,do_not_contact,0.4,20260921T000216Z,2026-09-21T00:02:18.663389+00:00,1707
c5fe38ea-cb7c-44ba-90db-61f59fb00f0e,C0000815,0.11291218553741514,do_not_contact,0.4,20260921T000216Z,2026-09-21T00:02:18.663389+00:00,1708
c56ad80a-711e-4c3c-95c1-9b4a53daf166,C0001110,0.11290126760572439,do_not_contact,0.4,20260921T000216Z,2026-09-21T00:02:18.663389+00:00,1709
2719ba72-672d-43f7-aaeb-81581a772caf,C0001651,0.11271899396444378,do_not_contact,0.4,20260921T000216Z,2026-09-21T00:02:18.663389+00:00,1710
dcce9bce-d3e2-418d-878d-2be97a7bf87d,C0001185,0.11264862153731452,do_not_contact,0.4,20260921T000216Z,2026-09-21T00:02:18.663389+00:00,1711
8b49a402-73f6-4977-86c4-47f2eb583152,C0000631,0.1126071732144244,do_not_contact,0.4,20260921T000216Z,2026-09-21T00:02:18.663389+00:00,1712
99ad6eaa-4a2f-42ff-85cb-a5e4b6844950,C0002985,0.11247489388205324,do_not_contact,0.4,20260921T000216Z,2026-09-21T00:02:18.663389+00:00,1713
9d5a1962-58c0-4887-b6b2-a2c759ffe81b,C0002832,0.11247085848224199,do_not_contact,0.4,20260921T000216Z,2026-09-21T00:02:18.663389+00:00,1714
d094abe2-f533-408f-98aa-13a0bf9f5871,C0001660,0.11234564629689399,do_not_contact,0.4,20260921T000216Z,2026-09-21T00:02:18.663389+00:00,1715
25f123ee-e459-4d96-9ba9-14c8b3cb15ed,C0002384,0.11233629272026821,do_not_contact,0.4,20260921T000216Z,2026-09-21T00:02:18.663389+00:00,1716
144cc143-eda0-48f7-bb91-64e524122efa,C0001541,0.11189015166885019,do_not_contact,0.4,20260921T000216Z,2026-09-21T00:02:18.663389+00:00,1717
956b1974-9b82-4417-a2b2-8f627293e70b,C0000624,0.1118896079064064,do_not_contact,0.4,20260921T000216Z,2026-09-21T00:02:18.663389+00:00,1718
f045f69d-8ce0-499c-8238-5e9fe471e0e2,C0000358,0.11185934917022618,do_not_contact,0.4,20260921T000216Z,2026-09-21T00:02:18.663389+00:00,1719
e45eb93b-f7e0-4f6a-9ed3-47ba3bc90981,C0000439,0.11164420453330665,do_not_contact,0.4,20260921T000216Z,2026-09-21T00:02:18.663389+00:00,1720
268738ac-7cdf-44b0-b185-a4216ce226bc,C0001858,0.11151952306653237,do_not_contact,0.4,20260921T000216Z,2026-09-21T00:02:18.663389+00:00,1721
eac40fdf-cf5d-4544-86d0-3b35f5948994,C0002606,0.11150247432176003,do_not_contact,0.4,20260921T000216Z,2026-09-21T00:02:18.663389+00:00,1722
462c916f-191e-4ff2-bcf2-417bf09ce45f,C0002928,0.11129379510359247,do_not_contact,0.4,20260921T000216Z,2026-09-21T00:02:18.663389+00:00,1723
b70452bb-8493-41fe-a2a5-51e8fdafff67,C0002601,0.11108747888100035,do_not_contact,0.4,20260921T000216Z,2026-09-21T00:02:18.663389+00:00,1724
cfb63509-e9d8-4bba-9668-90164b9cf596,C0001178,0.11095707607743235,do_not_contact,0.4,20260921T000216Z,2026-09-21T00:02:18.663389+00:00,1725
3029ac33-2753-4266-bc3d-a66f4613ee2d,C0002371,0.11091826942008273,do_not_contact,0.4,20260921T000216Z,2026-09-21T00:02:18.663389+00:00,1726
7c2e4d09-4278-44a8-b24f-43fd5d8a92bc,C0001287,0.11068663003300788,do_not_contact,0.4,20260921T000216Z,2026-09-21T00:02:18.663389+00:00,1727
0541d562-a2a2-41b7-a032-26b86b28787f,C0000056,0.11067999449829878,do_not_contact,0.4,20260921T000216Z,2026-09-21T00:02:18.663389+00:00,1728
ad6a9c4d-b3e6-4dbf-9b7f-1283b2d97765,C0000693,0.11063032308426037,do_not_contact,0.4,20260921T000216Z,2026-09-21T00:02:18.663389+00:00,1729
329badc7-5a36-43c9-9482-236d2afe8d40,C0002682,0.11058976263730223,do_not_contact,0.4,20260921T000216Z,2026-09-21T00:02:18.663389+00:00,1730
1dd1e40e-4a4d-4b81-bec9-a702150aeb4e,C0001869,0.11058517269525288,do_not_contact,0.4,20260921T000216Z,2026-09-21T00:02:18.663389+00:00,1731
31840cd9-c219-4b19-bdbb-561d8bbdf1fd,C0001945,0.11056956703666473,do_not_contact,0.4,20260921T000216Z,2026-09-21T00:02:18.663389+00:00,1732
11d5ad8a-08a8-487a-abe9-4c4bb86e6946,C0002639,0.11055823583304993,do_not_contact,0.4,20260921T000216Z,2026-09-21T00:02:18.663389+00:00,1733
ce97e1d2-d59b-4481-a2ee-eee9e794b137,C0001317,0.11050706861282693,do_not_contact,0.4,20260921T000216Z,2026-09-21T00:02:18.663389+00:00,1734
a922d3f2-28b5-4c6d-84dc-03d18731dbb9,C0001965,0.11049247238857193,do_not_contact,0.4,20260921T000216Z,2026-09-21T00:02:18.663389+00:00,1735
bd358216-6860-4075-b8a5-1b018d5dc47e,C0001767,0.11008603779586536,do_not_contact,0.4,20260921T000216Z,2026-09-21T00:02:18.663389+00:00,1736
ab6d002a-5f89-4f9d-8b5a-91891da52ef9,C0002030,0.11001552626047026,do_not_contact,0.4,20260921T000216Z,2026-09-21T00:02:18.663389+00:00,1737
bf36402e-2a1f-43a8-ae04-40a6b00d0e85,C0002801,0.10995895406942886,do_not_contact,0.4,20260921T000216Z,2026-09-21T00:02:18.663389+00:00,1738
25f96a25-0771-4819-84db-134d48ff8ae5,C0001730,0.10969071909595811,do_not_contact,0.4,20260921T000216Z,2026-09-21T00:02:18.663389+00:00,1739
31aeccde-7bf5-41f1-ae83-d20536580d8f,C0002415,0.10951567538786837,do_not_contact,0.4,20260921T000216Z,2026-09-21T00:02:18.663389+00:00,1740
559684bd-bf84-4eae-a407-2285370b9d8d,C0000652,0.1095150629461478,do_not_contact,0.4,20260921T000216Z,2026-09-21T00:02:18.663389+00:00,1741
4d4fc436-7392-44e5-9a54-8eb77897f082,C0002664,0.10947069990416324,do_not_contact,0.4,20260921T000216Z,2026-09-21T00:02:18.663389+00:00,1742
645fc879-7a3c-4f03-8930-8e071291556e,C0001623,0.1094258723434872,do_not_contact,0.4,20260921T000216Z,2026-09-21T00:02:18.663389+00:00,1743
7457b1da-c347-40bd-b5d3-7656d3fc60ce,C0000048,0.10940789346767926,do_not_contact,0.4,20260921T000216Z,2026-09-21T00:02:18.663389+00:00,1744
2ee5cf70-23d1-4cb6-9066-8693464bc431,C0001362,0.10925753531737684,do_not_contact,0.4,20260921T000216Z,2026-09-21T00:02:18.663389+00:00,1745
2d0c8fba-5257-4b27-aee1-35dc2dc6391e,C0002098,0.10925543329422376,do_not_contact,0.4,20260921T000216Z,2026-09-21T00:02:18.663389+00:00,1746
8d5fd310-8ec3-426d-a65f-95e347fa0992,C0002313,0.10892467322973015,do_not_contact,0.4,20260921T000216Z,2026-09-21T00:02:18.663389+00:00,1747
f1421d3a-1413-45ac-834f-25595c49e37e,C0001364,0.10876749967262493,do_not_contact,0.4,20260921T000216Z,2026-09-21T00:02:18.663389+00:00,1748
f3d12404-0b90-4284-8781-aaa7540e39eb,C0002805,0.10876312513139198,do_not_contact,0.4,20260921T000216Z,2026-09-21T00:02:18.663389+00:00,1749
a9ba729c-7058-41d1-b08f-f6653e5263e4,C0001184,0.10874093954024086,do_not_contact,0.4,20260921T000216Z,2026-09-21T00:02:18.663389+00:00,1750
9f52736a-f6d6-4328-aace-2221a72373db,C0001284,0.10864608347747615,do_not_contact,0.4,20260921T000216Z,2026-09-21T00:02:18.663389+00:00,1751
d5e16c3b-16fd-4d4d-a0e8-ce3db85379df,C0000510,0.10862711381605393,do_not_contact,0.4,20260921T000216Z,2026-09-21T00:02:18.663389+00:00,1752
88531c54-1ba9-445a-80ec-185c5521062c,C0000406,0.10861948584813252,do_not_contact,0.4,20260921T000216Z,2026-09-21T00:02:18.663389+00:00,1753
20a5dcd6-cba3-4462-8280-4021400b7813,C0000109,0.10844659883103042,do_not_contact,0.4,20260921T000216Z,2026-09-21T00:02:18.663389+00:00,1754
8d601bd0-3fb1-46b0-9fcb-d5b770fde0ae,C0001377,0.10843849951720738,do_not_contact,0.4,20260921T000216Z,2026-09-21T00:02:18.663389+00:00,1755
45c2a8fe-7d6d-443e-a580-cfba47cfaeb9,C0000282,0.10836489727064508,do_not_contact,0.4,20260921T000216Z,2026-09-21T00:02:18.663389+00:00,1756
3fbd542b-8891-4e2a-b80e-0025f8307c56,C0002277,0.10832117216124568,do_not_contact,0.4,20260921T000216Z,2026-09-21T00:02:18.663389+00:00,1757
845f560e-9ae7-4630-882a-3f580d570038,C0001183,0.10806808705778569,do_not_contact,0.4,20260921T000216Z,2026-09-21T00:02:18.663389+00:00,1758
3e0aa2b7-d187-4aab-b5e6-4ce436db618a,C0002728,0.10802025224464135,do_not_contact,0.4,20260921T000216Z,2026-09-21T00:02:18.663389+00:00,1759
741ece93-9ac1-49d3-86a8-8f056bdc7cf0,C0000508,0.10800527898897444,do_not_contact,0.4,20260921T000216Z,2026-09-21T00:02:18.663389+00:00,1760
210c593e-91e5-4ec5-9af6-24b8de560928,C0000395,0.10789768404761814,do_not_contact,0.4,20260921T000216Z,2026-09-21T00:02:18.663389+00:00,1761
43084ab5-c606-40c9-8aa5-e330e4999feb,C0000225,0.1078558721915253,do_not_contact,0.4,20260921T000216Z,2026-09-21T00:02:18.663389+00:00,1762
75368768-b175-4c31-9bc4-16d63ebafcd7,C0002031,0.10766811737190964,do_not_contact,0.4,20260921T000216Z,2026-09-21T00:02:18.663389+00:00,1763
1adbd385-132d-4c88-9d19-bce33dbd7aaa,C0001605,0.10765953669904031,do_not_contact,0.4,20260921T000216Z,2026-09-21T00:02:18.663389+00:00,1764
d35437ca-9243-4f11-a65c-dabce4719ef0,C0000016,0.10758015580871406,do_not_contact,0.4,20260921T000216Z,2026-09-21T00:02:18.663389+00:00,1765
ce0bd9b7-65c5-468b-9e3a-45a00d1bcd26,C0002795,0.10751426421658535,do_not_contact,0.4,20260921T000216Z,2026-09-21T00:02:18.663389+00:00,1766
4d38a006-b6b3-4d8f-9901-e465037f9c55,C0001191,0.10741684645119437,do_not_contact,0.4,20260921T000216Z,2026-09-21T00:02:18.663389+00:00,1767
396419b4-0cea-48e9-a2f2-27fffbd1c4ef,C0000794,0.10729840908956205,do_not_contact,0.4,20260921T000216Z,2026-09-21T00:02:18.663389+00:00,1768
bef3d39e-9a8a-4e0a-a905-f331bf0367e1,C0000088,0.10717922421617682,do_not_contact,0.4,20260921T000216Z,2026-09-21T00:02:18.663389+00:00,1769
ed3b2add-1bb0-447d-affa-6327f6236569,C0002917,0.10706379637885155,do_not_contact,0.4,20260921T000216Z,2026-09-21T00:02:18.663389+00:00,1770
8ddcf601-67dd-4118-9087-b07673578287,C0000582,0.10698102110564339,do_not_contact,0.4,20260921T000216Z,2026-09-21T00:02:18.663389+00:00,1771
f58eef8a-bb83-49ee-ac2a-f38b88f83ca9,C0002563,0.10694754711249853,do_not_contact,0.4,20260921T000216Z,2026-09-21T00:02:18.663389+00:00,1772
674361f2-14c6-4459-b2a8-92584e002e7e,C0001283,0.10692383766588558,do_not_contact,0.4,20260921T000216Z,2026-09-21T00:02:18.663389+00:00,1773
a9eaeda7-40c9-4038-8c87-89a8de324533,C0002003,0.10686031772758234,do_not_contact,0.4,20260921T000216Z,2026-09-21T00:02:18.663389+00:00,1774
493112dc-37f5-4a00-a382-e7d365d45711,C0001823,0.1066914472293652,do_not_contact,0.4,20260921T000216Z,2026-09-21T00:02:18.663389+00:00,1775
559935a3-3d5e-4532-b8bf-0675b0e99590,C0001269,0.10657181777391138,do_not_contact,0.4,20260921T000216Z,2026-09-21T00:02:18.663389+00:00,1776
60adf5fe-5ad4-4a19-a3dc-70d6bbd0effb,C0000620,0.10652585907449548,do_not_contact,0.4,20260921T000216Z,2026-09-21T00:02:18.663389+00:00,1777
f5630ab7-b2e0-4ac9-aec3-78208c4e6877,C0000481,0.10622021917419557,do_not_contact,0.4,20260921T000216Z,2026-09-21T00:02:18.663389+00:00,1778
b3bcd460-880b-404f-a346-bcb473c2902f,C0002647,0.10620209470708944,do_not_contact,0.4,20260921T000216Z,2026-09-21T00:02:18.663389+00:00,1779
3300656e-d842-43e7-a14c-81098de422d6,C0001224,0.10616492530356822,do_not_contact,0.4,20260921T000216Z,2026-09-21T00:02:18.663389+00:00,1780
07ab8981-6311-4581-bb3f-6f9b3b4cb5b3,C0000363,0.10615831826662693,do_not_contact,0.4,20260921T000216Z,2026-09-21T00:02:18.663389+00:00,1781
99654df0-1ca2-4e78-ad38-a224ccbef162,C0000482,0.10607652470377071,do_not_contact,0.4,20260921T000216Z,2026-09-21T00:02:18.663389+00:00,1782
4ee0f380-81c3-43da-aa8c-1fdea5facb91,C0002457,0.10572284009372271,do_not_contact,0.4,20260921T000216Z,2026-09-21T00:02:18.663389+00:00,1783
195bc232-bb30-44d1-9f09-085084c55bbb,C0000666,0.10560720817158409,do_not_contact,0.4,20260921T000216Z,2026-09-21T00:02:18.663389+00:00,1784
1aeb9988-0898-4d4e-b827-0637c471e28d,C0000629,0.10559648489417163,do_not_contact,0.4,20260921T000216Z,2026-09-21T00:02:18.663389+00:00,1785
05b49bfd-227f-4007-bafc-afdf8b1d177c,C0000455,0.10557273122933271,do_not_contact,0.4,20260921T000216Z,2026-09-21T00:02:18.663389+00:00,1786
422d01ce-8def-4aa5-8cf7-9b3d1e622396,C0000986,0.10555508048524823,do_not_contact,0.4,20260921T000216Z,2026-09-21T00:02:18.663389+00:00,1787
0e88995f-e04e-43b1-a1d4-9da48922b88b,C0000680,0.10545459659298646,do_not_contact,0.4,20260921T000216Z,2026-09-21T00:02:18.663389+00:00,1788
568044c1-fed4-4eb5-bb69-4b71077c178b,C0000299,0.1053351751528631,do_not_contact,0.4,20260921T000216Z,2026-09-21T00:02:18.663389+00:00,1789
4e5a65e4-2899-4787-ae34-8723c346b126,C0000678,0.10526583027049034,do_not_contact,0.4,20260921T000216Z,2026-09-21T00:02:18.663389+00:00,1790
48deee24-ba8a-410c-a950-6efaa3da83ea,C0002017,0.10523016443545513,do_not_contact,0.4,20260921T000216Z,2026-09-21T00:02:18.663389+00:00,1791
900c0ce4-73f6-4116-afaa-19c7b4dbf043,C0000822,0.10519792840124731,do_not_contact,0.4,20260921T000216Z,2026-09-21T00:02:18.663389+00:00,1792
26510dcc-0d9d-4505-b24f-e501978b4d44,C0002245,0.10498917476221409,do_not_contact,0.4,20260921T000216Z,2026-09-21T00:02:18.663389+00:00,1793
fd74b5fc-486a-40e1-bee1-62424917e7b6,C0002479,0.10465474898206467,do_not_contact,0.4,20260921T000216Z,2026-09-21T00:02:18.663389+00:00,1794
823f33fe-d0ef-4c8a-9fed-a266649ef297,C0001024,0.10464515896918926,do_not_contact,0.4,20260921T000216Z,2026-09-21T00:02:18.663389+00:00,1795
97e8c690-8ebe-4cf2-b878-a8487d5e92d7,C0000963,0.10462164614592809,do_not_contact,0.4,20260921T000216Z,2026-09-21T00:02:18.663389+00:00,1796
890f60ca-5966-40be-ad4d-b801ea1d201b,C0001589,0.10436252859391783,do_not_contact,0.4,20260921T000216Z,2026-09-21T00:02:18.663389+00:00,1797
1dbac35a-495d-4c4f-81ae-f545499b13f3,C0002205,0.10424723555047663,do_not_contact,0.4,20260921T000216Z,2026-09-21T00:02:18.663389+00:00,1798
c307f902-a096-4a5b-835c-35a05c014014,C0001610,0.10423544774503549,do_not_contact,0.4,20260921T000216Z,2026-09-21T00:02:18.663389+00:00,1799
d2da0d5c-f41e-430e-9b9e-d78fb98f3092,C0000449,0.10420137103530633,do_not_contact,0.4,20260921T000216Z,2026-09-21T00:02:18.663389+00:00,1800
8713d866-8f78-4331-ae6e-49ad39f0a639,C0001154,0.10419322709688442,do_not_contact,0.4,20260921T000216Z,2026-09-21T00:02:18.663389+00:00,1801
99d443b7-8def-4cf0-a0b1-f54337cd6dd3,C0001076,0.10419081793241713,do_not_contact,0.4,20260921T000216Z,2026-09-21T00:02:18.663389+00:00,1802
807c64bf-9ba5-4245-a41b-cdd6ac0d87d3,C0002237,0.10406710624850612,do_not_contact,0.4,20260921T000216Z,2026-09-21T00:02:18.663389+00:00,1803
3a26bfd3-5b0b-4603-8047-18dcd0b170b8,C0000453,0.10406400347375468,do_not_contact,0.4,20260921T000216Z,2026-09-21T00:02:18.663389+00:00,1804
1cdfc114-cb21-4eaa-95f4-f0ff0556d925,C0002659,0.10385644540055604,do_not_contact,0.4,20260921T000216Z,2026-09-21T00:02:18.663389+00:00,1805
51137596-c4f1-48f8-a5e0-f04334d2bcf3,C0000213,0.10363539784160491,do_not_contact,0.4,20260921T000216Z,2026-09-21T00:02:18.663389+00:00,1806
74873953-99bd-444d-bc8a-f96ad14628e1,C0000201,0.10349215242817028,do_not_contact,0.4,20260921T000216Z,2026-09-21T00:02:18.663389+00:00,1807
0ffca18f-61f5-47e4-a583-85df87df943c,C0000813,0.10339747472321552,do_not_contact,0.4,20260921T000216Z,2026-09-21T00:02:18.663389+00:00,1808
f7c4d62b-5b7c-4992-9742-93754998bb09,C0001967,0.10333622321398553,do_not_contact,0.4,20260921T000216Z,2026-09-21T00:02:18.663389+00:00,1809
b9d87052-0ba3-471b-bd1e-eb258586f1d2,C0001864,0.10315729720000993,do_not_contact,0.4,20260921T000216Z,2026-09-21T00:02:18.663389+00:00,1810
216c5251-7f18-4bc8-b130-5278631e4c23,C0002441,0.10306304540301985,do_not_contact,0.4,20260921T000216Z,2026-09-21T00:02:18.663389+00:00,1811
f876710a-ce54-446a-a74a-966f82aa0245,C0000118,0.10304590988536715,do_not_contact,0.4,20260921T000216Z,2026-09-21T00:02:18.663389+00:00,1812
6b4d7eb7-a4a5-4c97-af14-d51aaf3e804b,C0000057,0.10281533358474325,do_not_contact,0.4,20260921T000216Z,2026-09-21T00:02:18.663389+00:00,1813
fc79c09b-4188-4840-94f7-597971fd3526,C0002157,0.10276708373054748,do_not_contact,0.4,20260921T000216Z,2026-09-21T00:02:18.663389+00:00,1814
8b89c687-b83d-492f-8571-13752f7bbc89,C0001089,0.10249766807029732,do_not_contact,0.4,20260921T000216Z,2026-09-21T00:02:18.663389+00:00,1815
12649d7a-8b5c-4d2f-b8d9-759ef956d8f2,C0001834,0.10241695362728746,do_not_contact,0.4,20260921T000216Z,2026-09-21T00:02:18.663389+00:00,1816
a25adcd1-ddc8-4ff4-8f63-51e5fadc77c3,C0000679,0.10241609350423496,do_not_contact,0.4,20260921T000216Z,2026-09-21T00:02:18.663389+00:00,1817
90bceefb-0661-47fa-99ef-bda043c2e16e,C0001563,0.1022015627851731,do_not_contact,0.4,20260921T000216Z,2026-09-21T00:02:18.663389+00:00,1818
8471c357-6176-4124-880d-e9189b546ebd,C0002738,0.10203738001046699,do_not_contact,0.4,20260921T000216Z,2026-09-21T00:02:18.663389+00:00,1819
e9971073-bbb4-455d-beb7-680386e26a98,C0002962,0.10195704818798358,do_not_contact,0.4,20260921T000216Z,2026-09-21T00:02:18.663389+00:00,1820
2bdb4c3e-64f9-4480-84c5-d05344ffa4e2,C0000280,0.10181539001467274,do_not_contact,0.4,20260921T000216Z,2026-09-21T00:02:18.663389+00:00,1821
a367c97f-7b7c-4f5f-b268-d5bebb2a98f9,C0000045,0.1017337709328199,do_not_contact,0.4,20260921T000216Z,2026-09-21T00:02:18.663389+00:00,1822
0f9ac5dc-3023-4ff9-81ba-0077eea82cf8,C0000471,0.10169664996873588,do_not_contact,0.4,20260921T000216Z,2026-09-21T00:02:18.663389+00:00,1823
e43158a0-15f1-42ca-8635-47f8fb2b933f,C0002211,0.1013643687475107,do_not_contact,0.4,20260921T000216Z,2026-09-21T00:02:18.663389+00:00,1824
fcfb5248-2481-4dbc-9dd5-a5318817d4c7,C0001361,0.10131887844966335,do_not_contact,0.4,20260921T000216Z,2026-09-21T00:02:18.663389+00:00,1825
4af30916-1c69-4ae3-b8e5-cd5380e82db0,C0000889,0.10125506664405987,do_not_contact,0.4,20260921T000216Z,2026-09-21T00:02:18.663389+00:00,1826
8f157018-0fed-4ff3-9d04-9a0817054128,C0000337,0.10115612917293913,do_not_contact,0.4,20260921T000216Z,2026-09-21T00:02:18.663389+00:00,1827
85773064-a5ca-44ea-9103-f724992021f0,C0001144,0.10115511044958425,do_not_contact,0.4,20260921T000216Z,2026-09-21T00:02:18.663389+00:00,1828
d73a6a68-0831-41f9-b6ed-78698650de22,C0000197,0.10114005639529859,do_not_contact,0.4,20260921T000216Z,2026-09-21T00:02:18.663389+00:00,1829
c1d64b3a-a4a6-4b82-b891-d4b6ca309028,C0002298,0.10107974588974473,do_not_contact,0.4,20260921T000216Z,2026-09-21T00:02:18.663389+00:00,1830
d2eb94e6-8041-49b3-aaac-cfbb273c47f1,C0000857,0.10101642433129382,do_not_contact,0.4,20260921T000216Z,2026-09-21T00:02:18.663389+00:00,1831
b894fcc2-ea22-4486-8b78-930880ad14c0,C0000993,0.10095733923754653,do_not_contact,0.4,20260921T000216Z,2026-09-21T00:02:18.663389+00:00,1832
c3ba0af2-762c-47c6-8ab0-53d3800b8d65,C0001099,0.10081886877359676,do_not_contact,0.4,20260921T000216Z,2026-09-21T00:02:18.663389+00:00,1833
f0ad0112-bf49-43c0-b73e-abc7b4fee6bb,C0002584,0.10078859369453949,do_not_contact,0.4,20260921T000216Z,2026-09-21T00:02:18.663389+00:00,1834
580475da-6b14-4ee2-93fa-397512f29268,C0000843,0.10078115079762312,do_not_contact,0.4,20260921T000216Z,2026-09-21T00:02:18.663389+00:00,1835
60297877-f8d2-4991-b479-480893288148,C0002042,0.1006247315000324,do_not_contact,0.4,20260921T000216Z,2026-09-21T00:02:18.663389+00:00,1836
eed8616d-824f-4e4f-bb9a-d8f404b80a57,C0002210,0.10060363848147516,do_not_contact,0.4,20260921T000216Z,2026-09-21T00:02:18.663389+00:00,1837
f19fb33c-183c-4651-b50d-bef0b594e77d,C0001442,0.10057295571346801,do_not_contact,0.4,20260921T000216Z,2026-09-21T00:02:18.663389+00:00,1838
e59c342b-916f-4cc2-9fc5-b71d47692c67,C0000275,0.1005517474203819,do_not_contact,0.4,20260921T000216Z,2026-09-21T00:02:18.663389+00:00,1839
4aa0a72f-afc3-4453-9e4e-f8ead3cdc5d1,C0001079,0.10054420874188473,do_not_contact,0.4,20260921T000216Z,2026-09-21T00:02:18.663389+00:00,1840
1c71e89f-1d6b-4c32-bb31-85272bc7ffe7,C0000429,0.10045573348946543,do_not_contact,0.4,20260921T000216Z,2026-09-21T00:02:18.663389+00:00,1841
aa28bc13-9c89-46c1-8934-8d9cd260b1e4,C0001976,0.10006651450420964,do_not_contact,0.4,20260921T000216Z,2026-09-21T00:02:18.663389+00:00,1842
11f0c419-a4e1-41d4-9ef3-b4429770f852,C0002666,0.09991688411592807,do_not_contact,0.4,20260921T000216Z,2026-09-21T00:02:18.663389+00:00,1843
8860a3c0-e05f-4252-baaf-9c9f35afcb13,C0001047,0.09984954178342384,do_not_contact,0.4,20260921T000216Z,2026-09-21T00:02:18.663389+00:00,1844
4e9d9427-4d03-42c1-bbca-b7d819a90748,C0002638,0.09953426339879065,do_not_contact,0.4,20260921T000216Z,2026-09-21T00:02:18.663389+00:00,1845
eb6aea2e-5263-493b-8a8b-cc2ff891675d,C0001395,0.09943019596526838,do_not_contact,0.4,20260921T000216Z,2026-09-21T00:02:18.663389+00:00,1846
a729edc2-c4a7-44fb-a873-cd996b42b6a3,C0000715,0.09939116985798477,do_not_contact,0.4,20260921T000216Z,2026-09-21T00:02:18.663389+00:00,1847
4823e2d4-c831-4588-84cb-475c631634fc,C0001766,0.0991169032457843,do_not_contact,0.4,20260921T000216Z,2026-09-21T00:02:18.663389+00:00,1848
5bf5fa71-13e6-4bd2-819a-fdf8ae2f06ac,C0000443,0.09906025643691699,do_not_contact,0.4,20260921T000216Z,2026-09-21T00:02:18.663389+00:00,1849
5a090f49-f378-4ec5-a93f-e7db4e38713c,C0002609,0.09864597864124203,do_not_contact,0.4,20260921T000216Z,2026-09-21T00:02:18.663389+00:00,1850
bb99ae7a-1373-440e-9df7-7b90929c38bd,C0001882,0.098624771309063,do_not_contact,0.4,20260921T000216Z,2026-09-21T00:02:18.663389+00:00,1851
804d9437-3d66-42cb-9d13-0591bcac389b,C0001981,0.0985536380739427,do_not_contact,0.4,20260921T000216Z,2026-09-21T00:02:18.663389+00:00,1852
3a3d069b-e5bb-4794-b9a7-91f0419e9aa5,C0000894,0.09853378920088926,do_not_contact,0.4,20260921T000216Z,2026-09-21T00:02:18.663389+00:00,1853
6cd31c35-c913-4857-8cad-7816b4a9c89c,C0001851,0.09840314649095057,do_not_contact,0.4,20260921T000216Z,2026-09-21T00:02:18.663389+00:00,1854
5dee2104-9cdd-4a2b-88cc-0fa306a7dbee,C0000378,0.09839488493679514,do_not_contact,0.4,20260921T000216Z,2026-09-21T00:02:18.663389+00:00,1855
35743cce-4500-49fa-94e8-ec20f4d52bb8,C0001847,0.0983817062670185,do_not_contact,0.4,20260921T000216Z,2026-09-21T00:02:18.663389+00:00,1856
b67ff2b8-a1de-42e3-8b47-5502f2a57c8c,C0000570,0.09827287291408884,do_not_contact,0.4,20260921T000216Z,2026-09-21T00:02:18.663389+00:00,1857
759801db-2f9a-4382-8328-687712ca64bc,C0000466,0.09811470596051128,do_not_contact,0.4,20260921T000216Z,2026-09-21T00:02:18.663389+00:00,1858
87566b0a-91b1-424e-96cc-f7949e76d0d5,C0000536,0.09810008838578292,do_not_contact,0.4,20260921T000216Z,2026-09-21T00:02:18.663389+00:00,1859
a83062f2-1990-45ef-9137-455ad808a83c,C0000495,0.09802570072943328,do_not_contact,0.4,20260921T000216Z,2026-09-21T00:02:18.663389+00:00,1860
eac0b268-ac6a-41cf-867d-6e5adc1afa1f,C0001036,0.09788594462795991,do_not_contact,0.4,20260921T000216Z,2026-09-21T00:02:18.663389+00:00,1861
fe8bbf31-a88f-46be-a55f-cd9f03c1f2c4,C0002175,0.09777652226924599,do_not_contact,0.4,20260921T000216Z,2026-09-21T00:02:18.663389+00:00,1862
efa3a7ca-8931-4b4c-a6f3-44d0bd981079,C0002436,0.0977262573239596,do_not_contact,0.4,20260921T000216Z,2026-09-21T00:02:18.663389+00:00,1863
ac858bd3-de58-46d3-b793-5b3890337e15,C0000008,0.09763886266868638,do_not_contact,0.4,20260921T000216Z,2026-09-21T00:02:18.663389+00:00,1864
bf51046e-d4fc-406a-87b5-9df7580d99be,C0002556,0.09745901343769556,do_not_contact,0.4,20260921T000216Z,2026-09-21T00:02:18.663389+00:00,1865
5deb4a98-21fc-4eef-af81-7e526003b552,C0002443,0.0973860007296355,do_not_contact,0.4,20260921T000216Z,2026-09-21T00:02:18.663389+00:00,1866
ea209170-5779-462e-a05d-d7c1579f918a,C0000770,0.09703167998843727,do_not_contact,0.4,20260921T000216Z,2026-09-21T00:02:18.663389+00:00,1867
5d3fe420-d98c-4130-98a5-91f090aa8d02,C0002719,0.09693108435172706,do_not_contact,0.4,20260921T000216Z,2026-09-21T00:02:18.663389+00:00,1868
0eb911b6-9a40-4d66-bbb4-67469fadeac8,C0001680,0.09688454426654725,do_not_contact,0.4,20260921T000216Z,2026-09-21T00:02:18.663389+00:00,1869
1f3bcda6-caf7-4972-a7a0-17b55ea381c6,C0002387,0.09675446705149278,do_not_contact,0.4,20260921T000216Z,2026-09-21T00:02:18.663389+00:00,1870
b8934b99-de8f-4a93-9a75-0741ce3cedd6,C0000757,0.09653302958576693,do_not_contact,0.4,20260921T000216Z,2026-09-21T00:02:18.663389+00:00,1871
30fd8cca-84b1-483f-b1eb-b29bf9284025,C0001664,0.09649455915902219,do_not_contact,0.4,20260921T000216Z,2026-09-21T00:02:18.663389+00:00,1872
3842574a-608d-4734-b701-bb8fbdf8812c,C0000410,0.09594005520427229,do_not_contact,0.4,20260921T000216Z,2026-09-21T00:02:18.663389+00:00,1873
086657db-c7d7-4e8d-86d6-26a7e7e03145,C0000153,0.09587114191117058,do_not_contact,0.4,20260921T000216Z,2026-09-21T00:02:18.663389+00:00,1874
4c80f659-7c73-4f13-895a-80b15908fa08,C0002059,0.09561449901781227,do_not_contact,0.4,20260921T000216Z,2026-09-21T00:02:18.663389+00:00,1875
727983a9-8a9a-4baf-9cd4-b5174f432c37,C0002904,0.09560169576934714,do_not_contact,0.4,20260921T000216Z,2026-09-21T00:02:18.663389+00:00,1876
87905a2e-15ba-4d9d-b9b7-2319b590c754,C0002201,0.09560024574932398,do_not_contact,0.4,20260921T000216Z,2026-09-21T00:02:18.663389+00:00,1877
d651f279-44ae-4cc5-8e62-249fad67b195,C0002359,0.09556381342945615,do_not_contact,0.4,20260921T000216Z,2026-09-21T00:02:18.663389+00:00,1878
ab2b3836-8c8b-496c-b9f2-5d05a5f7c916,C0001498,0.09554862439497577,do_not_contact,0.4,20260921T000216Z,2026-09-21T00:02:18.663389+00:00,1879
0d68f7aa-8c32-4505-bdd7-651a27ad21d1,C0001741,0.09544474419263692,do_not_contact,0.4,20260921T000216Z,2026-09-21T00:02:18.663389+00:00,1880
c0694a2c-bb9b-4577-a71c-c63bc6f2ba5c,C0001971,0.09527590500080543,do_not_contact,0.4,20260921T000216Z,2026-09-21T00:02:18.663389+00:00,1881
c4d8ddea-f30f-4786-b477-708f4ee91f49,C0001801,0.09524207030366669,do_not_contact,0.4,20260921T000216Z,2026-09-21T00:02:18.663389+00:00,1882
72a788a7-fd93-4983-9fd0-c6dc008160ae,C0002543,0.09517056632245968,do_not_contact,0.4,20260921T000216Z,2026-09-21T00:02:18.663389+00:00,1883
db7cdd1d-cb28-466f-a800-a1f4b4d94e15,C0001908,0.09515185857915855,do_not_contact,0.4,20260921T000216Z,2026-09-21T00:02:18.663389+00:00,1884
d78e90f2-1182-4067-a05f-1a616185b116,C0000229,0.09504694065030654,do_not_contact,0.4,20260921T000216Z,2026-09-21T00:02:18.663389+00:00,1885
36acb389-0eda-4c9c-9749-fdb589105fe2,C0001919,0.0949194184732247,do_not_contact,0.4,20260921T000216Z,2026-09-21T00:02:18.663389+00:00,1886
6e279abc-f66a-4908-9cdb-a15c6309c510,C0001784,0.09487844017252292,do_not_contact,0.4,20260921T000216Z,2026-09-21T00:02:18.663389+00:00,1887
1ab70303-54f0-41cb-8aba-05ec9160dc38,C0002097,0.09476632176857923,do_not_contact,0.4,20260921T000216Z,2026-09-21T00:02:18.663389+00:00,1888
6886dc98-b13e-4b96-a3df-2b3c058d9063,C0000079,0.09468799185615093,do_not_contact,0.4,20260921T000216Z,2026-09-21T00:02:18.663389+00:00,1889
d108ac4e-1105-4912-a56c-776ca9cdb04e,C0000584,0.09456746839766218,do_not_contact,0.4,20260921T000216Z,2026-09-21T00:02:18.663389+00:00,1890
c160337d-2309-4617-a850-1084d7e8cc21,C0000444,0.09456306255433822,do_not_contact,0.4,20260921T000216Z,2026-09-21T00:02:18.663389+00:00,1891
b371f256-6d6d-4888-9855-a1f896ab4b92,C0002834,0.09447754866146928,do_not_contact,0.4,20260921T000216Z,2026-09-21T00:02:18.663389+00:00,1892
393c8df7-6497-44c2-9fdc-5789e1958bd7,C0001382,0.09427022713620983,do_not_contact,0.4,20260921T000216Z,2026-09-21T00:02:18.663389+00:00,1893
41f820b8-1271-43c3-873c-1b27f652fb7c,C0001535,0.09426816840870199,do_not_contact,0.4,20260921T000216Z,2026-09-21T00:02:18.663389+00:00,1894
b4c36e30-b899-480b-a09b-a5dbc850ac1c,C0002362,0.09425774901855513,do_not_contact,0.4,20260921T000216Z,2026-09-21T00:02:18.663389+00:00,1895
395956d6-97df-4e2c-a6b9-635d1badd84c,C0001850,0.09422286892336347,do_not_contact,0.4,20260921T000216Z,2026-09-21T00:02:18.663389+00:00,1896
9121ef8e-faee-4944-884c-aad3e275e2cd,C0000781,0.09404718542097808,do_not_contact,0.4,20260921T000216Z,2026-09-21T00:02:18.663389+00:00,1897
c4195ff4-bd3d-4ae8-9c19-b3a0cc7ba352,C0000597,0.09403542085736268,do_not_contact,0.4,20260921T000216Z,2026-09-21T00:02:18.663389+00:00,1898
4aa6060d-e759-42db-8c14-ffb85e867a68,C0001926,0.09393394798041482,do_not_contact,0.4,20260921T000216Z,2026-09-21T00:02:18.663389+00:00,1899
7172bc13-3b6a-42eb-9346-ab18b3f3fefc,C0001822,0.09369473174208326,do_not_contact,0.4,20260921T000216Z,2026-09-21T00:02:18.663389+00:00,1900
0a73956a-9e46-4d81-80f5-b46e3e72c029,C0000409,0.09367445919825829,do_not_contact,0.4,20260921T000216Z,2026-09-21T00:02:18.663389+00:00,1901
37a87fac-9c20-48fe-ad61-6d200aa84499,C0000797,0.09356049615674995,do_not_contact,0.4,20260921T000216Z,2026-09-21T00:02:18.663389+00:00,1902
6570f0c4-a9af-455f-87f2-5af93c63f92d,C0001507,0.09352326383620604,do_not_contact,0.4,20260921T000216Z,2026-09-21T00:02:18.663389+00:00,1903
31c1dae2-66b2-4591-9be9-67bccdec8fdc,C0001351,0.09351592823795395,do_not_contact,0.4,20260921T000216Z,2026-09-21T00:02:18.663389+00:00,1904
d8732649-5268-4198-8f61-741543b87ee9,C0002981,0.09348037693566431,do_not_contact,0.4,20260921T000216Z,2026-09-21T00:02:18.663389+00:00,1905
f61d3a2e-807d-4ce6-8dcb-6474da2b2b2c,C0000178,0.09346044329439937,do_not_contact,0.4,20260921T000216Z,2026-09-21T00:02:18.663389+00:00,1906
c4ce5c74-0f77-4240-8580-32828095ba48,C0001925,0.09338644790107374,do_not_contact,0.4,20260921T000216Z,2026-09-21T00:02:18.663389+00:00,1907
34598557-4f5f-4bc4-b55a-41cac8e81116,C0001127,0.0933333834180067,do_not_contact,0.4,20260921T000216Z,2026-09-21T00:02:18.663389+00:00,1908
81c83ee7-4924-4481-b03e-0b99ae79c63b,C0000581,0.09320291849506249,do_not_contact,0.4,20260921T000216Z,2026-09-21T00:02:18.663389+00:00,1909
8e661d0d-e488-4321-83ac-d97db178e6ed,C0001697,0.09318191458937786,do_not_contact,0.4,20260921T000216Z,2026-09-21T00:02:18.663389+00:00,1910
7896106c-d403-4381-b281-b41dc54cf946,C0001726,0.09316814660654245,do_not_contact,0.4,20260921T000216Z,2026-09-21T00:02:18.663389+00:00,1911
f17ef35f-894e-4f66-8950-26cab42fcd4f,C0001773,0.09295814284457139,do_not_contact,0.4,20260921T000216Z,2026-09-21T00:02:18.663389+00:00,1912
193edbb9-3430-46de-bdd9-5ebc96567cd7,C0000187,0.09282541085946863,do_not_contact,0.4,20260921T000216Z,2026-09-21T00:02:18.663389+00:00,1913
35b2aaab-4f8f-401b-9abd-aa71fb49f307,C0001898,0.0927800362332884,do_not_contact,0.4,20260921T000216Z,2026-09-21T00:02:18.663389+00:00,1914
53e4f625-6ba1-456a-b09a-a6da86833913,C0001453,0.09277028871336608,do_not_contact,0.4,20260921T000216Z,2026-09-21T00:02:18.663389+00:00,1915
25d6db74-7cb1-44ee-b4fe-ab465ffcff77,C0002104,0.09269252107293206,do_not_contact,0.4,20260921T000216Z,2026-09-21T00:02:18.663389+00:00,1916
f9c79ba0-f15c-44a7-8e71-39d177608597,C0000441,0.09263703970054171,do_not_contact,0.4,20260921T000216Z,2026-09-21T00:02:18.663389+00:00,1917
f1003838-2038-4e80-b8e0-6853a74cf359,C0002984,0.09258687101502307,do_not_contact,0.4,20260921T000216Z,2026-09-21T00:02:18.663389+00:00,1918
b0fa3cb9-040d-4f16-b531-9b9717033198,C0001149,0.09234754380730142,do_not_contact,0.4,20260921T000216Z,2026-09-21T00:02:18.663389+00:00,1919
b0572b04-0769-4552-a2ef-9da59fb51803,C0000186,0.09233218079521949,do_not_contact,0.4,20260921T000216Z,2026-09-21T00:02:18.663389+00:00,1920
2b5bee8d-b3cd-476b-9dd2-d78c3e677da4,C0001673,0.09231337428803507,do_not_contact,0.4,20260921T000216Z,2026-09-21T00:02:18.663389+00:00,1921
cc8debdd-1a7d-46cd-b988-baddbb1f0c5a,C0002197,0.0922216574613344,do_not_contact,0.4,20260921T000216Z,2026-09-21T00:02:18.663389+00:00,1922
a50d127b-3c8a-42a2-ab36-415e41f73fa9,C0001994,0.09210895191510436,do_not_contact,0.4,20260921T000216Z,2026-09-21T00:02:18.663389+00:00,1923
2f569c8a-8c9c-4282-bc8a-95d3e4bf42bd,C0001463,0.09186941744325024,do_not_contact,0.4,20260921T000216Z,2026-09-21T00:02:18.663389+00:00,1924
a9ba2c0c-4644-4392-88ff-4ae70f52a01b,C0001084,0.09185938536647657,do_not_contact,0.4,20260921T000216Z,2026-09-21T00:02:18.663389+00:00,1925
7855f2b0-dc37-4246-bb39-7c3be8bd82a7,C0001608,0.09181124383129798,do_not_contact,0.4,20260921T000216Z,2026-09-21T00:02:18.663389+00:00,1926
be5802a0-0413-447c-9396-6c0da1a21d44,C0002398,0.09172944163396676,do_not_contact,0.4,20260921T000216Z,2026-09-21T00:02:18.663389+00:00,1927
35b6d2a9-132a-49ea-9985-5a6e381cd12d,C0000127,0.09166113024213647,do_not_contact,0.4,20260921T000216Z,2026-09-21T00:02:18.663389+00:00,1928
1315115d-bb77-4c3c-8ab8-9447cb4bdbdd,C0001961,0.09165201025415765,do_not_contact,0.4,20260921T000216Z,2026-09-21T00:02:18.663389+00:00,1929
6c557fd8-c8be-414c-a3b6-1d9af98290d6,C0001188,0.09157723243154595,do_not_contact,0.4,20260921T000216Z,2026-09-21T00:02:18.663389+00:00,1930
e3dd8ff1-1403-45bd-9ba3-70d5cbdfbabc,C0001671,0.09151172153308018,do_not_contact,0.4,20260921T000216Z,2026-09-21T00:02:18.663389+00:00,1931
7feeeb56-4d53-4c9d-bdcc-0647ba7b284a,C0000185,0.09146148721819057,do_not_contact,0.4,20260921T000216Z,2026-09-21T00:02:18.663389+00:00,1932
fa960edb-729a-4bc1-b3e0-74351a1c0df1,C0001376,0.09134740829041459,do_not_contact,0.4,20260921T000216Z,2026-09-21T00:02:18.663389+00:00,1933
56a4a8ab-575b-48d7-a821-196cacb45cc4,C0000648,0.0913002301402506,do_not_contact,0.4,20260921T000216Z,2026-09-21T00:02:18.663389+00:00,1934
5648acb1-e132-4a26-a096-d907cd4feb50,C0001141,0.09126709693762444,do_not_contact,0.4,20260921T000216Z,2026-09-21T00:02:18.663389+00:00,1935
d83446fa-ce09-48ed-8f9c-fb21cdb357f2,C0000147,0.09126194790026046,do_not_contact,0.4,20260921T000216Z,2026-09-21T00:02:18.663389+00:00,1936
1756a622-e7ac-4cb5-b675-6e066078ecfb,C0000386,0.09108618164386434,do_not_contact,0.4,20260921T000216Z,2026-09-21T00:02:18.663389+00:00,1937
294f2591-aff8-4e70-a9ce-c6f8223f449c,C0001231,0.09104607361180418,do_not_contact,0.4,20260921T000216Z,2026-09-21T00:02:18.663389+00:00,1938
5c7fcb7a-4c27-476f-a929-95e141775360,C0000544,0.0910389794088348,do_not_contact,0.4,20260921T000216Z,2026-09-21T00:02:18.663389+00:00,1939
dceefeaf-8fa0-4a2b-ab89-e8fdd2788dab,C0002683,0.09095314687127944,do_not_contact,0.4,20260921T000216Z,2026-09-21T00:02:18.663389+00:00,1940
847a5795-805f-44d7-933d-0dbc0cc426a3,C0002146,0.0909217599003956,do_not_contact,0.4,20260921T000216Z,2026-09-21T00:02:18.663389+00:00,1941
68be9184-3d83-4089-b055-dca0356e69c1,C0000414,0.09081596456244571,do_not_contact,0.4,20260921T000216Z,2026-09-21T00:02:18.663389+00:00,1942
52c6e60d-91b0-4d3c-8ada-891e0c04a468,C0002307,0.09053674110915526,do_not_contact,0.4,20260921T000216Z,2026-09-21T00:02:18.663389+00:00,1943
4278b8ac-bb26-45c6-ba29-2ababb1f7960,C0002202,0.09050327087251206,do_not_contact,0.4,20260921T000216Z,2026-09-21T00:02:18.663389+00:00,1944
ab335b1f-b603-4778-aada-01ab2fab135a,C0000362,0.09033271816476901,do_not_contact,0.4,20260921T000216Z,2026-09-21T00:02:18.663389+00:00,1945
2df0dc47-a46a-46b2-b469-0e48850e6430,C0001421,0.09028777755388499,do_not_contact,0.4,20260921T000216Z,2026-09-21T00:02:18.663389+00:00,1946
941ad3ca-10dd-458e-bd67-ee3baa761229,C0000850,0.09005269024017688,do_not_contact,0.4,20260921T000216Z,2026-09-21T00:02:18.663389+00:00,1947
3bd320c1-d11f-4a65-a6a2-fddb9d0abb50,C0002070,0.08999369199116575,do_not_contact,0.4,20260921T000216Z,2026-09-21T00:02:18.663389+00:00,1948
8a79cac0-1286-4997-9c89-f4d49cfcdf32,C0000051,0.0899936145905763,do_not_contact,0.4,20260921T000216Z,2026-09-21T00:02:18.663389+00:00,1949
f9cae3b3-1f4f-4f5c-ad76-9a89eba42933,C0001152,0.0899127923134911,do_not_contact,0.4,20260921T000216Z,2026-09-21T00:02:18.663389+00:00,1950
26a6470c-d34d-4c53-b1a2-ae6c2f582fb5,C0001223,0.0898001051831628,do_not_contact,0.4,20260921T000216Z,2026-09-21T00:02:18.663389+00:00,1951
057aba6d-3b79-40a2-8b26-61f60b512aaa,C0001179,0.08977960267335787,do_not_contact,0.4,20260921T000216Z,2026-09-21T00:02:18.663389+00:00,1952
2472bfb9-8cd7-49db-9376-4b3fc0c7cdf6,C0001587,0.08976437669839789,do_not_contact,0.4,20260921T000216Z,2026-09-21T00:02:18.663389+00:00,1953
906c73e7-e209-4fd5-94f1-5a7c9123bb10,C0001950,0.08966938650323239,do_not_contact,0.4,20260921T000216Z,2026-09-21T00:02:18.663389+00:00,1954
869db501-a3d6-4fd8-bf85-86ccfe041ae4,C0002019,0.08955932983090274,do_not_contact,0.4,20260921T000216Z,2026-09-21T00:02:18.663389+00:00,1955
44d692f3-784c-46a7-9234-b30f2fee1720,C0002585,0.08949354653697394,do_not_contact,0.4,20260921T000216Z,2026-09-21T00:02:18.663389+00:00,1956
aecaf707-81e0-46c0-9df4-dad5b090a2bf,C0001259,0.08942328084105931,do_not_contact,0.4,20260921T000216Z,2026-09-21T00:02:18.663389+00:00,1957
ffa0eb23-2f3d-4b45-a9a7-f16b4551d7be,C0002209,0.08932010524448007,do_not_contact,0.4,20260921T000216Z,2026-09-21T00:02:18.663389+00:00,1958
d61b95ca-975f-457e-b673-9421e50a57f8,C0001966,0.08917559117427214,do_not_contact,0.4,20260921T000216Z,2026-09-21T00:02:18.663389+00:00,1959
cbc36670-9772-4c99-b9cb-a09d1c5eb646,C0000085,0.08910239759924272,do_not_contact,0.4,20260921T000216Z,2026-09-21T00:02:18.663389+00:00,1960
5a75c49b-aad3-4ecb-b98f-f91e54215bf6,C0002139,0.08908345161743013,do_not_contact,0.4,20260921T000216Z,2026-09-21T00:02:18.663389+00:00,1961
2e5acdc1-8d6b-4dc3-9c0d-dbafa8bfdf3a,C0000671,0.08887472770614344,do_not_contact,0.4,20260921T000216Z,2026-09-21T00:02:18.663389+00:00,1962
7f0a0f65-b714-442b-837f-b0c29eb10285,C0001872,0.08870352879325831,do_not_contact,0.4,20260921T000216Z,2026-09-21T00:02:18.663389+00:00,1963
e62bf6b1-c44a-4595-8fe2-6ff86801d1a4,C0002178,0.08867864468314822,do_not_contact,0.4,20260921T000216Z,2026-09-21T00:02:18.663389+00:00,1964
29c516d6-8ae9-44d0-8042-fcc854b68fb2,C0000053,0.08866342729589022,do_not_contact,0.4,20260921T000216Z,2026-09-21T00:02:18.663389+00:00,1965
cc01a1b4-e040-42aa-830f-df06b16609e8,C0000554,0.08860688678319815,do_not_contact,0.4,20260921T000216Z,2026-09-21T00:02:18.663389+00:00,1966
05736df5-5fe0-436d-8e55-a42c68945d83,C0001750,0.08859067324245687,do_not_contact,0.4,20260921T000216Z,2026-09-21T00:02:18.663389+00:00,1967
7dab4069-579e-48ee-91c3-a78d1c4ae60a,C0001216,0.0885184432058649,do_not_contact,0.4,20260921T000216Z,2026-09-21T00:02:18.663389+00:00,1968
6e2393e1-9af1-4e5e-81c3-86dfdd71522e,C0002802,0.08847489278726603,do_not_contact,0.4,20260921T000216Z,2026-09-21T00:02:18.663389+00:00,1969
6e7ee344-7fda-4244-a306-34d570a7d0f3,C0000392,0.08847249997308673,do_not_contact,0.4,20260921T000216Z,2026-09-21T00:02:18.663389+00:00,1970
31ea8257-7fa1-40c3-bd07-03055c85e74a,C0000226,0.08845057792322457,do_not_contact,0.4,20260921T000216Z,2026-09-21T00:02:18.663389+00:00,1971
975b46af-a8cd-497c-aa21-fe21c8de6e8a,C0001150,0.08837591949950907,do_not_contact,0.4,20260921T000216Z,2026-09-21T00:02:18.663389+00:00,1972
602d7652-b7b3-4a56-910c-d35ce8285fb4,C0001960,0.08830317426062712,do_not_contact,0.4,20260921T000216Z,2026-09-21T00:02:18.663389+00:00,1973
8114b22b-4d83-4ea3-a034-0ea6dc7552ff,C0002173,0.08829233207364555,do_not_contact,0.4,20260921T000216Z,2026-09-21T00:02:18.663389+00:00,1974
3a4fef04-65ab-4b4b-b561-a09453149281,C0000128,0.08810080616728505,do_not_contact,0.4,20260921T000216Z,2026-09-21T00:02:18.663389+00:00,1975
87329cc4-192e-46bc-8ae3-a16b7d23ace0,C0002145,0.08808548485832811,do_not_contact,0.4,20260921T000216Z,2026-09-21T00:02:18.663389+00:00,1976
da0aac9d-4377-4a70-91d8-ccddcc4deca8,C0002924,0.08804301119240725,do_not_contact,0.4,20260921T000216Z,2026-09-21T00:02:18.663389+00:00,1977
9c4c9544-656c-44cb-8b74-31b5c90a1286,C0000071,0.08783017671195152,do_not_contact,0.4,20260921T000216Z,2026-09-21T00:02:18.663389+00:00,1978
94877177-dcf4-436e-bf6d-ec1c40c48b06,C0002386,0.0877056623897314,do_not_contact,0.4,20260921T000216Z,2026-09-21T00:02:18.663389+00:00,1979
675f2aef-1e1d-467d-ab3f-0c673bfe531f,C0001667,0.08737237658638258,do_not_contact,0.4,20260921T000216Z,2026-09-21T00:02:18.663389+00:00,1980
e0de1a97-d3ab-41b5-b452-88221a1b6a9f,C0001764,0.08734494445923419,do_not_contact,0.4,20260921T000216Z,2026-09-21T00:02:18.663389+00:00,1981
6bfda518-ad50-47f5-899b-1c84ceb11b1b,C0002496,0.08721541555566803,do_not_contact,0.4,20260921T000216Z,2026-09-21T00:02:18.663389+00:00,1982
30dd1753-e8e9-4aff-a9e7-faffc8b1b0e8,C0002600,0.08704042362948287,do_not_contact,0.4,20260921T000216Z,2026-09-21T00:02:18.663389+00:00,1983
97430b62-762b-4e62-8935-ceff94df85e2,C0001863,0.08699344179493866,do_not_contact,0.4,20260921T000216Z,2026-09-21T00:02:18.663389+00:00,1984
e1afffae-164c-4bf6-b827-f2bf1cb2bbce,C0000264,0.08697504839667261,do_not_contact,0.4,20260921T000216Z,2026-09-21T00:02:18.663389+00:00,1985
b0aa402a-a1d7-465b-a133-8e21fa2e4f6d,C0001778,0.08691136480537319,do_not_contact,0.4,20260921T000216Z,2026-09-21T00:02:18.663389+00:00,1986
15c5d6f8-0d24-4a93-8c5b-d40797b4b043,C0001936,0.08678831919219404,do_not_contact,0.4,20260921T000216Z,2026-09-21T00:02:18.663389+00:00,1987
6308a045-dae2-4136-8885-b483036fe85d,C0001758,0.08677219133121646,do_not_contact,0.4,20260921T000216Z,2026-09-21T00:02:18.663389+00:00,1988
da1388cd-cf28-4a98-ac21-bc98af7446a6,C0001770,0.08672873768906816,do_not_contact,0.4,20260921T000216Z,2026-09-21T00:02:18.663389+00:00,1989
fcca6b73-7312-4f2d-9ffc-cec9a9a3a281,C0001181,0.08668085224005506,do_not_contact,0.4,20260921T000216Z,2026-09-21T00:02:18.663389+00:00,1990
db3d2b9d-4969-4707-be7c-37938bf2b56b,C0002551,0.08656718081093388,do_not_contact,0.4,20260921T000216Z,2026-09-21T00:02:18.663389+00:00,1991
9256ad34-32a9-4a8f-a21c-f25a79c3ba55,C0001354,0.08652519913040835,do_not_contact,0.4,20260921T000216Z,2026-09-21T00:02:18.663389+00:00,1992
54cda173-9463-4ffa-8add-9a6a8e2bc6ec,C0002959,0.08630424794846438,do_not_contact,0.4,20260921T000216Z,2026-09-21T00:02:18.663389+00:00,1993
a7da6021-94f6-4096-bc60-2a214d059fa1,C0001039,0.08606554724444693,do_not_contact,0.4,20260921T000216Z,2026-09-21T00:02:18.663389+00:00,1994
6737b212-8dde-4f43-a4c3-88bc4cf5d200,C0002216,0.08606219499674793,do_not_contact,0.4,20260921T000216Z,2026-09-21T00:02:18.663389+00:00,1995
30839266-d8e8-4ac7-906d-37e4b1aba57f,C0002056,0.08600807169221897,do_not_contact,0.4,20260921T000216Z,2026-09-21T00:02:18.663389+00:00,1996
0e281118-3753-4d90-ac28-26fa9f567596,C0002284,0.08584357102596665,do_not_contact,0.4,20260921T000216Z,2026-09-21T00:02:18.663389+00:00,1997
02649fcd-8ce0-46ad-932a-6a6540821195,C0001959,0.08584038798180503,do_not_contact,0.4,20260921T000216Z,2026-09-21T00:02:18.663389+00:00,1998
76debafe-ed14-4f24-853a-644390e47026,C0002328,0.08579059282497986,do_not_contact,0.4,20260921T000216Z,2026-09-21T00:02:18.663389+00:00,1999
57240327-3e5e-4d41-ae82-70319b11484a,C0002740,0.08557370082027006,do_not_contact,0.4,20260921T000216Z,2026-09-21T00:02:18.663389+00:00,2000
94092ff7-0a58-4dd4-811e-74b15e48463a,C0000108,0.08554248578675405,do_not_contact,0.4,20260921T000216Z,2026-09-21T00:02:18.663389+00:00,2001
b9255626-2ce7-4adc-bd6f-ecd9f27bf624,C0000869,0.08552256153932183,do_not_contact,0.4,20260921T000216Z,2026-09-21T00:02:18.663389+00:00,2002
6ac604c3-c8d7-4516-bc88-2892214db6a3,C0000103,0.08549122949624768,do_not_contact,0.4,20260921T000216Z,2026-09-21T00:02:18.663389+00:00,2003
0e79f52e-10c6-4693-8c01-2c0f161bb7d2,C0001360,0.08548447481085726,do_not_contact,0.4,20260921T000216Z,2026-09-21T00:02:18.663389+00:00,2004
d5296edc-c428-4353-aa7c-76cf8d1d2fe7,C0001490,0.08546293324385693,do_not_contact,0.4,20260921T000216Z,2026-09-21T00:02:18.663389+00:00,2005
8a41a253-f742-4959-a5dc-94c9b101981b,C0002851,0.08544202238889445,do_not_contact,0.4,20260921T000216Z,2026-09-21T00:02:18.663389+00:00,2006
80692bcd-887b-4ee4-8cbd-b2e17b87c7d4,C0001285,0.08538343869579716,do_not_contact,0.4,20260921T000216Z,2026-09-21T00:02:18.663389+00:00,2007
2a87b03e-0137-47ca-a1b1-def73ebd165a,C0000847,0.08516155918719606,do_not_contact,0.4,20260921T000216Z,2026-09-21T00:02:18.663389+00:00,2008
dbbe7586-f0b3-4961-88b2-d05c2c9be199,C0002581,0.08512002242108882,do_not_contact,0.4,20260921T000216Z,2026-09-21T00:02:18.663389+00:00,2009
797d9329-db35-42c9-9a5f-3feb1ccb82bf,C0001817,0.08507863952966228,do_not_contact,0.4,20260921T000216Z,2026-09-21T00:02:18.663389+00:00,2010
7793479b-2cc9-41d4-8cdb-73f3033d0886,C0001294,0.08505155320597173,do_not_contact,0.4,20260921T000216Z,2026-09-21T00:02:18.663389+00:00,2011
2bbcdba1-fcc2-4399-8fe5-9c16667a0779,C0001753,0.08489327065442562,do_not_contact,0.4,20260921T000216Z,2026-09-21T00:02:18.663389+00:00,2012
ad11cd1b-a558-4fce-a60b-7c4e5de3d284,C0002032,0.08487631916439209,do_not_contact,0.4,20260921T000216Z,2026-09-21T00:02:18.663389+00:00,2013
f97d2c3c-3ef6-48ff-b70c-f9d807f928ab,C0002024,0.08480113689484382,do_not_contact,0.4,20260921T000216Z,2026-09-21T00:02:18.663389+00:00,2014
221a2ef0-14d3-49e7-9a41-e9870649414c,C0000319,0.08469871717746696,do_not_contact,0.4,20260921T000216Z,2026-09-21T00:02:18.663389+00:00,2015
741cea9b-6133-4f18-87bf-af13d2619b17,C0001073,0.08464361554473984,do_not_contact,0.4,20260921T000216Z,2026-09-21T00:02:18.663389+00:00,2016
f3f5b57f-b705-490c-bb3a-ffb2ab7fcf3e,C0002165,0.0845588767073136,do_not_contact,0.4,20260921T000216Z,2026-09-21T00:02:18.663389+00:00,2017
fdb5ac3a-a041-4dca-8e1f-8ec353066cbe,C0002889,0.08451463517016662,do_not_contact,0.4,20260921T000216Z,2026-09-21T00:02:18.663389+00:00,2018
601aee90-a031-4288-8ea8-7c5a3c331727,C0000969,0.08447892575405411,do_not_contact,0.4,20260921T000216Z,2026-09-21T00:02:18.663389+00:00,2019
b7864547-e9e0-436d-a82e-b54bd71ba880,C0000380,0.08438559983567916,do_not_contact,0.4,20260921T000216Z,2026-09-21T00:02:18.663389+00:00,2020
568d22e1-e2e1-4e6a-8e12-af15c0213909,C0002125,0.08433763545501857,do_not_contact,0.4,20260921T000216Z,2026-09-21T00:02:18.663389+00:00,2021
4c68355c-606c-466e-a438-5b906cfd09d0,C0000812,0.08423328153839824,do_not_contact,0.4,20260921T000216Z,2026-09-21T00:02:18.663389+00:00,2022
681c798e-e0df-4423-9901-85cd569066bd,C0001760,0.08420800192244095,do_not_contact,0.4,20260921T000216Z,2026-09-21T00:02:18.663389+00:00,2023
39135e13-288e-4812-bc79-6e8f74513883,C0000172,0.08418074692083782,do_not_contact,0.4,20260921T000216Z,2026-09-21T00:02:18.663389+00:00,2024
66ad3781-8f7c-4648-a834-053645cb1036,C0000222,0.08387630114628264,do_not_contact,0.4,20260921T000216Z,2026-09-21T00:02:18.663389+00:00,2025
94d11581-ea8c-42d8-8d1f-a3f1f16d35e4,C0001405,0.08341434045826293,do_not_contact,0.4,20260921T000216Z,2026-09-21T00:02:18.663389+00:00,2026
91dd6872-01eb-406f-8004-a502df8cdb22,C0000538,0.08338003741946683,do_not_contact,0.4,20260921T000216Z,2026-09-21T00:02:18.663389+00:00,2027
d14bfe77-3a41-44e4-b9f6-1d5825629c32,C0000203,0.0833660928384213,do_not_contact,0.4,20260921T000216Z,2026-09-21T00:02:18.663389+00:00,2028
8440c7a7-1b68-4651-b32d-70763685d7c8,C0001866,0.08321975419807431,do_not_contact,0.4,20260921T000216Z,2026-09-21T00:02:18.663389+00:00,2029
ee89d040-015c-4e7d-a28c-6d74b1983de8,C0001019,0.08320202345233803,do_not_contact,0.4,20260921T000216Z,2026-09-21T00:02:18.663389+00:00,2030
ccf76588-cb5b-4d4c-8bc1-60d0c4b55d10,C0001121,0.08308591183098973,do_not_contact,0.4,20260921T000216Z,2026-09-21T00:02:18.663389+00:00,2031
dae2bd6c-8201-4b65-881a-b4a4232545e9,C0002702,0.08308369247413389,do_not_contact,0.4,20260921T000216Z,2026-09-21T00:02:18.663389+00:00,2032
f5e5fdcf-0748-4b0f-8e10-bf1c3fd96d4b,C0002772,0.08307819429774363,do_not_contact,0.4,20260921T000216Z,2026-09-21T00:02:18.663389+00:00,2033
7a625ee3-992f-4055-9d01-62629150b2e0,C0002065,0.08304955274099884,do_not_contact,0.4,20260921T000216Z,2026-09-21T00:02:18.663389+00:00,2034
86c5197a-d4bf-4270-93b1-cd6251325377,C0001832,0.08296672211607738,do_not_contact,0.4,20260921T000216Z,2026-09-21T00:02:18.663389+00:00,2035
98acc68b-5bff-4cf8-8c12-ae0d103e8cbb,C0002642,0.0826408637307647,do_not_contact,0.4,20260921T000216Z,2026-09-21T00:02:18.663389+00:00,2036
9be23788-80dc-463d-bb0a-d019ba725791,C0000858,0.08262293182978177,do_not_contact,0.4,20260921T000216Z,2026-09-21T00:02:18.663389+00:00,2037
c0432fa5-d25c-4d32-b078-c38662c23575,C0002673,0.08252508349239711,do_not_contact,0.4,20260921T000216Z,2026-09-21T00:02:18.663389+00:00,2038
7776bab0-0b2a-4329-8216-3577bb5e927f,C0001200,0.08243938955753681,do_not_contact,0.4,20260921T000216Z,2026-09-21T00:02:18.663389+00:00,2039
945b0eb1-c57c-47a4-ad96-48dd4796267f,C0000411,0.08241729449998363,do_not_contact,0.4,20260921T000216Z,2026-09-21T00:02:18.663389+00:00,2040
854bb78c-4e22-4359-ba27-888dda7dcacb,C0001459,0.08241235280083525,do_not_contact,0.4,20260921T000216Z,2026-09-21T00:02:18.663389+00:00,2041
062e3d46-f57e-4862-b29f-57c83e154fa4,C0002561,0.08240676256257806,do_not_contact,0.4,20260921T000216Z,2026-09-21T00:02:18.663389+00:00,2042
819d3a8a-799f-4a6c-81b5-fb1c268a1c24,C0002256,0.08237521690268897,do_not_contact,0.4,20260921T000216Z,2026-09-21T00:02:18.663389+00:00,2043
cfe0cc9b-dab7-4144-a3de-a087efe2fe62,C0000084,0.08234821755022016,do_not_contact,0.4,20260921T000216Z,2026-09-21T00:02:18.663389+00:00,2044
70597d9e-7901-4f5d-b201-efbcc1b30d74,C0000350,0.08227472203650654,do_not_contact,0.4,20260921T000216Z,2026-09-21T00:02:18.663389+00:00,2045
bfdc222f-d8a2-4010-893d-eea7873269b9,C0002896,0.08225724447034603,do_not_contact,0.4,20260921T000216Z,2026-09-21T00:02:18.663389+00:00,2046
9362df38-13f7-405b-8b1d-da227296889d,C0002594,0.0820513150364458,do_not_contact,0.4,20260921T000216Z,2026-09-21T00:02:18.663389+00:00,2047
5472164d-a450-48bc-a79c-c518fc767f9f,C0002649,0.0819811448882396,do_not_contact,0.4,20260921T000216Z,2026-09-21T00:02:18.663389+00:00,2048
e45b954b-183f-4149-999a-4e6d857f6e91,C0001379,0.08196014946529276,do_not_contact,0.4,20260921T000216Z,2026-09-21T00:02:18.663389+00:00,2049
7af949b8-cf15-42e0-9a42-7144dc850e5f,C0000578,0.08192867947588534,do_not_contact,0.4,20260921T000216Z,2026-09-21T00:02:18.663389+00:00,2050
10b56646-f92e-40c5-9ef6-ac3deb29d5ed,C0001916,0.08180979084712364,do_not_contact,0.4,20260921T000216Z,2026-09-21T00:02:18.663389+00:00,2051
a6c38c38-79f1-40e8-8fec-b8cb4e64829c,C0002223,0.08173902672665787,do_not_contact,0.4,20260921T000216Z,2026-09-21T00:02:18.663389+00:00,2052
572136d5-5b1f-44be-8cf4-a9a72b483632,C0002127,0.08140644746016784,do_not_contact,0.4,20260921T000216Z,2026-09-21T00:02:18.663389+00:00,2053
51876e92-d3bb-4ff3-bac6-b907b860e358,C0000663,0.0814018130349846,do_not_contact,0.4,20260921T000216Z,2026-09-21T00:02:18.663389+00:00,2054
21737667-e44c-4dc5-8673-34cd3f959198,C0002641,0.08131811665142767,do_not_contact,0.4,20260921T000216Z,2026-09-21T00:02:18.663389+00:00,2055
9d61068b-fd5d-46ec-8d8a-a1fac5ad22a1,C0000764,0.08122975276356513,do_not_contact,0.4,20260921T000216Z,2026-09-21T00:02:18.663389+00:00,2056
1c31cc14-c466-4baf-8f6f-00f23c1c7a30,C0002087,0.08111563253550952,do_not_contact,0.4,20260921T000216Z,2026-09-21T00:02:18.663389+00:00,2057
b7830c99-5a2a-4146-afe7-a44aeeb99be5,C0000451,0.08103812291744039,do_not_contact,0.4,20260921T000216Z,2026-09-21T00:02:18.663389+00:00,2058
f573366b-ab3a-4a3b-a105-c2a8050edb74,C0002515,0.08100166373636271,do_not_contact,0.4,20260921T000216Z,2026-09-21T00:02:18.663389+00:00,2059
97d6a4e7-a8fa-4641-81f9-533391804a57,C0001509,0.0809977029542877,do_not_contact,0.4,20260921T000216Z,2026-09-21T00:02:18.663389+00:00,2060
83c6e133-ac86-40d5-8a9d-a7f3a9d00d68,C0001228,0.08095154256525146,do_not_contact,0.4,20260921T000216Z,2026-09-21T00:02:18.663389+00:00,2061
7563221f-68b2-44d6-bf9a-0aaf28b155b6,C0001075,0.08078496041893676,do_not_contact,0.4,20260921T000216Z,2026-09-21T00:02:18.663389+00:00,2062
46e206ad-7d8c-48dd-9b97-1cd5a8834c0b,C0001554,0.08066350263869371,do_not_contact,0.4,20260921T000216Z,2026-09-21T00:02:18.663389+00:00,2063
ae2bd7e5-6a08-4b43-b7c3-e5c08a65829e,C0002656,0.08054558037190465,do_not_contact,0.4,20260921T000216Z,2026-09-21T00:02:18.663389+00:00,2064
04652f75-2d50-43a2-b596-4e088b5b9b3f,C0001964,0.08042661513894046,do_not_contact,0.4,20260921T000216Z,2026-09-21T00:02:18.663389+00:00,2065
06376328-c5dd-4f09-86b7-15fef2135b80,C0000951,0.08025074320204657,do_not_contact,0.4,20260921T000216Z,2026-09-21T00:02:18.663389+00:00,2066
d869414e-cbbb-4311-8819-78a867513b88,C0000156,0.08016276113855823,do_not_contact,0.4,20260921T000216Z,2026-09-21T00:02:18.663389+00:00,2067
4f15fcd2-32c9-447e-a6fe-f6cbff4b47bf,C0001530,0.08006233430928877,do_not_contact,0.4,20260921T000216Z,2026-09-21T00:02:18.663389+00:00,2068
8fea81ba-28a8-441f-be90-d6be6053fe3a,C0001984,0.0800303526580821,do_not_contact,0.4,20260921T000216Z,2026-09-21T00:02:18.663389+00:00,2069
17acb250-a02f-4a16-afcb-f4170cdba4e0,C0002321,0.07998503157940055,do_not_contact,0.4,20260921T000216Z,2026-09-21T00:02:18.663389+00:00,2070
8c407db5-6427-4414-a6e5-9031f9d456b9,C0001955,0.07984766410396173,do_not_contact,0.4,20260921T000216Z,2026-09-21T00:02:18.663389+00:00,2071
d7e9e88d-cc57-4046-a85c-28968b324c9a,C0000826,0.07975303372336547,do_not_contact,0.4,20260921T000216Z,2026-09-21T00:02:18.663389+00:00,2072
04cc3e1a-e14d-42c6-86ab-e92ef64fed09,C0000885,0.0797465594115937,do_not_contact,0.4,20260921T000216Z,2026-09-21T00:02:18.663389+00:00,2073
e08e5394-7dfe-4c5e-bc39-feacacc9bee5,C0002830,0.07968683497058521,do_not_contact,0.4,20260921T000216Z,2026-09-21T00:02:18.663389+00:00,2074
cc2a0723-4ff6-4486-b72b-097b15c0593a,C0000886,0.079675704965746,do_not_contact,0.4,20260921T000216Z,2026-09-21T00:02:18.663389+00:00,2075
fef332f1-7b80-45e4-bf7a-5c5efa7f4531,C0001215,0.07963487524288422,do_not_contact,0.4,20260921T000216Z,2026-09-21T00:02:18.663389+00:00,2076
0df9cb22-31a3-4dd9-8300-e3a689d31688,C0000999,0.07961897973532664,do_not_contact,0.4,20260921T000216Z,2026-09-21T00:02:18.663389+00:00,2077
397fdaa7-6f32-4036-a441-f28f699c1e0c,C0002293,0.07952715770386941,do_not_contact,0.4,20260921T000216Z,2026-09-21T00:02:18.663389+00:00,2078
48d5d0df-9acd-4491-b13e-8fada66aa1ac,C0002096,0.0795127033273769,do_not_contact,0.4,20260921T000216Z,2026-09-21T00:02:18.663389+00:00,2079
3c2d5c17-fa4e-4dac-a469-de313bb26f2a,C0001560,0.07949700763003277,do_not_contact,0.4,20260921T000216Z,2026-09-21T00:02:18.663389+00:00,2080
b30555e4-e761-4213-8d1a-31e59ef39603,C0001796,0.07941022915244449,do_not_contact,0.4,20260921T000216Z,2026-09-21T00:02:18.663389+00:00,2081
8f528d9e-2d63-48a4-ac6f-5d46cfb38483,C0000745,0.07935546376325736,do_not_contact,0.4,20260921T000216Z,2026-09-21T00:02:18.663389+00:00,2082
f334a990-df08-4801-8d2d-4cd7cd87299f,C0001617,0.07922277174195123,do_not_contact,0.4,20260921T000216Z,2026-09-21T00:02:18.663389+00:00,2083
b1fde278-5705-414d-831e-decfbbcd750d,C0002652,0.07904306790186763,do_not_contact,0.4,20260921T000216Z,2026-09-21T00:02:18.663389+00:00,2084
fc954b73-a35d-410c-9778-f9cae90b10a0,C0001676,0.07903146294788968,do_not_contact,0.4,20260921T000216Z,2026-09-21T00:02:18.663389+00:00,2085
49b64ef9-22c8-44d5-a205-22c1334c2c2c,C0000445,0.07900500410200927,do_not_contact,0.4,20260921T000216Z,2026-09-21T00:02:18.663389+00:00,2086
1c8da987-0f59-46ba-bff3-092caaafa5b2,C0001007,0.0789154295754876,do_not_contact,0.4,20260921T000216Z,2026-09-21T00:02:18.663389+00:00,2087
2da9b3f6-2128-4094-8bc8-487e9de5e152,C0002819,0.07884577878187271,do_not_contact,0.4,20260921T000216Z,2026-09-21T00:02:18.663389+00:00,2088
f0d26c06-30e1-4b9e-b036-c5bc1def9146,C0001161,0.07880174864624154,do_not_contact,0.4,20260921T000216Z,2026-09-21T00:02:18.663389+00:00,2089
f67a1815-15a8-43e0-a614-ef6e6050fcf7,C0002909,0.0787955144715033,do_not_contact,0.4,20260921T000216Z,2026-09-21T00:02:18.663389+00:00,2090
dcfa8564-c949-4574-aebb-3ab173a1f111,C0000415,0.07864184090780205,do_not_contact,0.4,20260921T000216Z,2026-09-21T00:02:18.663389+00:00,2091
f309ba33-3861-41c1-9bd4-14a6362bce68,C0002255,0.07854460410241901,do_not_contact,0.4,20260921T000216Z,2026-09-21T00:02:18.663389+00:00,2092
80fbec7e-6169-448e-a8fb-461005e379d8,C0000295,0.07841380033127375,do_not_contact,0.4,20260921T000216Z,2026-09-21T00:02:18.663389+00:00,2093
7496df9c-ce59-405a-a4a1-59a989cd1e87,C0000657,0.07835096214751278,do_not_contact,0.4,20260921T000216Z,2026-09-21T00:02:18.663389+00:00,2094
e43ed00c-de08-4e28-8ee9-79a157949849,C0002568,0.0781375630180516,do_not_contact,0.4,20260921T000216Z,2026-09-21T00:02:18.663389+00:00,2095
9e222941-018c-4d10-816e-c01f607a431c,C0001357,0.07812526858610987,do_not_contact,0.4,20260921T000216Z,2026-09-21T00:02:18.663389+00:00,2096
887beebd-cd92-4709-972d-f098f554dfcd,C0002998,0.07809936942527099,do_not_contact,0.4,20260921T000216Z,2026-09-21T00:02:18.663389+00:00,2097
e62e1d0d-2d62-401f-84c0-93a6181d94ef,C0002631,0.0780972022309441,do_not_contact,0.4,20260921T000216Z,2026-09-21T00:02:18.663389+00:00,2098
9e0d9793-743e-43f2-8137-5c700bd5bc90,C0000694,0.07804547773936607,do_not_contact,0.4,20260921T000216Z,2026-09-21T00:02:18.663389+00:00,2099
f57e0587-7500-4c3a-bc9e-dff906ea263a,C0002817,0.07777006576385471,do_not_contact,0.4,20260921T000216Z,2026-09-21T00:02:18.663389+00:00,2100
519990de-3434-44fd-9544-833c653d5517,C0000303,0.07767178878154614,do_not_contact,0.4,20260921T000216Z,2026-09-21T00:02:18.663389+00:00,2101
a6a526d5-6fb0-478e-a3fa-e10698fd1299,C0002309,0.0776335440873957,do_not_contact,0.4,20260921T000216Z,2026-09-21T00:02:18.663389+00:00,2102
1d4a3831-f6a5-4f40-b8f4-c29265be9968,C0002039,0.07749764173109022,do_not_contact,0.4,20260921T000216Z,2026-09-21T00:02:18.663389+00:00,2103
2bd14ef2-fa8a-434b-8892-1086a94a56d0,C0001013,0.07739339766119945,do_not_contact,0.4,20260921T000216Z,2026-09-21T00:02:18.663389+00:00,2104
fec65947-1a1a-444c-b139-19e88355813d,C0002625,0.07721579055754475,do_not_contact,0.4,20260921T000216Z,2026-09-21T00:02:18.663389+00:00,2105
0d17cc3a-42a1-4a8a-9853-6918358e339c,C0002598,0.07714214320296914,do_not_contact,0.4,20260921T000216Z,2026-09-21T00:02:18.663389+00:00,2106
407ce39b-28ba-4564-9afc-443ca02e8301,C0000767,0.07705861332274606,do_not_contact,0.4,20260921T000216Z,2026-09-21T00:02:18.663389+00:00,2107
3c34cee8-464d-4801-8448-f96643b850f2,C0001403,0.07691888832473363,do_not_contact,0.4,20260921T000216Z,2026-09-21T00:02:18.663389+00:00,2108
8017f7c1-6518-4957-ba9b-90e88c354f55,C0002846,0.07691577051980758,do_not_contact,0.4,20260921T000216Z,2026-09-21T00:02:18.663389+00:00,2109
3d349824-b8cf-475a-b57d-8a9a6699e0f7,C0001505,0.07689953029610687,do_not_contact,0.4,20260921T000216Z,2026-09-21T00:02:18.663389+00:00,2110
5e2313ee-cd5f-48a5-9394-28a6eabf055b,C0002301,0.07679334169114506,do_not_contact,0.4,20260921T000216Z,2026-09-21T00:02:18.663389+00:00,2111
f09b090c-ab72-4fa1-9151-bd53c94098ae,C0002482,0.07677288053205836,do_not_contact,0.4,20260921T000216Z,2026-09-21T00:02:18.663389+00:00,2112
fcc95b33-369c-4a80-b876-8b34a8e2f11a,C0001707,0.07670408571282487,do_not_contact,0.4,20260921T000216Z,2026-09-21T00:02:18.663389+00:00,2113
cbb40200-d0c7-4bc5-9bf3-c8939b73cf82,C0002185,0.07662736142129165,do_not_contact,0.4,20260921T000216Z,2026-09-21T00:02:18.663389+00:00,2114
66d48ed5-8fd0-4cb5-a53b-ca2805e181f6,C0000934,0.07658553127808407,do_not_contact,0.4,20260921T000216Z,2026-09-21T00:02:18.663389+00:00,2115
ff330ffb-b8c0-47b8-9cdd-4d292bd45665,C0000344,0.07655954807554398,do_not_contact,0.4,20260921T000216Z,2026-09-21T00:02:18.663389+00:00,2116
7fb8f6fb-2ff8-4e07-90de-7c3f997fd030,C0001816,0.07655702796163134,do_not_contact,0.4,20260921T000216Z,2026-09-21T00:02:18.663389+00:00,2117
449a6d37-ac87-4b50-b935-d550ffcdf704,C0000637,0.07654918102665893,do_not_contact,0.4,20260921T000216Z,2026-09-21T00:02:18.663389+00:00,2118
37c2df6f-a240-4eec-a047-4a239c6a8ed3,C0001347,0.07653081260624045,do_not_contact,0.4,20260921T000216Z,2026-09-21T00:02:18.663389+00:00,2119
f0e549ee-d2c3-4fb0-ac8b-b402fc51e25b,C0001457,0.07649342146027105,do_not_contact,0.4,20260921T000216Z,2026-09-21T00:02:18.663389+00:00,2120
90b66b76-b2c3-47cf-badc-828f1d10deec,C0002379,0.07630189873109623,do_not_contact,0.4,20260921T000216Z,2026-09-21T00:02:18.663389+00:00,2121
6419d5a8-2a20-41b3-83ca-02ba1c07e416,C0000902,0.07623892930736852,do_not_contact,0.4,20260921T000216Z,2026-09-21T00:02:18.663389+00:00,2122
5fb5c7cc-9381-410c-9204-528a8b8c38f4,C0000647,0.07596929952639593,do_not_contact,0.4,20260921T000216Z,2026-09-21T00:02:18.663389+00:00,2123
2c05385d-0807-4eb4-accc-25bec428f40c,C0002226,0.07594310427696499,do_not_contact,0.4,20260921T000216Z,2026-09-21T00:02:18.663389+00:00,2124
a7b675fb-4eaf-48d4-afbe-79679b023859,C0001027,0.07589062423595401,do_not_contact,0.4,20260921T000216Z,2026-09-21T00:02:18.663389+00:00,2125
6856e137-c21b-494c-a47c-6f064098ee7f,C0002978,0.07588742318906003,do_not_contact,0.4,20260921T000216Z,2026-09-21T00:02:18.663389+00:00,2126
af64a0b9-e87f-4352-bebe-c4e003ba2d37,C0001975,0.07587625142569103,do_not_contact,0.4,20260921T000216Z,2026-09-21T00:02:18.663389+00:00,2127
85975001-0cab-40ae-b3fe-34f2bb775090,C0001067,0.07583189370943809,do_not_contact,0.4,20260921T000216Z,2026-09-21T00:02:18.663389+00:00,2128
08f3302c-d9e0-4d3f-9901-645b6f32f9be,C0000522,0.07561323151558223,do_not_contact,0.4,20260921T000216Z,2026-09-21T00:02:18.663389+00:00,2129
eb0016fc-adb4-434d-bced-0f83920192a8,C0000598,0.07559721224345095,do_not_contact,0.4,20260921T000216Z,2026-09-21T00:02:18.663389+00:00,2130
72723994-b74d-446d-92f2-ae30872719ef,C0000725,0.07545830383017332,do_not_contact,0.4,20260921T000216Z,2026-09-21T00:02:18.663389+00:00,2131
5a3d4b20-09d2-4b9c-b58e-9cef97182fbf,C0002167,0.0754090014179581,do_not_contact,0.4,20260921T000216Z,2026-09-21T00:02:18.663389+00:00,2132
0fbebaa8-b312-4098-b5ef-c7218868e607,C0000604,0.07540015910888605,do_not_contact,0.4,20260921T000216Z,2026-09-21T00:02:18.663389+00:00,2133
11f3ccf5-40d2-4d23-a87d-951cc7dc84d4,C0000382,0.07524893587242938,do_not_contact,0.4,20260921T000216Z,2026-09-21T00:02:18.663389+00:00,2134
fea129a2-dc68-4bd4-9e6c-849866486075,C0000416,0.07521201451193539,do_not_contact,0.4,20260921T000216Z,2026-09-21T00:02:18.663389+00:00,2135
e38e596a-3c20-498b-9d6c-b7fad1779359,C0001123,0.07521158545224811,do_not_contact,0.4,20260921T000216Z,2026-09-21T00:02:18.663389+00:00,2136
2ac38463-fcd8-41d4-9cba-684ea19733dd,C0002317,0.07519903512491835,do_not_contact,0.4,20260921T000216Z,2026-09-21T00:02:18.663389+00:00,2137
6301eba6-6eac-4d45-98bb-8850799ff956,C0000136,0.07514453870574223,do_not_contact,0.4,20260921T000216Z,2026-09-21T00:02:18.663389+00:00,2138
9592b47b-57b1-47f2-b3dd-ff7d08b16e93,C0002808,0.07493073309016754,do_not_contact,0.4,20260921T000216Z,2026-09-21T00:02:18.663389+00:00,2139
6ae9c444-1d47-4170-8e76-8af8f6e914f3,C0002038,0.07483280630998221,do_not_contact,0.4,20260921T000216Z,2026-09-21T00:02:18.663389+00:00,2140
9f654d86-ee29-4aed-ac58-76c8b4730f10,C0000805,0.07471867627522819,do_not_contact,0.4,20260921T000216Z,2026-09-21T00:02:18.663389+00:00,2141
13e84a57-38d3-4ab3-9bd2-9b912337f75d,C0002109,0.07470751424994031,do_not_contact,0.4,20260921T000216Z,2026-09-21T00:02:18.663389+00:00,2142
0cee0a35-63e7-468f-8737-f03eb0e39d38,C0000259,0.07469998837864375,do_not_contact,0.4,20260921T000216Z,2026-09-21T00:02:18.663389+00:00,2143
4f07f9a7-458e-4718-8aa5-a003f09e3f0c,C0001657,0.07468369113754676,do_not_contact,0.4,20260921T000216Z,2026-09-21T00:02:18.663389+00:00,2144
7de4b4ab-a32d-4204-a79a-c089a0af5b6d,C0002449,0.07458075440430054,do_not_contact,0.4,20260921T000216Z,2026-09-21T00:02:18.663389+00:00,2145
4d711e05-5ae1-48cf-9c08-84230dd995df,C0002933,0.07457234424516906,do_not_contact,0.4,20260921T000216Z,2026-09-21T00:02:18.663389+00:00,2146
80b94d9b-dd9d-40a4-8456-5f0b6f6dfb17,C0000835,0.0745581259967193,do_not_contact,0.4,20260921T000216Z,2026-09-21T00:02:18.663389+00:00,2147
6336973e-09f1-48b0-8aa6-47ae0a0569be,C0002005,0.07445989235111762,do_not_contact,0.4,20260921T000216Z,2026-09-21T00:02:18.663389+00:00,2148
92b6ff12-de59-4c00-9a19-331c43d0c435,C0000403,0.07443593714800856,do_not_contact,0.4,20260921T000216Z,2026-09-21T00:02:18.663389+00:00,2149
43284342-511e-4f24-98c3-50ddf2428efa,C0001319,0.07381030826115462,do_not_contact,0.4,20260921T000216Z,2026-09-21T00:02:18.663389+00:00,2150
01622dd3-d61e-4856-a78a-250627444680,C0002557,0.07345836136934986,do_not_contact,0.4,20260921T000216Z,2026-09-21T00:02:18.663389+00:00,2151
605f0542-aa8c-4411-9702-348a45b14ee1,C0000638,0.07332495057412752,do_not_contact,0.4,20260921T000216Z,2026-09-21T00:02:18.663389+00:00,2152
bcc608a4-b236-4fdb-93af-90c85b2a0e22,C0001590,0.07329215117894902,do_not_contact,0.4,20260921T000216Z,2026-09-21T00:02:18.663389+00:00,2153
d4b74c8c-d74e-44a1-83e1-2bb038a8e93a,C0001893,0.07328425977349853,do_not_contact,0.4,20260921T000216Z,2026-09-21T00:02:18.663389+00:00,2154
5a6e6361-c691-4f30-a2b8-c79b5082b660,C0000621,0.07310891114138912,do_not_contact,0.4,20260921T000216Z,2026-09-21T00:02:18.663389+00:00,2155
fa064f3f-e249-4825-bf1f-c68c19768721,C0000871,0.0730823288250314,do_not_contact,0.4,20260921T000216Z,2026-09-21T00:02:18.663389+00:00,2156
d9a5f97f-2bc2-419b-bca4-afb8446af132,C0000130,0.07304839987185853,do_not_contact,0.4,20260921T000216Z,2026-09-21T00:02:18.663389+00:00,2157
3c7db4c1-7b56-48a3-a849-2868775156e4,C0000193,0.0728601425151418,do_not_contact,0.4,20260921T000216Z,2026-09-21T00:02:18.663389+00:00,2158
799d6bde-c467-4804-9562-bdc1907df904,C0000531,0.07264089416164769,do_not_contact,0.4,20260921T000216Z,2026-09-21T00:02:18.663389+00:00,2159
d534ac33-1913-46b2-b666-48b0a3c6eaff,C0002650,0.07238490024873905,do_not_contact,0.4,20260921T000216Z,2026-09-21T00:02:18.663389+00:00,2160
2739db18-19a9-441a-ac0d-3c3d5d6d382d,C0000333,0.07232222793842877,do_not_contact,0.4,20260921T000216Z,2026-09-21T00:02:18.663389+00:00,2161
9c68e380-8776-4ced-ac77-f52060c14984,C0002051,0.07167176133378304,do_not_contact,0.4,20260921T000216Z,2026-09-21T00:02:18.663389+00:00,2162
9095d85b-81f3-484c-88c7-38eaeec96436,C0002905,0.07166022146785653,do_not_contact,0.4,20260921T000216Z,2026-09-21T00:02:18.663389+00:00,2163
4d8b884e-19e3-4ef6-85e3-14f8b8a45692,C0000954,0.07145055367897436,do_not_contact,0.4,20260921T000216Z,2026-09-21T00:02:18.663389+00:00,2164
bf0b29d4-9d2a-4393-ba5c-b31efcbbaf45,C0002502,0.0714467335539943,do_not_contact,0.4,20260921T000216Z,2026-09-21T00:02:18.663389+00:00,2165
91fccbc2-0f21-4aae-aa3e-14dc0994043d,C0001906,0.07125421449633236,do_not_contact,0.4,20260921T000216Z,2026-09-21T00:02:18.663389+00:00,2166
a45f78db-05b4-4dce-839d-bc52c0090dfb,C0001736,0.07125325553472159,do_not_contact,0.4,20260921T000216Z,2026-09-21T00:02:18.663389+00:00,2167
741f6826-8f64-462a-8339-d7f426966bdb,C0000475,0.07120098945221792,do_not_contact,0.4,20260921T000216Z,2026-09-21T00:02:18.663389+00:00,2168
918592ef-1fd5-49f4-9c38-a33a720e2cd9,C0002891,0.07115168780101565,do_not_contact,0.4,20260921T000216Z,2026-09-21T00:02:18.663389+00:00,2169
29e98965-fb40-4f20-b573-8226319a8c3a,C0002353,0.07111107410820175,do_not_contact,0.4,20260921T000216Z,2026-09-21T00:02:18.663389+00:00,2170
f0ac6b94-a1a9-44b2-9839-62867b68ed4e,C0001738,0.0711002707993792,do_not_contact,0.4,20260921T000216Z,2026-09-21T00:02:18.663389+00:00,2171
f139886e-62a0-4585-87ec-7277ab3ca1f5,C0000915,0.07096831202270529,do_not_contact,0.4,20260921T000216Z,2026-09-21T00:02:18.663389+00:00,2172
c6408056-69b5-4b7e-90c3-1a13b7301f71,C0001097,0.07096620070069795,do_not_contact,0.4,20260921T000216Z,2026-09-21T00:02:18.663389+00:00,2173
59469908-16dc-45da-a083-8be94f04de31,C0001268,0.07091496668833348,do_not_contact,0.4,20260921T000216Z,2026-09-21T00:02:18.663389+00:00,2174
3d857b59-6769-477b-b3fb-ccae59c85e6a,C0001875,0.07079892224798623,do_not_contact,0.4,20260921T000216Z,2026-09-21T00:02:18.663389+00:00,2175
693baa94-9e4c-40c0-9a10-7e906a2ee1e8,C0000650,0.0707840481013477,do_not_contact,0.4,20260921T000216Z,2026-09-21T00:02:18.663389+00:00,2176
49c74af4-224b-4dea-b1b8-8e8fcd3a61fc,C0002484,0.07078364663602413,do_not_contact,0.4,20260921T000216Z,2026-09-21T00:02:18.663389+00:00,2177
941d8b9c-3bbe-4899-8762-bcb14e22dd51,C0001412,0.07070438588839706,do_not_contact,0.4,20260921T000216Z,2026-09-21T00:02:18.663389+00:00,2178
0180d7e4-7847-4997-89ba-54332f765432,C0001481,0.0706790736405257,do_not_contact,0.4,20260921T000216Z,2026-09-21T00:02:18.663389+00:00,2179
830ac1ed-ed22-4ee0-a1ef-0a60cf39e5f7,C0000831,0.07065447826434229,do_not_contact,0.4,20260921T000216Z,2026-09-21T00:02:18.663389+00:00,2180
7c4785d5-4129-4048-84cf-3d3dd7a07015,C0001105,0.07045674966094904,do_not_contact,0.4,20260921T000216Z,2026-09-21T00:02:18.663389+00:00,2181
e9d175ee-a406-43ac-a386-ac0157ab0a39,C0000393,0.07014912628295383,do_not_contact,0.4,20260921T000216Z,2026-09-21T00:02:18.663389+00:00,2182
2418c650-d411-4020-990c-1a482a07d813,C0002977,0.07012221086763246,do_not_contact,0.4,20260921T000216Z,2026-09-21T00:02:18.663389+00:00,2183
ac5deba9-b1a6-413c-bbd1-20a28ce81aeb,C0001117,0.07010777776967127,do_not_contact,0.4,20260921T000216Z,2026-09-21T00:02:18.663389+00:00,2184
9ed3336d-1cb7-4729-a358-808c81d5c01a,C0000583,0.07010471881096543,do_not_contact,0.4,20260921T000216Z,2026-09-21T00:02:18.663389+00:00,2185
77fc7a05-9e17-46c1-9107-c88c43ba6573,C0002448,0.07005030486777931,do_not_contact,0.4,20260921T000216Z,2026-09-21T00:02:18.663389+00:00,2186
e96f1538-9281-4112-abe1-23c81bc0d98c,C0001218,0.06990056030840014,do_not_contact,0.4,20260921T000216Z,2026-09-21T00:02:18.663389+00:00,2187
eaa09029-d9e9-4ea2-a9fb-816ccbd5c2a1,C0001291,0.06981959892716462,do_not_contact,0.4,20260921T000216Z,2026-09-21T00:02:18.663389+00:00,2188
2d0ced8b-f78b-4d0f-98d0-f1dbccf933a4,C0001251,0.06967601918743337,do_not_contact,0.4,20260921T000216Z,2026-09-21T00:02:18.663389+00:00,2189
7cd3afd2-a9a9-4555-b611-bd31d3488c8d,C0002587,0.06954982134779247,do_not_contact,0.4,20260921T000216Z,2026-09-21T00:02:18.663389+00:00,2190
d5593fcf-64c7-4dab-bccb-33477f0f8ae3,C0002004,0.06952983184637446,do_not_contact,0.4,20260921T000216Z,2026-09-21T00:02:18.663389+00:00,2191
f5dc03ef-50fe-4f08-a822-90481fb66d23,C0000753,0.06943925163429526,do_not_contact,0.4,20260921T000216Z,2026-09-21T00:02:18.663389+00:00,2192
88d2de91-6e14-4cb7-83d0-e0ed15f2b080,C0000654,0.0694167026132923,do_not_contact,0.4,20260921T000216Z,2026-09-21T00:02:18.663389+00:00,2193
84a7bfe2-b7fd-48cb-b881-b6b1b2e1749b,C0000174,0.06933529210364331,do_not_contact,0.4,20260921T000216Z,2026-09-21T00:02:18.663389+00:00,2194
b73297f2-456e-4f3f-9109-c1d3a6261574,C0000430,0.06930481741411333,do_not_contact,0.4,20260921T000216Z,2026-09-21T00:02:18.663389+00:00,2195
ef57701e-3820-4f6c-a97e-7056a50d8685,C0001500,0.06919683495755162,do_not_contact,0.4,20260921T000216Z,2026-09-21T00:02:18.663389+00:00,2196
f5dbc72d-377a-4c6a-8c42-4ddc8dc1971e,C0002196,0.06911081301509917,do_not_contact,0.4,20260921T000216Z,2026-09-21T00:02:18.663389+00:00,2197
fbe58acb-0158-4033-b9f8-22ef9a8c555e,C0000595,0.0691053208209581,do_not_contact,0.4,20260921T000216Z,2026-09-21T00:02:18.663389+00:00,2198
4cade5a7-ee82-4429-980f-51c0d20a91ce,C0002089,0.06889706132302742,do_not_contact,0.4,20260921T000216Z,2026-09-21T00:02:18.663389+00:00,2199
9ce94a78-2a21-47ff-a831-331692ac2966,C0002948,0.06886803289203687,do_not_contact,0.4,20260921T000216Z,2026-09-21T00:02:18.663389+00:00,2200
0713e390-ea2e-4ec4-b801-095795788097,C0002643,0.06886782636559903,do_not_contact,0.4,20260921T000216Z,2026-09-21T00:02:18.663389+00:00,2201
68539682-e6f0-4304-868a-c1d75506a6b8,C0001479,0.06878108941994233,do_not_contact,0.4,20260921T000216Z,2026-09-21T00:02:18.663389+00:00,2202
8292a81b-8ecd-4beb-8ecf-aa04cc9c73d2,C0002495,0.06866191221426096,do_not_contact,0.4,20260921T000216Z,2026-09-21T00:02:18.663389+00:00,2203
72cbd71e-3461-4cc2-aa83-8e18783c9803,C0000759,0.0686371056662856,do_not_contact,0.4,20260921T000216Z,2026-09-21T00:02:18.663389+00:00,2204
4b253ed3-856a-427d-b1a8-3c718aba45c6,C0002986,0.068542537114884,do_not_contact,0.4,20260921T000216Z,2026-09-21T00:02:18.663389+00:00,2205
232d5504-17b6-48b8-9d0b-9bad255047bd,C0001811,0.06808836445787785,do_not_contact,0.4,20260921T000216Z,2026-09-21T00:02:18.663389+00:00,2206
8d8593a1-a020-4083-9aea-5cef811bad3a,C0000956,0.06805234628646217,do_not_contact,0.4,20260921T000216Z,2026-09-21T00:02:18.663389+00:00,2207
87c6402a-ed8c-48ee-b521-12ffe93cc880,C0001630,0.06794821527286576,do_not_contact,0.4,20260921T000216Z,2026-09-21T00:02:18.663389+00:00,2208
056aff49-2ec6-4a1d-8737-42f1573b6479,C0000340,0.06788962095322117,do_not_contact,0.4,20260921T000216Z,2026-09-21T00:02:18.663389+00:00,2209
00eb9784-e8f6-46ff-91d4-0d59e08d4251,C0002153,0.06786610411333782,do_not_contact,0.4,20260921T000216Z,2026-09-21T00:02:18.663389+00:00,2210
956271d4-572b-47e0-8c73-eab4d0047196,C0000710,0.06769581715785462,do_not_contact,0.4,20260921T000216Z,2026-09-21T00:02:18.663389+00:00,2211
d4d77187-b069-4e79-9db2-ffb5a6c6f05d,C0001227,0.06756328179367432,do_not_contact,0.4,20260921T000216Z,2026-09-21T00:02:18.663389+00:00,2212
bb334b0b-2289-4d18-84e2-39eecbec2aea,C0001579,0.06726700457399216,do_not_contact,0.4,20260921T000216Z,2026-09-21T00:02:18.663389+00:00,2213
80e39ba2-564d-45c9-8934-4be4b5317a92,C0002418,0.06721992341801869,do_not_contact,0.4,20260921T000216Z,2026-09-21T00:02:18.663389+00:00,2214
cb554ac1-e6a0-4aab-b755-8db3bd9acf23,C0000087,0.0671085701117645,do_not_contact,0.4,20260921T000216Z,2026-09-21T00:02:18.663389+00:00,2215
3d34b6ca-9e0d-4e08-8c64-082c7b01c21b,C0000027,0.06708788857442494,do_not_contact,0.4,20260921T000216Z,2026-09-21T00:02:18.663389+00:00,2216
e2ea0f5a-2962-4206-afa3-62ebb7d461dc,C0001566,0.06698264688393478,do_not_contact,0.4,20260921T000216Z,2026-09-21T00:02:18.663389+00:00,2217
c7252539-332f-46e0-b870-0c6b7114e529,C0001731,0.06696228750805426,do_not_contact,0.4,20260921T000216Z,2026-09-21T00:02:18.663389+00:00,2218
142ec6f7-66ae-4034-b413-4fc777f86ef9,C0000713,0.0668960748742959,do_not_contact,0.4,20260921T000216Z,2026-09-21T00:02:18.663389+00:00,2219
dc98b04d-ea82-4555-a5be-5ae8de48b348,C0000448,0.0668518968162639,do_not_contact,0.4,20260921T000216Z,2026-09-21T00:02:18.663389+00:00,2220
f51bcd53-f4be-4468-8299-191b264d96b8,C0001241,0.06678387608239372,do_not_contact,0.4,20260921T000216Z,2026-09-21T00:02:18.663389+00:00,2221
579c936c-bec5-4c7e-a633-8c9f860c2cf5,C0002334,0.06675440448835385,do_not_contact,0.4,20260921T000216Z,2026-09-21T00:02:18.663389+00:00,2222
f6db0e61-9199-4d20-8c4f-836f926c90fb,C0001504,0.06671592190754093,do_not_contact,0.4,20260921T000216Z,2026-09-21T00:02:18.663389+00:00,2223
dfc447f9-68c5-4c40-94c3-d1a43e2c8885,C0000749,0.06670968723917865,do_not_contact,0.4,20260921T000216Z,2026-09-21T00:02:18.663389+00:00,2224
5c5cce9f-7ec8-4d1f-a59d-017ddec9023e,C0002790,0.06657607323527305,do_not_contact,0.4,20260921T000216Z,2026-09-21T00:02:18.663389+00:00,2225
e69088a4-8036-470c-b15d-adf017e7afd6,C0000020,0.06653123856985528,do_not_contact,0.4,20260921T000216Z,2026-09-21T00:02:18.663389+00:00,2226
4dbdf5c8-1d85-4c15-a3f7-274b96490813,C0002813,0.06648409623008252,do_not_contact,0.4,20260921T000216Z,2026-09-21T00:02:18.663389+00:00,2227
21a106f5-270f-4172-9810-bf0617170839,C0000828,0.06627858349960326,do_not_contact,0.4,20260921T000216Z,2026-09-21T00:02:18.663389+00:00,2228
eb1da880-fe6a-4574-af2f-6270843fe61e,C0002391,0.06624686777945314,do_not_contact,0.4,20260921T000216Z,2026-09-21T00:02:18.663389+00:00,2229
3a5c2937-0ea4-4906-beaf-1264758389d7,C0002963,0.0662021200917759,do_not_contact,0.4,20260921T000216Z,2026-09-21T00:02:18.663389+00:00,2230
d2d89f96-62b9-4817-8f95-0df6e439abb7,C0000493,0.06600994374882456,do_not_contact,0.4,20260921T000216Z,2026-09-21T00:02:18.663389+00:00,2231
38a7b7ba-0164-4294-befb-9794becd36dd,C0001169,0.06581664601057256,do_not_contact,0.4,20260921T000216Z,2026-09-21T00:02:18.663389+00:00,2232
2528d1a1-2787-485f-b766-edd1b72ac970,C0002137,0.06568779916193461,do_not_contact,0.4,20260921T000216Z,2026-09-21T00:02:18.663389+00:00,2233
36ef563f-209c-4f8e-b287-5933a1a54d18,C0000957,0.06558457465760507,do_not_contact,0.4,20260921T000216Z,2026-09-21T00:02:18.663389+00:00,2234
c6552d26-5318-47b5-9bb0-d166866c7eb6,C0000151,0.06553899388933569,do_not_contact,0.4,20260921T000216Z,2026-09-21T00:02:18.663389+00:00,2235
0adc2946-048e-4638-b525-038d2123742d,C0001846,0.06534222037321519,do_not_contact,0.4,20260921T000216Z,2026-09-21T00:02:18.663389+00:00,2236
9f553e95-660e-4733-ac5d-0f4d18270db8,C0001526,0.06531851982205952,do_not_contact,0.4,20260921T000216Z,2026-09-21T00:02:18.663389+00:00,2237
2ea2c8b3-102e-4b30-af2c-01f81e6acc26,C0001644,0.06527455513160313,do_not_contact,0.4,20260921T000216Z,2026-09-21T00:02:18.663389+00:00,2238
f7f02929-5cfa-4d2d-abb7-0891de21fb15,C0001402,0.06519243091543211,do_not_contact,0.4,20260921T000216Z,2026-09-21T00:02:18.663389+00:00,2239
7a033218-6acf-4888-9890-66d14b1e27f7,C0001721,0.0651627455423772,do_not_contact,0.4,20260921T000216Z,2026-09-21T00:02:18.663389+00:00,2240
3b6a6d76-d226-4e2f-9047-48bee8eea4ba,C0002676,0.06506558879564045,do_not_contact,0.4,20260921T000216Z,2026-09-21T00:02:18.663389+00:00,2241
50cc8ded-e8d2-464d-9aea-0fbdf1323d00,C0000219,0.06506487683929996,do_not_contact,0.4,20260921T000216Z,2026-09-21T00:02:18.663389+00:00,2242
01c57908-c091-4435-acf7-8c15cf9d83d9,C0001928,0.06501779704363318,do_not_contact,0.4,20260921T000216Z,2026-09-21T00:02:18.663389+00:00,2243
fc44b94e-c1c0-4c28-8c03-2714aafed182,C0001186,0.06492155820438429,do_not_contact,0.4,20260921T000216Z,2026-09-21T00:02:18.663389+00:00,2244
d1996d02-42ec-4e04-956c-de56282b71b0,C0002442,0.06487828431921033,do_not_contact,0.4,20260921T000216Z,2026-09-21T00:02:18.663389+00:00,2245
887a37a2-5b1f-4eac-8280-f45a445ae8bd,C0001910,0.06486775762023632,do_not_contact,0.4,20260921T000216Z,2026-09-21T00:02:18.663389+00:00,2246
15693dd6-019c-41de-b389-2ddc94d13fad,C0001446,0.06477013707442603,do_not_contact,0.4,20260921T000216Z,2026-09-21T00:02:18.663389+00:00,2247
d563fd1c-864c-40e3-86a0-3789ee717105,C0000224,0.06473047881624547,do_not_contact,0.4,20260921T000216Z,2026-09-21T00:02:18.663389+00:00,2248
0e20c948-9613-47ac-b4c3-7b099ed773b0,C0002530,0.06467122124082461,do_not_contact,0.4,20260921T000216Z,2026-09-21T00:02:18.663389+00:00,2249
2d1858e8-5218-4b11-a3c7-fe6c6b2bde59,C0001522,0.06466736202331372,do_not_contact,0.4,20260921T000216Z,2026-09-21T00:02:18.663389+00:00,2250
64c665ac-e436-4dfe-9b90-a5d321400927,C0001029,0.06456166600967736,do_not_contact,0.4,20260921T000216Z,2026-09-21T00:02:18.663389+00:00,2251
ad1063f9-0730-45bb-bfb4-1726ff13b39a,C0000375,0.0645362697756578,do_not_contact,0.4,20260921T000216Z,2026-09-21T00:02:18.663389+00:00,2252
74efd1c8-c6cc-4ac8-b2d9-3a8b41fe0922,C0001369,0.06453389033840717,do_not_contact,0.4,20260921T000216Z,2026-09-21T00:02:18.663389+00:00,2253
8a18976c-56ce-4a5d-8abe-c05c7903fc18,C0000007,0.06450640162523398,do_not_contact,0.4,20260921T000216Z,2026-09-21T00:02:18.663389+00:00,2254
4e05a675-63d3-41e2-a142-95ff0acf55cc,C0000384,0.0644930476269381,do_not_contact,0.4,20260921T000216Z,2026-09-21T00:02:18.663389+00:00,2255
22e047ab-2b89-4f77-82c4-94394d73c2ef,C0002203,0.06448252954603381,do_not_contact,0.4,20260921T000216Z,2026-09-21T00:02:18.663389+00:00,2256
6ad2155b-969b-4241-8fec-932d3e402e00,C0002376,0.06430031693409612,do_not_contact,0.4,20260921T000216Z,2026-09-21T00:02:18.663389+00:00,2257
39f54bb6-ac56-4bbd-a7ad-f3e38d8ce3ca,C0001433,0.06420074200820214,do_not_contact,0.4,20260921T000216Z,2026-09-21T00:02:18.663389+00:00,2258
98b36a27-1224-4a12-b2b1-415d4392381d,C0001225,0.06412504697989413,do_not_contact,0.4,20260921T000216Z,2026-09-21T00:02:18.663389+00:00,2259
1d060035-9baa-4047-8a85-a4f59d7139f6,C0000144,0.0640999165216097,do_not_contact,0.4,20260921T000216Z,2026-09-21T00:02:18.663389+00:00,2260
7f1adfeb-0503-4d64-be13-01f2b1e99966,C0001476,0.06394901310678329,do_not_contact,0.4,20260921T000216Z,2026-09-21T00:02:18.663389+00:00,2261
b528fc97-2cd9-4d4b-9557-ae70df02861f,C0001122,0.0639021288221709,do_not_contact,0.4,20260921T000216Z,2026-09-21T00:02:18.663389+00:00,2262
b95fdd97-b14a-4a2f-9152-011a41c6fcc4,C0001840,0.06386191340271331,do_not_contact,0.4,20260921T000216Z,2026-09-21T00:02:18.663389+00:00,2263
9ada7130-8034-49cd-94d0-fc207f636c67,C0002207,0.06385174869599114,do_not_contact,0.4,20260921T000216Z,2026-09-21T00:02:18.663389+00:00,2264
1d655d39-bea6-4caa-a3a6-5b67cbbf7cc6,C0001114,0.06376994023049622,do_not_contact,0.4,20260921T000216Z,2026-09-21T00:02:18.663389+00:00,2265
e7a95b04-1816-4306-b11a-adbbaacd3a12,C0000905,0.06358538414670244,do_not_contact,0.4,20260921T000216Z,2026-09-21T00:02:18.663389+00:00,2266
0024174d-0e70-4011-9c64-67864e2b6a7e,C0002217,0.06318872524573706,do_not_contact,0.4,20260921T000216Z,2026-09-21T00:02:18.663389+00:00,2267
e09bf15e-6077-4cab-aae3-9436e3ae1604,C0002342,0.06310068783760658,do_not_contact,0.4,20260921T000216Z,2026-09-21T00:02:18.663389+00:00,2268
0af5a7be-9f7b-4113-8207-f26f3a1633d2,C0002644,0.06302745970969939,do_not_contact,0.4,20260921T000216Z,2026-09-21T00:02:18.663389+00:00,2269
b7e1e4a2-ffae-4b9b-8305-45ddc1315ec0,C0001805,0.06293677662023797,do_not_contact,0.4,20260921T000216Z,2026-09-21T00:02:18.663389+00:00,2270
c01a26a2-885b-4e42-8ab0-3ddbf52348a5,C0002629,0.06288812928590216,do_not_contact,0.4,20260921T000216Z,2026-09-21T00:02:18.663389+00:00,2271
ad494049-b0dd-4689-96f7-7c57e82cc4e1,C0002312,0.06281251629844885,do_not_contact,0.4,20260921T000216Z,2026-09-21T00:02:18.663389+00:00,2272
a0b857b8-c8f7-4459-b5e4-1fe6cb0a37fb,C0001158,0.06267808231426547,do_not_contact,0.4,20260921T000216Z,2026-09-21T00:02:18.663389+00:00,2273
ea8a2547-149a-4762-b297-b887c8fabcda,C0000862,0.06267410701376519,do_not_contact,0.4,20260921T000216Z,2026-09-21T00:02:18.663389+00:00,2274
3b95c86b-fa9c-4a02-b184-3f4dba996317,C0002488,0.0626739556211457,do_not_contact,0.4,20260921T000216Z,2026-09-21T00:02:18.663389+00:00,2275
68550230-442e-4381-b78e-d3daca40d3c9,C0000140,0.06259218586493295,do_not_contact,0.4,20260921T000216Z,2026-09-21T00:02:18.663389+00:00,2276
1be3c350-b2d5-4ea9-8449-1bc2a91b6c74,C0001958,0.06234563928782694,do_not_contact,0.4,20260921T000216Z,2026-09-21T00:02:18.663389+00:00,2277
77affd5c-ee59-4c43-aadf-aa213e83d16e,C0002149,0.06227895959540782,do_not_contact,0.4,20260921T000216Z,2026-09-21T00:02:18.663389+00:00,2278
46bf1a1a-1a8a-4fe4-a706-232ac0aefd42,C0000402,0.06204416543545095,do_not_contact,0.4,20260921T000216Z,2026-09-21T00:02:18.663389+00:00,2279
abbe4ac0-a5a8-4e8b-bf9c-776191c227f7,C0001038,0.06185179831659846,do_not_contact,0.4,20260921T000216Z,2026-09-21T00:02:18.663389+00:00,2280
4fc1b13c-3e7d-49e2-8f4f-53ea485a586e,C0001350,0.06185051353301701,do_not_contact,0.4,20260921T000216Z,2026-09-21T00:02:18.663389+00:00,2281
592e4f4c-2b69-4e5c-a790-a8915ba74008,C0001081,0.061770521278363216,do_not_contact,0.4,20260921T000216Z,2026-09-21T00:02:18.663389+00:00,2282
c9666488-3389-4c21-931b-2afc366fef3c,C0001462,0.06169314575105659,do_not_contact,0.4,20260921T000216Z,2026-09-21T00:02:18.663389+00:00,2283
d5726f0d-a0b3-4273-844b-dcdcc44dbbfa,C0001156,0.06168121300223832,do_not_contact,0.4,20260921T000216Z,2026-09-21T00:02:18.663389+00:00,2284
1a554e2e-6627-4292-90ea-99d5c672ceea,C0001374,0.06168084053231025,do_not_contact,0.4,20260921T000216Z,2026-09-21T00:02:18.663389+00:00,2285
dd633834-e3d8-4320-87a3-9c8863607832,C0000953,0.061631562248047396,do_not_contact,0.4,20260921T000216Z,2026-09-21T00:02:18.663389+00:00,2286
daf525c1-6c04-4141-9f9f-b21702d86cac,C0000615,0.06162751059081141,do_not_contact,0.4,20260921T000216Z,2026-09-21T00:02:18.663389+00:00,2287
adfd638e-b73d-4627-982b-efd0586e4c8e,C0002835,0.061589437472929255,do_not_contact,0.4,20260921T000216Z,2026-09-21T00:02:18.663389+00:00,2288
cad27a7d-4017-4e45-b4aa-d580651f6144,C0001392,0.06158446981435627,do_not_contact,0.4,20260921T000216Z,2026-09-21T00:02:18.663389+00:00,2289
57cc2b54-309f-4667-b779-b6815f2863f5,C0001308,0.061420758946435346,do_not_contact,0.4,20260921T000216Z,2026-09-21T00:02:18.663389+00:00,2290
a1aa7c8b-0613-4d7c-b37a-e2410fba14f6,C0000017,0.061135148562456165,do_not_contact,0.4,20260921T000216Z,2026-09-21T00:02:18.663389+00:00,2291
84b32e98-8d34-44f6-a7ae-b0b107c665fe,C0000452,0.061122798678540174,do_not_contact,0.4,20260921T000216Z,2026-09-21T00:02:18.663389+00:00,2292
26304871-52f8-4149-a277-70cc1ff81ffc,C0001666,0.06110565075160753,do_not_contact,0.4,20260921T000216Z,2026-09-21T00:02:18.663389+00:00,2293
1b9803cc-3981-48f3-8504-579f99e66ffe,C0001987,0.06107501263890471,do_not_contact,0.4,20260921T000216Z,2026-09-21T00:02:18.663389+00:00,2294
29201a2b-a7c3-4595-9294-681db6c14c18,C0001506,0.06100186775683705,do_not_contact,0.4,20260921T000216Z,2026-09-21T00:02:18.663389+00:00,2295
a6f95c60-d71b-4667-be1e-585a525674f3,C0001396,0.06091060922799152,do_not_contact,0.4,20260921T000216Z,2026-09-21T00:02:18.663389+00:00,2296
02fcf7d9-81c0-4c14-a752-477d0da45cfd,C0001943,0.06083661897119886,do_not_contact,0.4,20260921T000216Z,2026-09-21T00:02:18.663389+00:00,2297
7562e2a4-1d42-444e-bd38-b66f3493aa3b,C0001639,0.060817198583729616,do_not_contact,0.4,20260921T000216Z,2026-09-21T00:02:18.663389+00:00,2298
f3103c6b-6596-461b-8c77-383bbf1f42d1,C0002260,0.06076582007436855,do_not_contact,0.4,20260921T000216Z,2026-09-21T00:02:18.663389+00:00,2299
0664f701-50b6-4200-83b3-729365974468,C0001112,0.060671136274392225,do_not_contact,0.4,20260921T000216Z,2026-09-21T00:02:18.663389+00:00,2300
f94ebc07-3c96-49e5-9db6-9df46f0ca162,C0002084,0.06063368208943365,do_not_contact,0.4,20260921T000216Z,2026-09-21T00:02:18.663389+00:00,2301
050f573d-89ba-4c96-9c8c-3d89d8838035,C0002459,0.06028995166678232,do_not_contact,0.4,20260921T000216Z,2026-09-21T00:02:18.663389+00:00,2302
5439a986-95a5-4c35-a0ec-9975c24775a1,C0000369,0.06028060518750288,do_not_contact,0.4,20260921T000216Z,2026-09-21T00:02:18.663389+00:00,2303
666986c2-2b56-4bd9-826f-5304a4b9bbef,C0002273,0.06007157132069969,do_not_contact,0.4,20260921T000216Z,2026-09-21T00:02:18.663389+00:00,2304
30250c01-0eeb-49f0-9283-e21f93ad21dc,C0000228,0.060033430185722506,do_not_contact,0.4,20260921T000216Z,2026-09-21T00:02:18.663389+00:00,2305
06dba30c-03ed-42d7-a6d7-9a4ea27fd9b8,C0000824,0.05993041636044358,do_not_contact,0.4,20260921T000216Z,2026-09-21T00:02:18.663389+00:00,2306
2d4abd92-e7e6-42da-b929-68522a308497,C0000878,0.059916554699784394,do_not_contact,0.4,20260921T000216Z,2026-09-21T00:02:18.663389+00:00,2307
d0364d22-9c9e-43bb-9cc3-5f69c2cb8b65,C0000711,0.059913260540821786,do_not_contact,0.4,20260921T000216Z,2026-09-21T00:02:18.663389+00:00,2308
a82dfe3f-3a5c-4f78-9cad-5974fcdb948c,C0001277,0.05990628920986169,do_not_contact,0.4,20260921T000216Z,2026-09-21T00:02:18.663389+00:00,2309
914bdd5e-4990-4f68-94f3-e488e43904a8,C0000580,0.05986251346114712,do_not_contact,0.4,20260921T000216Z,2026-09-21T00:02:18.663389+00:00,2310
6c9dfa2c-d855-411e-bd77-002b28b91349,C0000688,0.05977373835773258,do_not_contact,0.4,20260921T000216Z,2026-09-21T00:02:18.663389+00:00,2311
732efb47-e645-4ff8-8d1d-b5570f4939d6,C0002090,0.05973468167976338,do_not_contact,0.4,20260921T000216Z,2026-09-21T00:02:18.663389+00:00,2312
41fe5420-41ac-463e-9c21-45ab64be5ace,C0000641,0.05942358078247352,do_not_contact,0.4,20260921T000216Z,2026-09-21T00:02:18.663389+00:00,2313
4136e508-4805-44ec-91f9-0fd1d11efbeb,C0002841,0.05936443857406987,do_not_contact,0.4,20260921T000216Z,2026-09-21T00:02:18.663389+00:00,2314
812ac439-6460-4b84-bbf8-5db7c6a4200a,C0000628,0.05934463783754888,do_not_contact,0.4,20260921T000216Z,2026-09-21T00:02:18.663389+00:00,2315
36972600-7641-4635-97fd-a43a80300c62,C0000528,0.059256444692923245,do_not_contact,0.4,20260921T000216Z,2026-09-21T00:02:18.663389+00:00,2316
4b77413f-a639-405e-8d59-fa3f865493cf,C0002807,0.05917441023441131,do_not_contact,0.4,20260921T000216Z,2026-09-21T00:02:18.663389+00:00,2317
684b0068-9ff2-4ffa-9184-3b36854c0d70,C0002967,0.0590860970893693,do_not_contact,0.4,20260921T000216Z,2026-09-21T00:02:18.663389+00:00,2318
4b8508bc-0118-4eb7-957f-73c2c2539d48,C0002270,0.05904569599439874,do_not_contact,0.4,20260921T000216Z,2026-09-21T00:02:18.663389+00:00,2319
61872223-9290-4480-8899-42ecd4e68822,C0002344,0.05904072821118947,do_not_contact,0.4,20260921T000216Z,2026-09-21T00:02:18.663389+00:00,2320
8725694a-0972-4506-9a29-94ac18206178,C0000176,0.058955092773025415,do_not_contact,0.4,20260921T000216Z,2026-09-21T00:02:18.663389+00:00,2321
22717a80-1ab5-4696-b2c9-bfd67e65c1c7,C0001387,0.058931619225352026,do_not_contact,0.4,20260921T000216Z,2026-09-21T00:02:18.663389+00:00,2322
89513692-2eb8-4906-815f-29480ef227bd,C0001113,0.05889148371018513,do_not_contact,0.4,20260921T000216Z,2026-09-21T00:02:18.663389+00:00,2323
87de89d2-d4a4-4512-91ea-72861e4ff00a,C0001694,0.0588908732693193,do_not_contact,0.4,20260921T000216Z,2026-09-21T00:02:18.663389+00:00,2324
425e119c-898d-4123-8ebe-7c5efa1a1c2e,C0001196,0.05884982914448748,do_not_contact,0.4,20260921T000216Z,2026-09-21T00:02:18.663389+00:00,2325
e515a34b-4c1d-40d6-b000-2f4fbcf92906,C0000315,0.05876123828522371,do_not_contact,0.4,20260921T000216Z,2026-09-21T00:02:18.663389+00:00,2326
8d9d9043-6261-462a-b1bf-d1c12e19da36,C0000018,0.05875574152806834,do_not_contact,0.4,20260921T000216Z,2026-09-21T00:02:18.663389+00:00,2327
8341d820-11b0-4231-9d7f-29be896c0c9a,C0000587,0.05871657298812354,do_not_contact,0.4,20260921T000216Z,2026-09-21T00:02:18.663389+00:00,2328
d01160e6-9614-4821-9704-8dc4d7b7ed86,C0002818,0.05860706051295043,do_not_contact,0.4,20260921T000216Z,2026-09-21T00:02:18.663389+00:00,2329
7ac42352-56b7-45e0-8dcc-2de0edcfe789,C0000235,0.05860295905464785,do_not_contact,0.4,20260921T000216Z,2026-09-21T00:02:18.663389+00:00,2330
61326737-981a-4e62-93cd-d05614b7f154,C0002456,0.058581185329636756,do_not_contact,0.4,20260921T000216Z,2026-09-21T00:02:18.663389+00:00,2331
f08f8bf8-ecfe-492e-bf46-e6c69e116d1b,C0000163,0.058579392467115084,do_not_contact,0.4,20260921T000216Z,2026-09-21T00:02:18.663389+00:00,2332
8e1495be-70c9-4663-9119-8c34a0e0f819,C0002148,0.058548963500330474,do_not_contact,0.4,20260921T000216Z,2026-09-21T00:02:18.663389+00:00,2333
6cb4fd59-ddaf-49c6-a028-d94a1bdaee7f,C0001187,0.05853899482693915,do_not_contact,0.4,20260921T000216Z,2026-09-21T00:02:18.663389+00:00,2334
fa9262d7-bc01-42e5-9532-173539f966e1,C0000930,0.05844399444005804,do_not_contact,0.4,20260921T000216Z,2026-09-21T00:02:18.663389+00:00,2335
f39049de-fd32-4e73-9261-77ada1a94a31,C0000500,0.058403107396864364,do_not_contact,0.4,20260921T000216Z,2026-09-21T00:02:18.663389+00:00,2336
15f7b265-6963-4714-a6ef-c29fc43c9daa,C0002382,0.058263789833874584,do_not_contact,0.4,20260921T000216Z,2026-09-21T00:02:18.663389+00:00,2337
233e10f8-b310-4906-91ad-e4b25e3a5ee8,C0001771,0.05821059421906163,do_not_contact,0.4,20260921T000216Z,2026-09-21T00:02:18.663389+00:00,2338
f015d5a4-bbb1-476d-b12b-de571da82d57,C0001486,0.05818578460883431,do_not_contact,0.4,20260921T000216Z,2026-09-21T00:02:18.663389+00:00,2339
8d02221a-e3db-4461-b3c1-15d01c020c3d,C0001537,0.05774707542616025,do_not_contact,0.4,20260921T000216Z,2026-09-21T00:02:18.663389+00:00,2340
22c2bb02-4210-4742-a357-bb1d14b5807d,C0001011,0.05767548387718271,do_not_contact,0.4,20260921T000216Z,2026-09-21T00:02:18.663389+00:00,2341
725b23a5-6345-4bd9-ba73-9ac56a58b749,C0001756,0.057587218657492736,do_not_contact,0.4,20260921T000216Z,2026-09-21T00:02:18.663389+00:00,2342
084b51f6-0436-4483-be42-8d7902f8681a,C0002624,0.05746657299652349,do_not_contact,0.4,20260921T000216Z,2026-09-21T00:02:18.663389+00:00,2343
7b426877-cf71-4448-9a66-aadd5b104dd3,C0000771,0.057330998552227744,do_not_contact,0.4,20260921T000216Z,2026-09-21T00:02:18.663389+00:00,2344
87a18d99-e5a5-48e7-aecd-85aaf2489019,C0001927,0.057303750568639455,do_not_contact,0.4,20260921T000216Z,2026-09-21T00:02:18.663389+00:00,2345
da443dd2-955a-49f3-9a60-952717e4da9b,C0000184,0.05723523694414393,do_not_contact,0.4,20260921T000216Z,2026-09-21T00:02:18.663389+00:00,2346
b9972d11-5917-4a01-aceb-a53d4dd7c9b3,C0001663,0.05720469633413599,do_not_contact,0.4,20260921T000216Z,2026-09-21T00:02:18.663389+00:00,2347
7d429e60-0ce9-4f8d-bb00-c1cc268c705d,C0000844,0.05707179675873799,do_not_contact,0.4,20260921T000216Z,2026-09-21T00:02:18.663389+00:00,2348
6ae86059-4218-4ce9-8b8d-3dcfe63c22e6,C0002929,0.05695624548686953,do_not_contact,0.4,20260921T000216Z,2026-09-21T00:02:18.663389+00:00,2349
40af8cc5-2f44-4150-9bd8-bd988e51f6fd,C0000413,0.056867483711795105,do_not_contact,0.4,20260921T000216Z,2026-09-21T00:02:18.663389+00:00,2350
8611968d-d3bd-4382-9536-c9db5071980c,C0002068,0.05683222158916336,do_not_contact,0.4,20260921T000216Z,2026-09-21T00:02:18.663389+00:00,2351
a4a97f06-d1ce-422e-a884-1d72527c8ceb,C0001629,0.056782518318338235,do_not_contact,0.4,20260921T000216Z,2026-09-21T00:02:18.663389+00:00,2352
94e31b14-2798-4a68-b3cc-53b43f94c550,C0002884,0.05668151865479593,do_not_contact,0.4,20260921T000216Z,2026-09-21T00:02:18.663389+00:00,2353
3b76b60f-b427-4ee6-8a57-c84d9a751c60,C0002053,0.05662373392038643,do_not_contact,0.4,20260921T000216Z,2026-09-21T00:02:18.663389+00:00,2354
73289a1b-78c1-4099-b2f7-19e0bd3081fd,C0001054,0.056532215719258365,do_not_contact,0.4,20260921T000216Z,2026-09-21T00:02:18.663389+00:00,2355
78055e12-8a22-47c5-bd4f-758e2b07e76e,C0002034,0.0565148510137551,do_not_contact,0.4,20260921T000216Z,2026-09-21T00:02:18.663389+00:00,2356
d3b6b192-5ab5-400b-87a5-b3f131c4d585,C0002222,0.056392567517920045,do_not_contact,0.4,20260921T000216Z,2026-09-21T00:02:18.663389+00:00,2357
b9269cab-eef5-49d8-a382-3f12bb18af76,C0002915,0.05623365912083005,do_not_contact,0.4,20260921T000216Z,2026-09-21T00:02:18.663389+00:00,2358
8b670e6c-45f4-442a-aab2-e6d1203c71f2,C0001389,0.056009126562996614,do_not_contact,0.4,20260921T000216Z,2026-09-21T00:02:18.663389+00:00,2359
4fe2d9fe-4dc5-4b18-9d1e-b5eedf764343,C0000760,0.055959947765493984,do_not_contact,0.4,20260921T000216Z,2026-09-21T00:02:18.663389+00:00,2360
bfc773e4-7cd9-4add-8a9f-da8c6904ee31,C0001995,0.055795911892787736,do_not_contact,0.4,20260921T000216Z,2026-09-21T00:02:18.663389+00:00,2361
108934e2-6106-4fa8-b331-9c5b462cee1f,C0002446,0.055607786700938425,do_not_contact,0.4,20260921T000216Z,2026-09-21T00:02:18.663389+00:00,2362
c8228242-f229-4fe2-a951-318045362d6b,C0001420,0.05557492804488649,do_not_contact,0.4,20260921T000216Z,2026-09-21T00:02:18.663389+00:00,2363
39425a8b-39d0-47a6-a82c-bc9c132c4535,C0001884,0.05549918962799315,do_not_contact,0.4,20260921T000216Z,2026-09-21T00:02:18.663389+00:00,2364
c94f96ab-3dbb-44ff-8a9b-8d3786112147,C0001577,0.05531041311161166,do_not_contact,0.4,20260921T000216Z,2026-09-21T00:02:18.663389+00:00,2365
6a496b9d-eafb-4bac-b257-7414d3f45072,C0000356,0.05524537714767052,do_not_contact,0.4,20260921T000216Z,2026-09-21T00:02:18.663389+00:00,2366
9940f715-06e4-427f-a029-055d93f91719,C0002619,0.0551535971548234,do_not_contact,0.4,20260921T000216Z,2026-09-21T00:02:18.663389+00:00,2367
91068c89-0577-41e3-9c48-1309fd0d1429,C0000204,0.05512257269812798,do_not_contact,0.4,20260921T000216Z,2026-09-21T00:02:18.663389+00:00,2368
7c48f15a-0d00-4f5e-b914-463bdf3e561a,C0001922,0.05508319461858855,do_not_contact,0.4,20260921T000216Z,2026-09-21T00:02:18.663389+00:00,2369
a8592e60-7714-4c33-aecb-6dc3149775b4,C0001820,0.054992898745446626,do_not_contact,0.4,20260921T000216Z,2026-09-21T00:02:18.663389+00:00,2370
068afabd-3f37-4e8e-9ecf-23981c119800,C0001998,0.054874259452751456,do_not_contact,0.4,20260921T000216Z,2026-09-21T00:02:18.663389+00:00,2371
bc3abb4c-4633-4fea-8bf6-e04291298855,C0000060,0.05479195998196928,do_not_contact,0.4,20260921T000216Z,2026-09-21T00:02:18.663389+00:00,2372
8942c4b0-4e66-49c3-8fa2-5586fccc0057,C0002118,0.05471016624928707,do_not_contact,0.4,20260921T000216Z,2026-09-21T00:02:18.663389+00:00,2373
2bf77b2e-9ff8-4ff5-b160-362c6a7df6e4,C0002599,0.05441801781495721,do_not_contact,0.4,20260921T000216Z,2026-09-21T00:02:18.663389+00:00,2374
ee3a0e0b-dc13-4647-a2cb-cff235d4dcb6,C0001888,0.054334673217909524,do_not_contact,0.4,20260921T000216Z,2026-09-21T00:02:18.663389+00:00,2375
adebeb72-3141-46f3-991e-d0a81b09e740,C0002964,0.05432181445947529,do_not_contact,0.4,20260921T000216Z,2026-09-21T00:02:18.663389+00:00,2376
98c8376f-cfc6-421d-b132-05199d02fc2f,C0002679,0.054291352037922284,do_not_contact,0.4,20260921T000216Z,2026-09-21T00:02:18.663389+00:00,2377
47712e71-3cc8-4dd3-9565-342d7fc95bc0,C0001748,0.05427197799851906,do_not_contact,0.4,20260921T000216Z,2026-09-21T00:02:18.663389+00:00,2378
bb73034b-2b51-40ae-a4e4-34c54f6907d6,C0002910,0.054089843778016435,do_not_contact,0.4,20260921T000216Z,2026-09-21T00:02:18.663389+00:00,2379
d6c743eb-5ad3-49f2-96ff-9d1111b28001,C0002453,0.05406737457360228,do_not_contact,0.4,20260921T000216Z,2026-09-21T00:02:18.663389+00:00,2380
50a0eb7f-96eb-49c7-98b7-15b5d24aeadb,C0002996,0.054066966358153404,do_not_contact,0.4,20260921T000216Z,2026-09-21T00:02:18.663389+00:00,2381
a190a0c3-3c73-4601-a154-5ec1ea452ad6,C0000504,0.05400624497363871,do_not_contact,0.4,20260921T000216Z,2026-09-21T00:02:18.663389+00:00,2382
da17c775-1344-4c6c-b255-0c3068a6ff76,C0001568,0.05393353190099876,do_not_contact,0.4,20260921T000216Z,2026-09-21T00:02:18.663389+00:00,2383
347f48b4-063a-441b-b4f2-7aeca07a819b,C0001546,0.053828603563613193,do_not_contact,0.4,20260921T000216Z,2026-09-21T00:02:18.663389+00:00,2384
67cc0c37-a3a5-4b62-9b81-4cffd217abaf,C0002349,0.053764309872977666,do_not_contact,0.4,20260921T000216Z,2026-09-21T00:02:18.663389+00:00,2385
d3e51c7d-f470-402a-8d6a-21a4cd82d031,C0001859,0.053633225502732716,do_not_contact,0.4,20260921T000216Z,2026-09-21T00:02:18.663389+00:00,2386
8b9d9201-c474-41c9-a55d-4b5a974a4fc9,C0002747,0.0535239573619671,do_not_contact,0.4,20260921T000216Z,2026-09-21T00:02:18.663389+00:00,2387
b9e73700-6aa0-4fec-9b6e-cd628dd596f0,C0000821,0.05337839752255843,do_not_contact,0.4,20260921T000216Z,2026-09-21T00:02:18.663389+00:00,2388
c1afdf37-e297-4ba6-ad2b-da1f8463e3a7,C0000825,0.05324546097003287,do_not_contact,0.4,20260921T000216Z,2026-09-21T00:02:18.663389+00:00,2389
9ad3d249-b040-4728-8627-8d2328041779,C0001448,0.053126195138251314,do_not_contact,0.4,20260921T000216Z,2026-09-21T00:02:18.663389+00:00,2390
8b0c471b-8c1a-48c9-89f4-64c25b951fd3,C0002775,0.053111483097238635,do_not_contact,0.4,20260921T000216Z,2026-09-21T00:02:18.663389+00:00,2391
3ce2265f-3ac5-41a3-9825-82bfac5be7b2,C0002101,0.05311094331932321,do_not_contact,0.4,20260921T000216Z,2026-09-21T00:02:18.663389+00:00,2392
fe62d5a8-7fc8-441a-88fb-9c76c2f4161c,C0002734,0.053031932637971284,do_not_contact,0.4,20260921T000216Z,2026-09-21T00:02:18.663389+00:00,2393
fefe192a-0e39-47ca-a8d4-c9025fc2ae03,C0001175,0.053003720377582386,do_not_contact,0.4,20260921T000216Z,2026-09-21T00:02:18.663389+00:00,2394
473bad6a-e260-4d97-ae06-a27a5b57e6ac,C0000601,0.05297552717007411,do_not_contact,0.4,20260921T000216Z,2026-09-21T00:02:18.663389+00:00,2395
1f01c5f5-fb6c-4bd6-a501-7e16875d8872,C0002992,0.052946529958407054,do_not_contact,0.4,20260921T000216Z,2026-09-21T00:02:18.663389+00:00,2396
e8de57d2-7338-4cc0-b375-00f64ad9b3f3,C0000674,0.05289620479144464,do_not_contact,0.4,20260921T000216Z,2026-09-21T00:02:18.663389+00:00,2397
dfd5ed23-df18-4882-8dc4-37f34e7418d3,C0002236,0.052860858528647706,do_not_contact,0.4,20260921T000216Z,2026-09-21T00:02:18.663389+00:00,2398
3db0b120-8141-480f-ba68-819de5364ca2,C0000756,0.05284248734508642,do_not_contact,0.4,20260921T000216Z,2026-09-21T00:02:18.663389+00:00,2399
c09d9ebb-2d0c-45d4-b1e5-befbfb89d75f,C0001669,0.052781619484881595,do_not_contact,0.4,20260921T000216Z,2026-09-21T00:02:18.663389+00:00,2400
a4d4f528-7aee-40d2-9e1a-d76d8df7d944,C0002445,0.052758855633569475,do_not_contact,0.4,20260921T000216Z,2026-09-21T00:02:18.663389+00:00,2401
925d703d-41d8-4e0d-908d-d19a560f64a8,C0002250,0.05275777679577533,do_not_contact,0.4,20260921T000216Z,2026-09-21T00:02:18.663389+00:00,2402
85c19e90-2b2b-46b9-a005-f5d7087094d0,C0000230,0.052699832906935536,do_not_contact,0.4,20260921T000216Z,2026-09-21T00:02:18.663389+00:00,2403
4a58b87a-54e8-46f2-8e46-af7bd850a2d6,C0002843,0.05269554978867724,do_not_contact,0.4,20260921T000216Z,2026-09-21T00:02:18.663389+00:00,2404
42a7189e-4084-4660-b12c-6099cd262042,C0001282,0.05266405798224458,do_not_contact,0.4,20260921T000216Z,2026-09-21T00:02:18.663389+00:00,2405
36cb3c85-3a64-438f-bc65-ca5d9b0ddf47,C0002901,0.052626614067693825,do_not_contact,0.4,20260921T000216Z,2026-09-21T00:02:18.663389+00:00,2406
977c76cc-29a5-4f7d-bf8b-77e4643b5598,C0001254,0.052463418834220794,do_not_contact,0.4,20260921T000216Z,2026-09-21T00:02:18.663389+00:00,2407
4767d569-e5fa-4d14-9f6c-c148bc9c063f,C0000612,0.052462537143554394,do_not_contact,0.4,20260921T000216Z,2026-09-21T00:02:18.663389+00:00,2408
45fb297a-e947-4a0f-a1fd-70935b07fdfa,C0000304,0.05222566039416018,do_not_contact,0.4,20260921T000216Z,2026-09-21T00:02:18.663389+00:00,2409
8345ed8c-71af-428d-8408-674948f721c7,C0000269,0.05222413146195778,do_not_contact,0.4,20260921T000216Z,2026-09-21T00:02:18.663389+00:00,2410
7d5206d2-ba10-4416-b284-fbee8a129dac,C0002470,0.052207880843069626,do_not_contact,0.4,20260921T000216Z,2026-09-21T00:02:18.663389+00:00,2411
2491e809-53df-4687-8890-9082076efd35,C0002296,0.05217176310957886,do_not_contact,0.4,20260921T000216Z,2026-09-21T00:02:18.663389+00:00,2412
323cc8ef-f290-4575-bb1f-4d5d4fdb8241,C0000634,0.052142875094059314,do_not_contact,0.4,20260921T000216Z,2026-09-21T00:02:18.663389+00:00,2413
060bef1f-4ed2-4e0b-96b2-4401b28efe48,C0000376,0.0521001629316672,do_not_contact,0.4,20260921T000216Z,2026-09-21T00:02:18.663389+00:00,2414
589d7187-4e99-477b-a7d0-4d89763b9584,C0000938,0.05196604701181511,do_not_contact,0.4,20260921T000216Z,2026-09-21T00:02:18.663389+00:00,2415
f5f2503a-3903-4a45-87d6-6cef0f1653e3,C0002268,0.05195371073060127,do_not_contact,0.4,20260921T000216Z,2026-09-21T00:02:18.663389+00:00,2416
a2ab9c0f-d5ea-42d0-9c79-b65a059bc87f,C0000368,0.051918824336039344,do_not_contact,0.4,20260921T000216Z,2026-09-21T00:02:18.663389+00:00,2417
63821019-b494-4128-a2f4-cb39ac1d3a17,C0001309,0.05188985779905111,do_not_contact,0.4,20260921T000216Z,2026-09-21T00:02:18.663389+00:00,2418
c3af6afa-8d63-4daa-9cc5-20939d733359,C0000326,0.05188614508177225,do_not_contact,0.4,20260921T000216Z,2026-09-21T00:02:18.663389+00:00,2419
8f431b70-baf7-4636-9e82-004cf3e7be53,C0000860,0.05185997456856805,do_not_contact,0.4,20260921T000216Z,2026-09-21T00:02:18.663389+00:00,2420
ff050f8e-d857-4002-a674-2717ecc97671,C0000206,0.051802840430929954,do_not_contact,0.4,20260921T000216Z,2026-09-21T00:02:18.663389+00:00,2421
09767421-0a17-44f1-b481-2d34200abd91,C0001887,0.051783772243891774,do_not_contact,0.4,20260921T000216Z,2026-09-21T00:02:18.663389+00:00,2422
9947916c-4b15-406c-b6d5-ddfcf1970b6f,C0001000,0.05176651058323842,do_not_contact,0.4,20260921T000216Z,2026-09-21T00:02:18.663389+00:00,2423
d59af8b5-8a35-4422-8089-e0c3754b47a2,C0002918,0.05162699090184265,do_not_contact,0.4,20260921T000216Z,2026-09-21T00:02:18.663389+00:00,2424
40bbdd72-c7b7-4626-871d-f17d11259106,C0000571,0.05157195451444872,do_not_contact,0.4,20260921T000216Z,2026-09-21T00:02:18.663389+00:00,2425
916dd858-4e04-4fb4-9134-a82285cbe14c,C0000436,0.051529509350323736,do_not_contact,0.4,20260921T000216Z,2026-09-21T00:02:18.663389+00:00,2426
25bd5090-c510-4207-acca-9de3e34b85ea,C0001843,0.05128434333584829,do_not_contact,0.4,20260921T000216Z,2026-09-21T00:02:18.663389+00:00,2427
5b0630bf-7a74-4718-9052-64c6a339c62e,C0001709,0.05120298049687069,do_not_contact,0.4,20260921T000216Z,2026-09-21T00:02:18.663389+00:00,2428
d7155e57-a9e1-4193-8489-db9f6bcb6400,C0002574,0.051187693418616606,do_not_contact,0.4,20260921T000216Z,2026-09-21T00:02:18.663389+00:00,2429
c3724a87-9166-4716-b339-094627435b82,C0002770,0.05118537950774997,do_not_contact,0.4,20260921T000216Z,2026-09-21T00:02:18.663389+00:00,2430
e64e7bec-cd0e-4fb1-9efe-c38d9ac0f89b,C0000787,0.05107473390992434,do_not_contact,0.4,20260921T000216Z,2026-09-21T00:02:18.663389+00:00,2431
0324b4dd-4612-4f42-9ce5-72905baa7a50,C0000682,0.05097330256490355,do_not_contact,0.4,20260921T000216Z,2026-09-21T00:02:18.663389+00:00,2432
57e4f01c-d1f4-4e7c-b3f1-d5a44b5f1460,C0002369,0.05091394674705921,do_not_contact,0.4,20260921T000216Z,2026-09-21T00:02:18.663389+00:00,2433
b42090ef-30a1-4c3a-80e3-abe9cbc123af,C0001612,0.050887469308768855,do_not_contact,0.4,20260921T000216Z,2026-09-21T00:02:18.663389+00:00,2434
dd93e973-831b-4008-bbf9-b60ec6fa849e,C0002976,0.05082757561530482,do_not_contact,0.4,20260921T000216Z,2026-09-21T00:02:18.663389+00:00,2435
75a78ec9-4e95-4049-8822-0f3d0c6a6935,C0002338,0.05076422981168689,do_not_contact,0.4,20260921T000216Z,2026-09-21T00:02:18.663389+00:00,2436
2a4cefbd-a053-4ea5-81ce-59f3c9b204d7,C0001239,0.050723538077694225,do_not_contact,0.4,20260921T000216Z,2026-09-21T00:02:18.663389+00:00,2437
c2d77e74-3196-4b1c-aea1-a4441fb368c7,C0000561,0.05066976476488705,do_not_contact,0.4,20260921T000216Z,2026-09-21T00:02:18.663389+00:00,2438
915917e8-2d93-4780-8a7b-fbc7d9cf48bf,C0002969,0.05066946452860071,do_not_contact,0.4,20260921T000216Z,2026-09-21T00:02:18.663389+00:00,2439
c629ae6f-cdf0-422c-a564-05ce5eeb6807,C0002121,0.050625306323470946,do_not_contact,0.4,20260921T000216Z,2026-09-21T00:02:18.663389+00:00,2440
c28e59cb-d491-4249-b8fe-96fc8bca8828,C0000591,0.05052547979869149,do_not_contact,0.4,20260921T000216Z,2026-09-21T00:02:18.663389+00:00,2441
e0a987e2-faa6-4a82-b11b-aace993a61dd,C0002729,0.050400445664487044,do_not_contact,0.4,20260921T000216Z,2026-09-21T00:02:18.663389+00:00,2442
560cdef0-304d-4fae-9d2b-9f5b0ec2899a,C0000251,0.05036472170555641,do_not_contact,0.4,20260921T000216Z,2026-09-21T00:02:18.663389+00:00,2443
b8e15de8-7421-4ede-bf8e-f4d873a824a3,C0001719,0.05032013315226763,do_not_contact,0.4,20260921T000216Z,2026-09-21T00:02:18.663389+00:00,2444
8955883f-45e0-47ed-bc2e-d92ea5f1223e,C0000101,0.05020990452926611,do_not_contact,0.4,20260921T000216Z,2026-09-21T00:02:18.663389+00:00,2445
145edbca-fb98-4bea-926e-cf948ef7dc30,C0001688,0.05019509794817269,do_not_contact,0.4,20260921T000216Z,2026-09-21T00:02:18.663389+00:00,2446
185c8453-1a2e-4e16-83a3-eb0e8f56c3bc,C0002077,0.050077862722556335,do_not_contact,0.4,20260921T000216Z,2026-09-21T00:02:18.663389+00:00,2447
946cf4a4-7339-47da-ba25-bb5ee0a0cbcf,C0000231,0.05001800236790561,do_not_contact,0.4,20260921T000216Z,2026-09-21T00:02:18.663389+00:00,2448
4bc7f509-72a9-4fe2-95c9-d08885bbf67e,C0002160,0.04995999673319491,do_not_contact,0.4,20260921T000216Z,2026-09-21T00:02:18.663389+00:00,2449
dd2ae271-5780-46e8-a8b5-255db5ee7cb5,C0001559,0.04994179664149978,do_not_contact,0.4,20260921T000216Z,2026-09-21T00:02:18.663389+00:00,2450
3d0c8b12-6762-409a-8a80-6377bbfcfc9b,C0001795,0.04981362668221753,do_not_contact,0.4,20260921T000216Z,2026-09-21T00:02:18.663389+00:00,2451
d3a6c37d-6f8e-4c63-a512-762ca572cbc1,C0001727,0.04980507067069219,do_not_contact,0.4,20260921T000216Z,2026-09-21T00:02:18.663389+00:00,2452
91be0743-4e76-48eb-a6fa-f745ca2bdf74,C0000955,0.04972828589648156,do_not_contact,0.4,20260921T000216Z,2026-09-21T00:02:18.663389+00:00,2453
b546a155-2845-453a-a5af-ecf1dcbfca33,C0000779,0.04965265908469929,do_not_contact,0.4,20260921T000216Z,2026-09-21T00:02:18.663389+00:00,2454
d2a92b9e-c3c0-4dd5-ab3c-acdc7ab8705f,C0002881,0.0496418396409623,do_not_contact,0.4,20260921T000216Z,2026-09-21T00:02:18.663389+00:00,2455
cf0214bd-c32f-402d-aca0-e15e2973f39e,C0001458,0.04963433437896948,do_not_contact,0.4,20260921T000216Z,2026-09-21T00:02:18.663389+00:00,2456
bd3ea916-d323-4fe0-a365-760226758fa8,C0000854,0.04962177442790017,do_not_contact,0.4,20260921T000216Z,2026-09-21T00:02:18.663389+00:00,2457
04474bcc-5344-47fd-93ab-7b406a0bb0ba,C0002062,0.049507726776446236,do_not_contact,0.4,20260921T000216Z,2026-09-21T00:02:18.663389+00:00,2458
03ed368d-f7f8-49dc-91b5-7869654c41d5,C0001532,0.048975870479087545,do_not_contact,0.4,20260921T000216Z,2026-09-21T00:02:18.663389+00:00,2459
7c3705bf-2cd4-4d45-a6c2-fcfea09122e6,C0001923,0.04888218778691985,do_not_contact,0.4,20260921T000216Z,2026-09-21T00:02:18.663389+00:00,2460
1af54b1f-00a0-4303-b5d8-e34a0e40edd9,C0001712,0.048727530698110165,do_not_contact,0.4,20260921T000216Z,2026-09-21T00:02:18.663389+00:00,2461
d3707d6a-0b5a-4978-9a6a-ea385ca145bd,C0000374,0.04866757439298423,do_not_contact,0.4,20260921T000216Z,2026-09-21T00:02:18.663389+00:00,2462
7dc699ea-e70f-4f12-bafd-18c454794602,C0000120,0.04851985621114712,do_not_contact,0.4,20260921T000216Z,2026-09-21T00:02:18.663389+00:00,2463
ee1889ba-209f-47c2-bf02-6cf03c6572d3,C0000789,0.048478375091990794,do_not_contact,0.4,20260921T000216Z,2026-09-21T00:02:18.663389+00:00,2464
770131a3-512a-4d70-86ca-a7f415c322ab,C0000707,0.048407656735760744,do_not_contact,0.4,20260921T000216Z,2026-09-21T00:02:18.663389+00:00,2465
00c9fd49-93ce-462c-b830-fe873bb5a20a,C0001957,0.048381443287537164,do_not_contact,0.4,20260921T000216Z,2026-09-21T00:02:18.663389+00:00,2466
bd772d28-f967-4f9e-b749-429fd4b96ac8,C0001115,0.04836806824260127,do_not_contact,0.4,20260921T000216Z,2026-09-21T00:02:18.663389+00:00,2467
d0e39edf-ece5-4cc6-b929-88f25091b745,C0002015,0.048301823262439876,do_not_contact,0.4,20260921T000216Z,2026-09-21T00:02:18.663389+00:00,2468
1acfb9ce-ab41-4996-b220-ca8bfd282584,C0001797,0.048268672443912405,do_not_contact,0.4,20260921T000216Z,2026-09-21T00:02:18.663389+00:00,2469
680e5ee9-217a-437a-afc4-7b058b2d51f3,C0000064,0.04812301975426491,do_not_contact,0.4,20260921T000216Z,2026-09-21T00:02:18.663389+00:00,2470
a1fcf5b6-5fea-4099-b1ca-0df5ce0b032f,C0001933,0.0480339433181541,do_not_contact,0.4,20260921T000216Z,2026-09-21T00:02:18.663389+00:00,2471
9b7d3cc9-1639-4a91-8419-6dbaf63a697e,C0000035,0.04793378146237978,do_not_contact,0.4,20260921T000216Z,2026-09-21T00:02:18.663389+00:00,2472
0ef026e3-0224-43dd-b9ef-341b7a9a7f62,C0000498,0.047885565355400214,do_not_contact,0.4,20260921T000216Z,2026-09-21T00:02:18.663389+00:00,2473
3f8a47ab-066d-46aa-9255-d33dec70b715,C0000075,0.047799410193113345,do_not_contact,0.4,20260921T000216Z,2026-09-21T00:02:18.663389+00:00,2474
11e4f328-cb4d-43f8-b4f5-5b7ee0eab0c6,C0001939,0.04776597392136867,do_not_contact,0.4,20260921T000216Z,2026-09-21T00:02:18.663389+00:00,2475
61521ea4-6e77-41a6-94c6-400eaefb43e7,C0001399,0.04760002641907835,do_not_contact,0.4,20260921T000216Z,2026-09-21T00:02:18.663389+00:00,2476
caa20da6-e183-46b7-bf90-466643ec6e34,C0000596,0.04737242074232179,do_not_contact,0.4,20260921T000216Z,2026-09-21T00:02:18.663389+00:00,2477
0d550c47-360a-4930-b2bc-2f198b31e027,C0002085,0.04729423693980501,do_not_contact,0.4,20260921T000216Z,2026-09-21T00:02:18.663389+00:00,2478
c848fe51-4b37-4249-b780-5cd80b9d1581,C0002900,0.04712673558025438,do_not_contact,0.4,20260921T000216Z,2026-09-21T00:02:18.663389+00:00,2479
fd1985d5-0e35-4ef1-a522-68abb7e5c3bc,C0002428,0.04709856969975643,do_not_contact,0.4,20260921T000216Z,2026-09-21T00:02:18.663389+00:00,2480
9e120177-5c3f-4725-ab38-5dd59d08051a,C0000613,0.047058845647264674,do_not_contact,0.4,20260921T000216Z,2026-09-21T00:02:18.663389+00:00,2481
11a3aace-cad8-435e-a8ee-b00d46e5aa40,C0000023,0.0470195071959231,do_not_contact,0.4,20260921T000216Z,2026-09-21T00:02:18.663389+00:00,2482
af80be85-eea8-4b17-bf7e-fc5fab854f97,C0000927,0.0469632654244332,do_not_contact,0.4,20260921T000216Z,2026-09-21T00:02:18.663389+00:00,2483
a698fec5-f926-4d29-877a-92279946f8f8,C0000278,0.046804917898103544,do_not_contact,0.4,20260921T000216Z,2026-09-21T00:02:18.663389+00:00,2484
a8fbc615-804b-4783-b520-92a339745c39,C0000780,0.046756349080733985,do_not_contact,0.4,20260921T000216Z,2026-09-21T00:02:18.663389+00:00,2485
e07d895a-3cf0-4c4d-ae38-65e1c28396d9,C0002358,0.04660217216056134,do_not_contact,0.4,20260921T000216Z,2026-09-21T00:02:18.663389+00:00,2486
01aa6fbf-cdc4-4684-82d9-fd1bdaf8d09e,C0001261,0.046514516080011725,do_not_contact,0.4,20260921T000216Z,2026-09-21T00:02:18.663389+00:00,2487
02c642bf-c840-4a11-930e-718623c0395e,C0000799,0.04639023518129168,do_not_contact,0.4,20260921T000216Z,2026-09-21T00:02:18.663389+00:00,2488
cbbdde0c-6039-4e48-baf1-e68c7c8cd82d,C0002838,0.04633067597448728,do_not_contact,0.4,20260921T000216Z,2026-09-21T00:02:18.663389+00:00,2489
418ac846-2a95-4b5f-bf45-d15e2b4e2a4a,C0002868,0.04631127654404027,do_not_contact,0.4,20260921T000216Z,2026-09-21T00:02:18.663389+00:00,2490
a2b6a54c-16f5-4f5d-a310-e4c4585d2426,C0001093,0.04629602613495932,do_not_contact,0.4,20260921T000216Z,2026-09-21T00:02:18.663389+00:00,2491
8ada2286-45ca-4611-8f32-7eb9b1eb52d4,C0000556,0.04628475947536521,do_not_contact,0.4,20260921T000216Z,2026-09-21T00:02:18.663389+00:00,2492
aed90806-1624-40f4-9849-8dbb5621b18e,C0001603,0.046227115072918726,do_not_contact,0.4,20260921T000216Z,2026-09-21T00:02:18.663389+00:00,2493
d1640a3a-052a-4b8e-b2cc-3a88df7cb528,C0002184,0.046150735119244,do_not_contact,0.4,20260921T000216Z,2026-09-21T00:02:18.663389+00:00,2494
7bfe9870-3bad-4b8d-8951-26ce65f3053d,C0002854,0.04614437522579234,do_not_contact,0.4,20260921T000216Z,2026-09-21T00:02:18.663389+00:00,2495
cfebb23c-1d35-4415-be46-e3a508770ef5,C0002451,0.04609514538273975,do_not_contact,0.4,20260921T000216Z,2026-09-21T00:02:18.663389+00:00,2496
d57a5409-3443-41de-8b79-a56b9a550738,C0001555,0.046007790177825525,do_not_contact,0.4,20260921T000216Z,2026-09-21T00:02:18.663389+00:00,2497
77ce37b2-094c-4531-bd43-c60eb701bd16,C0002257,0.045997038761088294,do_not_contact,0.4,20260921T000216Z,2026-09-21T00:02:18.663389+00:00,2498
49535826-1a6c-4252-8397-7884bd75be54,C0002280,0.04599575378697819,do_not_contact,0.4,20260921T000216Z,2026-09-21T00:02:18.663389+00:00,2499
2fe1e018-1d2b-40b5-9473-fb1f8e2cdb1b,C0002529,0.04591004203888993,do_not_contact,0.4,20260921T000216Z,2026-09-21T00:02:18.663389+00:00,2500
3cb291fd-9508-4d7c-bd4b-edebec58584b,C0000798,0.04569251336626846,do_not_contact,0.4,20260921T000216Z,2026-09-21T00:02:18.663389+00:00,2501
0ae3fb4b-65e8-479f-b01c-4c05627e02ab,C0002071,0.04561891673121717,do_not_contact,0.4,20260921T000216Z,2026-09-21T00:02:18.663389+00:00,2502
d87ea96f-78dc-4bdf-b884-4fb7549ad33d,C0001747,0.04548970140998242,do_not_contact,0.4,20260921T000216Z,2026-09-21T00:02:18.663389+00:00,2503
304ace60-98f2-454e-9092-3ee9656684e0,C0000698,0.04535626208866021,do_not_contact,0.4,20260921T000216Z,2026-09-21T00:02:18.663389+00:00,2504
2591a5c7-e13c-4ca0-ae52-5e9ec18bf174,C0001970,0.045288526671130536,do_not_contact,0.4,20260921T000216Z,2026-09-21T00:02:18.663389+00:00,2505
31c8089f-b4d9-451e-8c69-6c71d067d093,C0002390,0.0452435330922051,do_not_contact,0.4,20260921T000216Z,2026-09-21T00:02:18.663389+00:00,2506
948538b5-7a1f-4464-99d7-00077748b6f3,C0001062,0.04516852753534063,do_not_contact,0.4,20260921T000216Z,2026-09-21T00:02:18.663389+00:00,2507
f2dac752-9142-4d83-a48e-1f746355ec69,C0002771,0.04514021038750194,do_not_contact,0.4,20260921T000216Z,2026-09-21T00:02:18.663389+00:00,2508
211570cf-3ac8-4ee5-a11f-2e21089e3d9c,C0000912,0.045138141619553984,do_not_contact,0.4,20260921T000216Z,2026-09-21T00:02:18.663389+00:00,2509
f440f716-3f7f-4738-8133-3a440bfeb236,C0002727,0.04508914248870262,do_not_contact,0.4,20260921T000216Z,2026-09-21T00:02:18.663389+00:00,2510
8b7f333a-f05d-48e1-a7b0-ebc277dde66e,C0002026,0.04502337599868258,do_not_contact,0.4,20260921T000216Z,2026-09-21T00:02:18.663389+00:00,2511
3d0f4136-a6e4-4c3d-951d-2b7ef9689ec9,C0000712,0.04497756311771374,do_not_contact,0.4,20260921T000216Z,2026-09-21T00:02:18.663389+00:00,2512
a1f2fd50-f715-40fb-9194-74b1139cbffb,C0002330,0.044833066165358273,do_not_contact,0.4,20260921T000216Z,2026-09-21T00:02:18.663389+00:00,2513
810f2b65-d4e0-488b-8c73-61cd9ab9e913,C0001450,0.044780561518097145,do_not_contact,0.4,20260921T000216Z,2026-09-21T00:02:18.663389+00:00,2514
99350d94-1c39-4264-8b9e-e4636b8f71a6,C0002845,0.044733633568315896,do_not_contact,0.4,20260921T000216Z,2026-09-21T00:02:18.663389+00:00,2515
1069d678-ae14-4e06-9010-0dda51359934,C0000987,0.04469667879839871,do_not_contact,0.4,20260921T000216Z,2026-09-21T00:02:18.663389+00:00,2516
6fbecdd1-a9f8-4d5c-87ee-ba67ee83b16c,C0001597,0.044643547159970834,do_not_contact,0.4,20260921T000216Z,2026-09-21T00:02:18.663389+00:00,2517
d2e7852f-5f27-4aea-bec0-f87f8a80ec7f,C0000704,0.04459307210299605,do_not_contact,0.4,20260921T000216Z,2026-09-21T00:02:18.663389+00:00,2518
a61024d5-8bdd-4717-a035-c4078406b27e,C0000887,0.04451280274650446,do_not_contact,0.4,20260921T000216Z,2026-09-21T00:02:18.663389+00:00,2519
564ddbff-3d9b-46a8-a65c-831745ed8164,C0000052,0.04447433381901438,do_not_contact,0.4,20260921T000216Z,2026-09-21T00:02:18.663389+00:00,2520
ee46ae36-f81f-4b3b-8031-2921d0411139,C0000364,0.04447358274690198,do_not_contact,0.4,20260921T000216Z,2026-09-21T00:02:18.663389+00:00,2521
38e2f12a-4f25-4807-ab24-67a5a20f4e8c,C0000616,0.04444593505499338,do_not_contact,0.4,20260921T000216Z,2026-09-21T00:02:18.663389+00:00,2522
a9002838-c45c-46a9-a117-163fa4a3c999,C0002406,0.04430741441942464,do_not_contact,0.4,20260921T000216Z,2026-09-21T00:02:18.663389+00:00,2523
fe0c3bab-7225-4643-988a-d92375e9b55a,C0001090,0.044227309577860724,do_not_contact,0.4,20260921T000216Z,2026-09-21T00:02:18.663389+00:00,2524
07d577f0-67d8-4120-b9a9-4fc566777550,C0001074,0.04412678654660679,do_not_contact,0.4,20260921T000216Z,2026-09-21T00:02:18.663389+00:00,2525
9084e0ca-2102-4450-bde4-c2f02492a99e,C0001495,0.04410707724434321,do_not_contact,0.4,20260921T000216Z,2026-09-21T00:02:18.663389+00:00,2526
c67186af-3ccb-443d-a9ef-e57044c84811,C0001722,0.04407757741218897,do_not_contact,0.4,20260921T000216Z,2026-09-21T00:02:18.663389+00:00,2527
f341ca2e-eeae-4ddf-9114-4b93af1bdd16,C0001724,0.04402094037598571,do_not_contact,0.4,20260921T000216Z,2026-09-21T00:02:18.663389+00:00,2528
e0b97a65-53e6-48d6-8c09-697b354b01b1,C0002078,0.04397879458829492,do_not_contact,0.4,20260921T000216Z,2026-09-21T00:02:18.663389+00:00,2529
4e69a8ad-eaf9-41f7-8686-250abb030214,C0001789,0.043935790809491754,do_not_contact,0.4,20260921T000216Z,2026-09-21T00:02:18.663389+00:00,2530
7a6b9875-ab15-4c63-b69a-6a1191422fef,C0001435,0.04388726760377658,do_not_contact,0.4,20260921T000216Z,2026-09-21T00:02:18.663389+00:00,2531
2536b645-9daf-44f8-984f-b36c75d33676,C0002897,0.043624892637606834,do_not_contact,0.4,20260921T000216Z,2026-09-21T00:02:18.663389+00:00,2532
92e0aca3-0327-400b-a664-3b07260b236e,C0001561,0.043505786814664146,do_not_contact,0.4,20260921T000216Z,2026-09-21T00:02:18.663389+00:00,2533
5c4a54cf-e20f-4c5e-bcf7-9e2e2929c8d1,C0001373,0.04341907766256803,do_not_contact,0.4,20260921T000216Z,2026-09-21T00:02:18.663389+00:00,2534
c1285343-9d32-442b-b595-3f476ef243b5,C0002942,0.04336002478793777,do_not_contact,0.4,20260921T000216Z,2026-09-21T00:02:18.663389+00:00,2535
c66ee55a-a893-4e96-bcba-85954aa095ec,C0000996,0.043278654700045896,do_not_contact,0.4,20260921T000216Z,2026-09-21T00:02:18.663389+00:00,2536
18ea536c-d91c-4b71-9b06-f36b55b561ab,C0001788,0.0432782078283853,do_not_contact,0.4,20260921T000216Z,2026-09-21T00:02:18.663389+00:00,2537
ee9f7806-615a-43b0-a944-cbe821f4db9a,C0002320,0.04327479290390274,do_not_contact,0.4,20260921T000216Z,2026-09-21T00:02:18.663389+00:00,2538
c9efd245-95b8-4006-a71b-172af3f8b917,C0001818,0.04320248594556957,do_not_contact,0.4,20260921T000216Z,2026-09-21T00:02:18.663389+00:00,2539
9690a63a-d156-45c6-b844-2a21b8b0d5b5,C0000625,0.04319733729946518,do_not_contact,0.4,20260921T000216Z,2026-09-21T00:02:18.663389+00:00,2540
e60913a8-c12d-4041-a9d4-b834d3ff423d,C0001313,0.04308454448136288,do_not_contact,0.4,20260921T000216Z,2026-09-21T00:02:18.663389+00:00,2541
f3ce4f33-dc0c-47f4-ae3b-557bf21f8a76,C0000294,0.043054790950938844,do_not_contact,0.4,20260921T000216Z,2026-09-21T00:02:18.663389+00:00,2542
486ab127-8a80-4cd0-ab78-b40ce0fbfd3e,C0002190,0.04293813865091026,do_not_contact,0.4,20260921T000216Z,2026-09-21T00:02:18.663389+00:00,2543
3260cda8-e0c8-40ec-8f9a-b3b3c2bc78e2,C0001095,0.042762396769882915,do_not_contact,0.4,20260921T000216Z,2026-09-21T00:02:18.663389+00:00,2544
bcfb07fd-c710-45e0-bc14-047c11b5088f,C0001548,0.04274492779830779,do_not_contact,0.4,20260921T000216Z,2026-09-21T00:02:18.663389+00:00,2545
bdd2d873-468e-4514-96c9-aa944c134253,C0002262,0.04267760015832822,do_not_contact,0.4,20260921T000216Z,2026-09-21T00:02:18.663389+00:00,2546
f65ae0f6-9c3b-4fb9-82b5-5655dbf800a7,C0001398,0.042658984381942114,do_not_contact,0.4,20260921T000216Z,2026-09-21T00:02:18.663389+00:00,2547
3a933fdb-34ac-467f-bcef-2443f075bb88,C0000741,0.04261262537378729,do_not_contact,0.4,20260921T000216Z,2026-09-21T00:02:18.663389+00:00,2548
a1a284d4-5dfc-455e-9dcc-93f0bef8fb32,C0001252,0.04231559076765469,do_not_contact,0.4,20260921T000216Z,2026-09-21T00:02:18.663389+00:00,2549
5a881dbb-9ca6-41ca-8793-87c86be4f893,C0002999,0.04212876519937294,do_not_contact,0.4,20260921T000216Z,2026-09-21T00:02:18.663389+00:00,2550
cd76b7ff-ff0a-435a-b6e9-7260ae15e00f,C0002395,0.04211158740891976,do_not_contact,0.4,20260921T000216Z,2026-09-21T00:02:18.663389+00:00,2551
c0cbac6f-dff7-4104-8cc0-1d93d127fe40,C0002865,0.042041144127543624,do_not_contact,0.4,20260921T000216Z,2026-09-21T00:02:18.663389+00:00,2552
a2b84c67-389a-4f74-b4dc-d36a6b2f6736,C0002617,0.042026517390161604,do_not_contact,0.4,20260921T000216Z,2026-09-21T00:02:18.663389+00:00,2553
a7c1fb16-9511-4e41-8619-39b00be3637e,C0000464,0.04196957709945578,do_not_contact,0.4,20260921T000216Z,2026-09-21T00:02:18.663389+00:00,2554
4d1d1883-3d4c-4d74-9640-cb8d303b8942,C0001749,0.041910261307852185,do_not_contact,0.4,20260921T000216Z,2026-09-21T00:02:18.663389+00:00,2555
acb52b0f-53d1-491c-af9e-4affe4552394,C0001070,0.041848849245917884,do_not_contact,0.4,20260921T000216Z,2026-09-21T00:02:18.663389+00:00,2556
9cd72329-336d-4f3a-9a74-7b92579c0726,C0002023,0.04182660927223407,do_not_contact,0.4,20260921T000216Z,2026-09-21T00:02:18.663389+00:00,2557
a3b89bfc-3b5a-4931-be50-116c8458d30e,C0002194,0.04150879942560165,do_not_contact,0.4,20260921T000216Z,2026-09-21T00:02:18.663389+00:00,2558
2ce6fcf1-30d6-44df-bd40-a57f4d3d59d2,C0000572,0.04147616840731496,do_not_contact,0.4,20260921T000216Z,2026-09-21T00:02:18.663389+00:00,2559
1e72ec25-3b8e-475c-b6cf-b92202230393,C0000012,0.04147229951619763,do_not_contact,0.4,20260921T000216Z,2026-09-21T00:02:18.663389+00:00,2560
7e8808e6-2d32-447f-8604-9161d6dbb46a,C0000782,0.041425610856403915,do_not_contact,0.4,20260921T000216Z,2026-09-21T00:02:18.663389+00:00,2561
0fde8b71-64f1-41ff-8bef-7a7730196435,C0000662,0.0413506002790981,do_not_contact,0.4,20260921T000216Z,2026-09-21T00:02:18.663389+00:00,2562
a6e56b06-31ba-48be-b4d0-90e2b3729064,C0001378,0.04134252370311311,do_not_contact,0.4,20260921T000216Z,2026-09-21T00:02:18.663389+00:00,2563
fb852694-efbf-470d-8d4b-6c621ed9a4dd,C0002994,0.04130233303983113,do_not_contact,0.4,20260921T000216Z,2026-09-21T00:02:18.663389+00:00,2564
4cc830ae-16b6-4b6b-8376-0c355a61864d,C0001641,0.041224311112105456,do_not_contact,0.4,20260921T000216Z,2026-09-21T00:02:18.663389+00:00,2565
b6676987-4771-416b-8546-ab7c4768f692,C0001151,0.041041737744561275,do_not_contact,0.4,20260921T000216Z,2026-09-21T00:02:18.663389+00:00,2566
ac009dc5-a73d-4da0-b1f1-c2e5359e622d,C0001815,0.04100861715496354,do_not_contact,0.4,20260921T000216Z,2026-09-21T00:02:18.663389+00:00,2567
b351edc4-1010-4ca3-8cb9-199724ab847c,C0002831,0.040934850681485425,do_not_contact,0.4,20260921T000216Z,2026-09-21T00:02:18.663389+00:00,2568
22681b60-e320-41c1-b936-83d7b83b724e,C0002208,0.040933044657601794,do_not_contact,0.4,20260921T000216Z,2026-09-21T00:02:18.663389+00:00,2569
1a082510-2e04-4a91-9455-d9c9661e66cb,C0000348,0.04090050747005225,do_not_contact,0.4,20260921T000216Z,2026-09-21T00:02:18.663389+00:00,2570
b7ae7451-6bc6-4258-954e-c6de14e17ca0,C0000548,0.040834619310222975,do_not_contact,0.4,20260921T000216Z,2026-09-21T00:02:18.663389+00:00,2571
1e413d66-18cd-4d4b-b7d2-d85b4588da33,C0000989,0.04082184815012887,do_not_contact,0.4,20260921T000216Z,2026-09-21T00:02:18.663389+00:00,2572
9fcb4b6a-913e-4a08-8018-f044c5848617,C0001262,0.04076156486912356,do_not_contact,0.4,20260921T000216Z,2026-09-21T00:02:18.663389+00:00,2573
2436badf-98a6-4c59-b96b-e59ee292421f,C0002906,0.040637922260644756,do_not_contact,0.4,20260921T000216Z,2026-09-21T00:02:18.663389+00:00,2574
e95ac546-6aff-4dab-a646-d22ef8e2bf63,C0002510,0.040504115101429636,do_not_contact,0.4,20260921T000216Z,2026-09-21T00:02:18.663389+00:00,2575
fb64d027-9b36-44e6-9c81-33e2a98dc31c,C0000747,0.04018121181325574,do_not_contact,0.4,20260921T000216Z,2026-09-21T00:02:18.663389+00:00,2576
24d9cbf7-fea0-4269-9933-0d0bcb6a4685,C0002577,0.04004700208746175,do_not_contact,0.4,20260921T000216Z,2026-09-21T00:02:18.663389+00:00,2577
c21331d6-57b8-47b5-8674-d7fe60a703d6,C0000550,0.040011618274680145,do_not_contact,0.4,20260921T000216Z,2026-09-21T00:02:18.663389+00:00,2578
fa96ff9c-d7c6-45bc-92ce-b9277b8808eb,C0002215,0.04001116123536572,do_not_contact,0.4,20260921T000216Z,2026-09-21T00:02:18.663389+00:00,2579
940b08ab-4d3b-4f50-bf21-9a6b63eeb856,C0001166,0.039963883442732225,do_not_contact,0.4,20260921T000216Z,2026-09-21T00:02:18.663389+00:00,2580
fe4af3c1-d08b-4873-ac77-09a0ec2594fe,C0002768,0.039686942645230844,do_not_contact,0.4,20260921T000216Z,2026-09-21T00:02:18.663389+00:00,2581
34c7f3b7-fe26-4afe-a223-f8fdcae2628b,C0001240,0.03961069905962102,do_not_contact,0.4,20260921T000216Z,2026-09-21T00:02:18.663389+00:00,2582
5f3191e2-2a44-4ae8-848a-b45f603b0971,C0001990,0.03959660852961712,do_not_contact,0.4,20260921T000216Z,2026-09-21T00:02:18.663389+00:00,2583
2497aa2a-0454-46ef-b40f-fad1f931015c,C0002810,0.03941770851438247,do_not_contact,0.4,20260921T000216Z,2026-09-21T00:02:18.663389+00:00,2584
a3a99b4d-8760-45e4-8e32-2adc7a20b148,C0001844,0.03936172735504708,do_not_contact,0.4,20260921T000216Z,2026-09-21T00:02:18.663389+00:00,2585
fea6bccc-0107-45dd-9df3-87156419fe56,C0001106,0.03922074051612321,do_not_contact,0.4,20260921T000216Z,2026-09-21T00:02:18.663389+00:00,2586
f37298ad-87af-4744-b78c-b8c82f44ac8f,C0000467,0.03918531646505409,do_not_contact,0.4,20260921T000216Z,2026-09-21T00:02:18.663389+00:00,2587
259cb074-5b4a-433e-9401-acccfb27c04a,C0002258,0.03906478763767066,do_not_contact,0.4,20260921T000216Z,2026-09-21T00:02:18.663389+00:00,2588
741510cb-90ef-4c0a-8304-d41571d76935,C0001883,0.03890568961140444,do_not_contact,0.4,20260921T000216Z,2026-09-21T00:02:18.663389+00:00,2589
c950a5f1-d142-4b81-80ef-5d49992e185e,C0000623,0.0388731150094413,do_not_contact,0.4,20260921T000216Z,2026-09-21T00:02:18.663389+00:00,2590
f45dd5bd-4aae-4163-a843-f66511109a04,C0002144,0.03875881714214939,do_not_contact,0.4,20260921T000216Z,2026-09-21T00:02:18.663389+00:00,2591
6b7b1012-3b5a-4f90-8ebe-704510fe3a77,C0002693,0.03859172400311432,do_not_contact,0.4,20260921T000216Z,2026-09-21T00:02:18.663389+00:00,2592
09af5d79-f5c6-4918-9438-5642a7dec35b,C0001533,0.038522040253657255,do_not_contact,0.4,20260921T000216Z,2026-09-21T00:02:18.663389+00:00,2593
af84a04e-b610-4816-bb9e-ebcb95c5e477,C0002573,0.03833399211226338,do_not_contact,0.4,20260921T000216Z,2026-09-21T00:02:18.663389+00:00,2594
f7fd6f47-3d65-49da-b304-eaa5b812f75c,C0000040,0.038333269821882086,do_not_contact,0.4,20260921T000216Z,2026-09-21T00:02:18.663389+00:00,2595
baed6688-7587-479b-b18c-2e521326675e,C0002654,0.038306463176293444,do_not_contact,0.4,20260921T000216Z,2026-09-21T00:02:18.663389+00:00,2596
90c2ac58-7121-48ac-bb6d-1e708bc1a9d8,C0000891,0.03826054392280294,do_not_contact,0.4,20260921T000216Z,2026-09-21T00:02:18.663389+00:00,2597
57bbba22-0337-47f1-aac0-f5ef1f32249f,C0001775,0.03824161927437691,do_not_contact,0.4,20260921T000216Z,2026-09-21T00:02:18.663389+00:00,2598
2cc549f8-f5d7-4029-899b-d64b79df1bd0,C0002204,0.03823310307478561,do_not_contact,0.4,20260921T000216Z,2026-09-21T00:02:18.663389+00:00,2599
4324f6bb-5f5e-4b01-a20f-20f80c2afa8c,C0000520,0.03813145112484154,do_not_contact,0.4,20260921T000216Z,2026-09-21T00:02:18.663389+00:00,2600
8cb7ed9b-99d2-4d42-a161-fa3cda72a1ee,C0000033,0.03813010885639462,do_not_contact,0.4,20260921T000216Z,2026-09-21T00:02:18.663389+00:00,2601
223b1c34-cca0-4492-9bb4-252691b7bc15,C0001711,0.03808138614442802,do_not_contact,0.4,20260921T000216Z,2026-09-21T00:02:18.663389+00:00,2602
f2d03c19-4532-4a96-b194-4c6565719b7b,C0001902,0.03805742292986315,do_not_contact,0.4,20260921T000216Z,2026-09-21T00:02:18.663389+00:00,2603
14287ddb-a96b-4580-8455-6187d93fce65,C0002091,0.03805166260011562,do_not_contact,0.4,20260921T000216Z,2026-09-21T00:02:18.663389+00:00,2604
ce361a7c-6000-4bc8-b9c0-b876c6adaaa6,C0001390,0.0379621120787077,do_not_contact,0.4,20260921T000216Z,2026-09-21T00:02:18.663389+00:00,2605
19737739-051c-4cc7-a0c3-bc929861c450,C0001896,0.037938509358283704,do_not_contact,0.4,20260921T000216Z,2026-09-21T00:02:18.663389+00:00,2606
8a18393f-e371-46ef-835a-e08992db65f0,C0002919,0.03783044118530619,do_not_contact,0.4,20260921T000216Z,2026-09-21T00:02:18.663389+00:00,2607
ba6db654-797b-4da1-8da9-f8820b3bead7,C0000215,0.03777604871786625,do_not_contact,0.4,20260921T000216Z,2026-09-21T00:02:18.663389+00:00,2608
96e62820-d4a1-45d9-aca4-da80bf9c6ddd,C0001211,0.037748623790796444,do_not_contact,0.4,20260921T000216Z,2026-09-21T00:02:18.663389+00:00,2609
56b73d0b-a0a7-40ab-9ec7-5cf9bcf9a71f,C0001723,0.037719466136253474,do_not_contact,0.4,20260921T000216Z,2026-09-21T00:02:18.663389+00:00,2610
10f65b62-a66c-49aa-903e-032dfdb7889b,C0001613,0.03766509428081193,do_not_contact,0.4,20260921T000216Z,2026-09-21T00:02:18.663389+00:00,2611
10f94d75-f3f4-4180-bce3-552e7c5cb67b,C0002079,0.03763127880546238,do_not_contact,0.4,20260921T000216Z,2026-09-21T00:02:18.663389+00:00,2612
b4daf92e-a0ff-4ba6-bfdb-b764c908160c,C0002885,0.037593820257440395,do_not_contact,0.4,20260921T000216Z,2026-09-21T00:02:18.663389+00:00,2613
3f6cc4db-c056-4b92-9c36-ecfacf869fc1,C0001248,0.037571907579416,do_not_contact,0.4,20260921T000216Z,2026-09-21T00:02:18.663389+00:00,2614
b4d2f3df-42e8-4e2f-bd34-c0ea36dce984,C0002531,0.03752348667664699,do_not_contact,0.4,20260921T000216Z,2026-09-21T00:02:18.663389+00:00,2615
ad3243d7-3f3b-4ada-94c7-c16a9e5c48eb,C0000490,0.03749489811106744,do_not_contact,0.4,20260921T000216Z,2026-09-21T00:02:18.663389+00:00,2616
5683a68a-3e12-4924-9bce-cfc57513a201,C0001763,0.037375556104794996,do_not_contact,0.4,20260921T000216Z,2026-09-21T00:02:18.663389+00:00,2617
238c1603-d0fd-4445-8860-0160d42ff6b0,C0002789,0.03734262858906323,do_not_contact,0.4,20260921T000216Z,2026-09-21T00:02:18.663389+00:00,2618
1463a9cb-e0cf-4fe4-8eeb-3937b10ac868,C0001255,0.03724010842626288,do_not_contact,0.4,20260921T000216Z,2026-09-21T00:02:18.663389+00:00,2619
8599ee26-f0f1-4c75-a840-337d91dbfcee,C0001938,0.037190467801739846,do_not_contact,0.4,20260921T000216Z,2026-09-21T00:02:18.663389+00:00,2620
8c53746e-5a4e-4a3d-9354-0d1851b1d2a6,C0002822,0.037152781138430124,do_not_contact,0.4,20260921T000216Z,2026-09-21T00:02:18.663389+00:00,2621
2525a29a-9eda-4c19-babe-8b6611f03189,C0001260,0.03706119407695636,do_not_contact,0.4,20260921T000216Z,2026-09-21T00:02:18.663389+00:00,2622
a5e825b8-113e-4f15-a096-1d86f3112ff7,C0002820,0.037041891882199696,do_not_contact,0.4,20260921T000216Z,2026-09-21T00:02:18.663389+00:00,2623
e9a3c773-2376-4a8f-bf6d-a27b10329f71,C0000972,0.03688461365433327,do_not_contact,0.4,20260921T000216Z,2026-09-21T00:02:18.663389+00:00,2624
34c86172-66f0-4663-bb7d-6dde8f4b8196,C0000138,0.036867348567424546,do_not_contact,0.4,20260921T000216Z,2026-09-21T00:02:18.663389+00:00,2625
0dc57379-e7c7-4427-85d8-4b751d1fef61,C0002027,0.03674595678433212,do_not_contact,0.4,20260921T000216Z,2026-09-21T00:02:18.663389+00:00,2626
3b21620e-1130-4d16-9d92-cfe8e9a8b4db,C0002444,0.03673916688996893,do_not_contact,0.4,20260921T000216Z,2026-09-21T00:02:18.663389+00:00,2627
fa211e64-d4ab-498a-924d-bcc2dc6d5ac9,C0001258,0.03667452648026176,do_not_contact,0.4,20260921T000216Z,2026-09-21T00:02:18.663389+00:00,2628
bd05a1f4-0d37-485b-b08f-e124348bcf87,C0000502,0.036585337312017456,do_not_contact,0.4,20260921T000216Z,2026-09-21T00:02:18.663389+00:00,2629
bcdd3382-a08a-46f8-80e1-02d39a5a21d7,C0000082,0.03657717204003887,do_not_contact,0.4,20260921T000216Z,2026-09-21T00:02:18.663389+00:00,2630
c6cdabad-180c-41e6-92b0-5ae05022904f,C0000512,0.0365622674282498,do_not_contact,0.4,20260921T000216Z,2026-09-21T00:02:18.663389+00:00,2631
27d4e91c-28c3-40f3-ac0b-3681e72a186d,C0002465,0.03653609263329809,do_not_contact,0.4,20260921T000216Z,2026-09-21T00:02:18.663389+00:00,2632
16929183-5176-4294-9f8f-ba55e569529b,C0000562,0.036465531048769775,do_not_contact,0.4,20260921T000216Z,2026-09-21T00:02:18.663389+00:00,2633
028a717e-361e-474a-a35a-73e2a142226c,C0000717,0.03642575325650242,do_not_contact,0.4,20260921T000216Z,2026-09-21T00:02:18.663389+00:00,2634
2d1a5459-521f-4f51-b5f7-6dee4fefa44f,C0001015,0.03633428758686796,do_not_contact,0.4,20260921T000216Z,2026-09-21T00:02:18.663389+00:00,2635
9b13fb37-dd7e-4e31-ba52-cb3ebb3b6ccd,C0002487,0.03628676176107476,do_not_contact,0.4,20260921T000216Z,2026-09-21T00:02:18.663389+00:00,2636
b564c16d-1380-4bea-ab79-2bb6f28ef9aa,C0002836,0.036269281102442694,do_not_contact,0.4,20260921T000216Z,2026-09-21T00:02:18.663389+00:00,2637
ce120c95-fd00-472a-bd20-15e82806e85f,C0002623,0.03626425363990485,do_not_contact,0.4,20260921T000216Z,2026-09-21T00:02:18.663389+00:00,2638
b5176b7a-911a-4e72-97df-f23a7c560ca7,C0001689,0.03625922580910641,do_not_contact,0.4,20260921T000216Z,2026-09-21T00:02:18.663389+00:00,2639
34be62e3-41ec-4f14-9103-1b78ddb8c276,C0000218,0.03616340561838877,do_not_contact,0.4,20260921T000216Z,2026-09-21T00:02:18.663389+00:00,2640
9a93bc37-0bd6-499b-bdcf-9d9a701b210a,C0001050,0.03613313870104624,do_not_contact,0.4,20260921T000216Z,2026-09-21T00:02:18.663389+00:00,2641
00fc2a05-e807-487f-b932-b1834b205372,C0000589,0.03611585435799854,do_not_contact,0.4,20260921T000216Z,2026-09-21T00:02:18.663389+00:00,2642
15a0df11-568b-4d0a-a5e1-16557efbf545,C0000974,0.035983713718377185,do_not_contact,0.4,20260921T000216Z,2026-09-21T00:02:18.663389+00:00,2643
8340860d-d08c-4357-b841-4b63b589a2af,C0001728,0.03595209436598327,do_not_contact,0.4,20260921T000216Z,2026-09-21T00:02:18.663389+00:00,2644
cd4fefbb-4934-4d1d-8a84-1ae1a91d1b5e,C0000488,0.03590636437117466,do_not_contact,0.4,20260921T000216Z,2026-09-21T00:02:18.663389+00:00,2645
dcb53d3f-d1eb-441b-918f-aedc3f14257a,C0002310,0.035877806175448904,do_not_contact,0.4,20260921T000216Z,2026-09-21T00:02:18.663389+00:00,2646
44324a01-be5e-479d-8a63-a3731b67fbcc,C0002708,0.03584665351601365,do_not_contact,0.4,20260921T000216Z,2026-09-21T00:02:18.663389+00:00,2647
3dc20dac-7f24-47bc-9e15-3b358cfcec4d,C0000102,0.035784522225846584,do_not_contact,0.4,20260921T000216Z,2026-09-21T00:02:18.663389+00:00,2648
025117cd-1da7-41c0-87b5-2a195b790ebd,C0000853,0.03577104278198091,do_not_contact,0.4,20260921T000216Z,2026-09-21T00:02:18.663389+00:00,2649
e1fba0dd-47a7-443d-b94c-ef3c9969e34c,C0000503,0.03553630983952545,do_not_contact,0.4,20260921T000216Z,2026-09-21T00:02:18.663389+00:00,2650
6b7716a1-2895-426d-8734-d1d1e92ea04c,C0002239,0.035524627688081664,do_not_contact,0.4,20260921T000216Z,2026-09-21T00:02:18.663389+00:00,2651
aa2ceed6-c385-4e52-8abd-8e0ce3cfa377,C0001328,0.03552147637274484,do_not_contact,0.4,20260921T000216Z,2026-09-21T00:02:18.663389+00:00,2652
eeb6d611-78d3-4f50-9609-5e3a33705f53,C0000947,0.035480474639348475,do_not_contact,0.4,20260921T000216Z,2026-09-21T00:02:18.663389+00:00,2653
2f06eb91-8d37-428e-9d6c-818ad124cee1,C0002839,0.03538293218195456,do_not_contact,0.4,20260921T000216Z,2026-09-21T00:02:18.663389+00:00,2654
cbbb02ce-d497-48e6-b14d-88761661acfa,C0001901,0.03534989949865792,do_not_contact,0.4,20260921T000216Z,2026-09-21T00:02:18.663389+00:00,2655
6d44e0bf-b639-4752-a96e-774d661195b2,C0001119,0.0352670345998617,do_not_contact,0.4,20260921T000216Z,2026-09-21T00:02:18.663389+00:00,2656
82809021-8fc3-4624-a403-e9c21f541388,C0001951,0.03518971404252184,do_not_contact,0.4,20260921T000216Z,2026-09-21T00:02:18.663389+00:00,2657
467da312-7071-44db-a2a1-25b00f5d3b9d,C0002965,0.0350406135627913,do_not_contact,0.4,20260921T000216Z,2026-09-21T00:02:18.663389+00:00,2658
25a2f49f-ab57-4ac5-9d9b-5ba13eb0b739,C0001572,0.03493575296489823,do_not_contact,0.4,20260921T000216Z,2026-09-21T00:02:18.663389+00:00,2659
89316226-81e9-4b49-9b81-33e4b90d950a,C0002932,0.034827376852685867,do_not_contact,0.4,20260921T000216Z,2026-09-21T00:02:18.663389+00:00,2660
b86c08d7-a6dc-48f4-9055-a119ba318360,C0000239,0.03455431921610443,do_not_contact,0.4,20260921T000216Z,2026-09-21T00:02:18.663389+00:00,2661
670e26da-2524-4732-a3b3-64362851a3f2,C0000419,0.0345434474753429,do_not_contact,0.4,20260921T000216Z,2026-09-21T00:02:18.663389+00:00,2662
689c7c4e-7d47-4ea0-b85a-d7ba604e1cd8,C0001468,0.03440187408117405,do_not_contact,0.4,20260921T000216Z,2026-09-21T00:02:18.663389+00:00,2663
831fe9d2-93ac-4d56-8758-033f73a60663,C0000539,0.03434005227992716,do_not_contact,0.4,20260921T000216Z,2026-09-21T00:02:18.663389+00:00,2664
b89438f9-33b3-4c43-a980-f08e6c865b22,C0001940,0.03416645204943956,do_not_contact,0.4,20260921T000216Z,2026-09-21T00:02:18.663389+00:00,2665
dedd987b-e23d-492b-93e6-e5aee5f80e4d,C0002756,0.034160043640324655,do_not_contact,0.4,20260921T000216Z,2026-09-21T00:02:18.663389+00:00,2666
5b811e4a-71d6-4edd-b4ef-61726d337f1f,C0002112,0.03410185832727263,do_not_contact,0.4,20260921T000216Z,2026-09-21T00:02:18.663389+00:00,2667
f9c3f054-5231-4a6a-ab81-a20075109185,C0002553,0.03407563067822823,do_not_contact,0.4,20260921T000216Z,2026-09-21T00:02:18.663389+00:00,2668
f4962113-9047-4ac0-85b7-7df8d59ecfd6,C0002990,0.03388359717335127,do_not_contact,0.4,20260921T000216Z,2026-09-21T00:02:18.663389+00:00,2669
6614dc83-791d-4aa0-bef9-1c0d0132f498,C0001874,0.03385035085059163,do_not_contact,0.4,20260921T000216Z,2026-09-21T00:02:18.663389+00:00,2670
94e3c291-c8e7-49a4-85dd-bbb09db0f864,C0002141,0.03377374062575409,do_not_contact,0.4,20260921T000216Z,2026-09-21T00:02:18.663389+00:00,2671
048b046c-5579-41b7-9d03-fac9cede241f,C0001301,0.03351790775981182,do_not_contact,0.4,20260921T000216Z,2026-09-21T00:02:18.663389+00:00,2672
1fbf6b68-fef4-45b4-8eed-e58520844792,C0002080,0.033338972789084466,do_not_contact,0.4,20260921T000216Z,2026-09-21T00:02:18.663389+00:00,2673
9b4ddf11-dc62-49c7-a0d1-ba73a97cc85d,C0000664,0.03308941999779474,do_not_contact,0.4,20260921T000216Z,2026-09-21T00:02:18.663389+00:00,2674
f604082f-626e-4787-95be-650d7ce26e76,C0001026,0.03289506946806574,do_not_contact,0.4,20260921T000216Z,2026-09-21T00:02:18.663389+00:00,2675
3df7239d-2bb3-4774-ade0-7b5f1c3533af,C0002715,0.032893662553923377,do_not_contact,0.4,20260921T000216Z,2026-09-21T00:02:18.663389+00:00,2676
53b11ade-d4e9-4f1b-b61e-e337d70ea9f2,C0002290,0.032880339741824215,do_not_contact,0.4,20260921T000216Z,2026-09-21T00:02:18.663389+00:00,2677
24e86e44-85a5-406f-9a53-c23d9e99d111,C0000981,0.032876201110614005,do_not_contact,0.4,20260921T000216Z,2026-09-21T00:02:18.663389+00:00,2678
081255d2-06d7-4588-897d-933565aa46ba,C0002564,0.032866323903962866,do_not_contact,0.4,20260921T000216Z,2026-09-21T00:02:18.663389+00:00,2679
0f8b6039-9f11-4e90-a902-c14fcfa6b0ac,C0001835,0.032862245721304195,do_not_contact,0.4,20260921T000216Z,2026-09-21T00:02:18.663389+00:00,2680
94145a0a-405d-4bdd-a518-fc9e5ba20b27,C0000006,0.03279174670226848,do_not_contact,0.4,20260921T000216Z,2026-09-21T00:02:18.663389+00:00,2681
1132c8b0-9323-4a25-b524-bbfab9ff94db,C0000497,0.03276102711940941,do_not_contact,0.4,20260921T000216Z,2026-09-21T00:02:18.663389+00:00,2682
dba7ad7b-e30b-4d10-a2a9-5ad2abe15f40,C0002305,0.03275528077005676,do_not_contact,0.4,20260921T000216Z,2026-09-21T00:02:18.663389+00:00,2683
ab8ce4db-fa9f-420c-9c80-58d91f4f5233,C0001496,0.03265649470820706,do_not_contact,0.4,20260921T000216Z,2026-09-21T00:02:18.663389+00:00,2684
ff1c2375-6891-4d85-8ed5-69fd602809ae,C0000882,0.03232162963552013,do_not_contact,0.4,20260921T000216Z,2026-09-21T00:02:18.663389+00:00,2685
07ed2a4f-c226-4859-865a-dfd335399a33,C0000002,0.032274001345757,do_not_contact,0.4,20260921T000216Z,2026-09-21T00:02:18.663389+00:00,2686
25204ff1-f09f-4085-a0d5-e18ae5a27e1e,C0000801,0.0322729131982033,do_not_contact,0.4,20260921T000216Z,2026-09-21T00:02:18.663389+00:00,2687
479baa7b-0b39-4ea6-a355-46a6fc3a8ede,C0000166,0.032252825435718155,do_not_contact,0.4,20260921T000216Z,2026-09-21T00:02:18.663389+00:00,2688
06f45e44-5585-40ce-8eb7-50ddd2922ab6,C0002086,0.03219601657425587,do_not_contact,0.4,20260921T000216Z,2026-09-21T00:02:18.663389+00:00,2689
c0a49f2c-3f54-450a-85df-28d49cdde5c1,C0000754,0.03217715706212587,do_not_contact,0.4,20260921T000216Z,2026-09-21T00:02:18.663389+00:00,2690
d1d1c1cc-3953-4b59-b76b-497720052c92,C0002791,0.03201545448074209,do_not_contact,0.4,20260921T000216Z,2026-09-21T00:02:18.663389+00:00,2691
8fa1385b-ea3b-45d3-9e8d-a3751eacb09a,C0000038,0.032007360363645446,do_not_contact,0.4,20260921T000216Z,2026-09-21T00:02:18.663389+00:00,2692
369d04a2-601e-4d7a-847f-fd7d90752a22,C0001996,0.032002405007793264,do_not_contact,0.4,20260921T000216Z,2026-09-21T00:02:18.663389+00:00,2693
9d6754c4-1484-4523-b8bd-3884e23c836c,C0001419,0.03183335620919853,do_not_contact,0.4,20260921T000216Z,2026-09-21T00:02:18.663389+00:00,2694
2827d11b-208d-4e19-977e-dd9a0e1ff575,C0000888,0.03176080077947411,do_not_contact,0.4,20260921T000216Z,2026-09-21T00:02:18.663389+00:00,2695
0e754aed-fad6-4296-9da7-68856e3d0802,C0000107,0.03170923045459488,do_not_contact,0.4,20260921T000216Z,2026-09-21T00:02:18.663389+00:00,2696
342126ae-8328-423d-a8f3-a3966d70670e,C0000811,0.03168890061010167,do_not_contact,0.4,20260921T000216Z,2026-09-21T00:02:18.663389+00:00,2697
20471dab-d865-4b2c-a35c-dac2ad13c2a9,C0001086,0.03150322537847634,do_not_contact,0.4,20260921T000216Z,2026-09-21T00:02:18.663389+00:00,2698
696bc3ad-10e6-4b60-a62c-d174a1913fe9,C0001980,0.03135487302073475,do_not_contact,0.4,20260921T000216Z,2026-09-21T00:02:18.663389+00:00,2699
f8574749-75e5-464a-baa9-935dc629e870,C0001947,0.03134254142698136,do_not_contact,0.4,20260921T000216Z,2026-09-21T00:02:18.663389+00:00,2700
f39b77d5-7c68-4432-929e-c79e91331547,C0001340,0.03128234249508624,do_not_contact,0.4,20260921T000216Z,2026-09-21T00:02:18.663389+00:00,2701
94dd2306-1641-4012-8e3a-e500cff2f170,C0001786,0.03122794867079543,do_not_contact,0.4,20260921T000216Z,2026-09-21T00:02:18.663389+00:00,2702
149fa8f6-117b-42ca-aa0b-b0f7c4279f6e,C0000456,0.031194847573327,do_not_contact,0.4,20260921T000216Z,2026-09-21T00:02:18.663389+00:00,2703
bd268b56-2f6e-4bad-824f-ea836d71b175,C0002787,0.03106230651792427,do_not_contact,0.4,20260921T000216Z,2026-09-21T00:02:18.663389+00:00,2704
56f4b7e1-90b4-4901-92d8-ebed50083d20,C0001386,0.030999553252132963,do_not_contact,0.4,20260921T000216Z,2026-09-21T00:02:18.663389+00:00,2705
d5a7d6a2-dbec-44d5-837b-2e179c334e62,C0000960,0.030936726584488535,do_not_contact,0.4,20260921T000216Z,2026-09-21T00:02:18.663389+00:00,2706
858666f4-b019-45b0-a416-ca450f7c42d9,C0000910,0.03088269438000121,do_not_contact,0.4,20260921T000216Z,2026-09-21T00:02:18.663389+00:00,2707
78e9bf61-02ea-4453-b972-338bbdf7631d,C0002640,0.030834669426622285,do_not_contact,0.4,20260921T000216Z,2026-09-21T00:02:18.663389+00:00,2708
771ec1e2-165c-4ac1-ac8d-9a138c62c448,C0001585,0.030743061934529053,do_not_contact,0.4,20260921T000216Z,2026-09-21T00:02:18.663389+00:00,2709
be7096cf-bc88-43ef-9d47-cc4d02bac463,C0002730,0.030627826979329347,do_not_contact,0.4,20260921T000216Z,2026-09-21T00:02:18.663389+00:00,2710
693ea85b-831b-4a71-8991-a67e93ae8b22,C0000800,0.030224602198418826,do_not_contact,0.4,20260921T000216Z,2026-09-21T00:02:18.663389+00:00,2711
607967c0-f185-479f-b5ff-7b7f94a5c97e,C0000555,0.030124401448401523,do_not_contact,0.4,20260921T000216Z,2026-09-21T00:02:18.663389+00:00,2712
d51c6c93-5928-496b-a7a7-cbd123023e30,C0001174,0.030080991447453697,do_not_contact,0.4,20260921T000216Z,2026-09-21T00:02:18.663389+00:00,2713
2f928f0b-6b14-433e-9d2a-7e3ed37d09b0,C0000158,0.029891207899999495,do_not_contact,0.4,20260921T000216Z,2026-09-21T00:02:18.663389+00:00,2714
3ee7ec0f-c13f-4689-adb4-1118efc25708,C0001368,0.029743462612068398,do_not_contact,0.4,20260921T000216Z,2026-09-21T00:02:18.663389+00:00,2715
05bc466c-8240-4695-bcd6-d6083196f15d,C0000575,0.02955114682190768,do_not_contact,0.4,20260921T000216Z,2026-09-21T00:02:18.663389+00:00,2716
68cac30a-3681-4192-a4d5-e07779db8836,C0001696,0.029466221894939488,do_not_contact,0.4,20260921T000216Z,2026-09-21T00:02:18.663389+00:00,2717
8ec874ee-119a-47c9-b48d-ded983ebcb79,C0002413,0.02944538392453778,do_not_contact,0.4,20260921T000216Z,2026-09-21T00:02:18.663389+00:00,2718
1562c4c7-a981-446d-a694-69ac1962e756,C0001049,0.029395903131515348,do_not_contact,0.4,20260921T000216Z,2026-09-21T00:02:18.663389+00:00,2719
9f25403e-fe6d-475f-b899-0a4bb57dfe49,C0001082,0.029361883061320235,do_not_contact,0.4,20260921T000216Z,2026-09-21T00:02:18.663389+00:00,2720
c87e467d-cf00-4735-9961-0d26c7496385,C0000237,0.029341147527340555,do_not_contact,0.4,20260921T000216Z,2026-09-21T00:02:18.663389+00:00,2721
970dbfa6-ead6-4e1f-8f99-ff52b78f41a4,C0001409,0.029336394137603496,do_not_contact,0.4,20260921T000216Z,2026-09-21T00:02:18.663389+00:00,2722
069b0d6b-96c8-4e75-9ea7-cfc86d71a941,C0001944,0.029261091826413455,do_not_contact,0.4,20260921T000216Z,2026-09-21T00:02:18.663389+00:00,2723
22188626-85eb-4854-860d-37d5c2d2f81b,C0000123,0.029190007556315508,do_not_contact,0.4,20260921T000216Z,2026-09-21T00:02:18.663389+00:00,2724
2a82aa00-e11e-4b02-bac6-c630dd0d22f6,C0000546,0.029105344391195786,do_not_contact,0.4,20260921T000216Z,2026-09-21T00:02:18.663389+00:00,2725
a1e0d683-6964-4af3-b9b4-8bf1c6f6ff71,C0001445,0.029105130388747413,do_not_contact,0.4,20260921T000216Z,2026-09-21T00:02:18.663389+00:00,2726
5a899a23-5471-4243-a7b6-f042e9cfd1b8,C0002352,0.02910330231462482,do_not_contact,0.4,20260921T000216Z,2026-09-21T00:02:18.663389+00:00,2727
aa58bc69-bdcf-45fb-ba49-a636810e87ee,C0001690,0.029031617087112545,do_not_contact,0.4,20260921T000216Z,2026-09-21T00:02:18.663389+00:00,2728
1b09ea81-c7f4-4612-a9f3-850bfdfe8b77,C0001289,0.02900230295197325,do_not_contact,0.4,20260921T000216Z,2026-09-21T00:02:18.663389+00:00,2729
23db1ac0-23ec-4478-82c3-bdd327e3b4bc,C0001792,0.028937411901353197,do_not_contact,0.4,20260921T000216Z,2026-09-21T00:02:18.663389+00:00,2730
77bd6050-1359-4576-aa7b-adb4f7620872,C0002709,0.028921063585533528,do_not_contact,0.4,20260921T000216Z,2026-09-21T00:02:18.663389+00:00,2731
c4ced1b6-0dc2-4ac8-b736-f188131eaebe,C0002054,0.028905960188817095,do_not_contact,0.4,20260921T000216Z,2026-09-21T00:02:18.663389+00:00,2732
219d6d77-67d7-4aef-b4ad-997ef9aa3a6c,C0002052,0.028893883390936133,do_not_contact,0.4,20260921T000216Z,2026-09-21T00:02:18.663389+00:00,2733
74aef81e-0d39-4ae7-ac15-1dc298afb323,C0000257,0.02885117417613602,do_not_contact,0.4,20260921T000216Z,2026-09-21T00:02:18.663389+00:00,2734
492eca2e-b09d-4cf8-9049-126504d9e50e,C0002095,0.02878676826365037,do_not_contact,0.4,20260921T000216Z,2026-09-21T00:02:18.663389+00:00,2735
ca8f49df-1e3c-4c9a-a2c7-644d6eee5607,C0002763,0.02878179172691369,do_not_contact,0.4,20260921T000216Z,2026-09-21T00:02:18.663389+00:00,2736
204d20db-f2a3-4602-a465-8b323c60a4ed,C0000255,0.02875662782355961,do_not_contact,0.4,20260921T000216Z,2026-09-21T00:02:18.663389+00:00,2737
8786a5e6-34e5-4610-a91f-e66f37b7935e,C0002595,0.028735623783797827,do_not_contact,0.4,20260921T000216Z,2026-09-21T00:02:18.663389+00:00,2738
f6b8fd69-22af-4170-9a75-f8f1fff96046,C0000602,0.02872561531958486,do_not_contact,0.4,20260921T000216Z,2026-09-21T00:02:18.663389+00:00,2739
98e3a8b8-790a-4d14-9fdc-2c9001e1aafb,C0001229,0.028636114196652695,do_not_contact,0.4,20260921T000216Z,2026-09-21T00:02:18.663389+00:00,2740
90509eee-a9ff-46c5-860e-2a2d4e02cd83,C0000274,0.02860977224937743,do_not_contact,0.4,20260921T000216Z,2026-09-21T00:02:18.663389+00:00,2741
6575e709-d460-4607-81cf-8b2a90761d96,C0000399,0.02860640633251129,do_not_contact,0.4,20260921T000216Z,2026-09-21T00:02:18.663389+00:00,2742
0bdc0acb-b10f-4263-91e6-55c50e1047c2,C0002873,0.02842055684048027,do_not_contact,0.4,20260921T000216Z,2026-09-21T00:02:18.663389+00:00,2743
876d066f-cb72-419e-8370-5f25c06ede41,C0001103,0.02841080134111034,do_not_contact,0.4,20260921T000216Z,2026-09-21T00:02:18.663389+00:00,2744
d0c64d0f-197e-4c94-8f11-ed64ea515d78,C0002809,0.028406687902989437,do_not_contact,0.4,20260921T000216Z,2026-09-21T00:02:18.663389+00:00,2745
6d46306d-51f7-44ac-a3e2-f0b23a5ed8d6,C0002842,0.02836505167848495,do_not_contact,0.4,20260921T000216Z,2026-09-21T00:02:18.663389+00:00,2746
e401c73e-b367-4a72-8737-137a02e46dc6,C0002677,0.028215862910767383,do_not_contact,0.4,20260921T000216Z,2026-09-21T00:02:18.663389+00:00,2747
22a2b8c4-41eb-4830-8912-8e8abb624a9e,C0002866,0.028197414788667764,do_not_contact,0.4,20260921T000216Z,2026-09-21T00:02:18.663389+00:00,2748
d15c34c4-8e30-4ab0-9952-69c8eed5fd1b,C0000553,0.02815309776341659,do_not_contact,0.4,20260921T000216Z,2026-09-21T00:02:18.663389+00:00,2749
54d72656-5e60-4521-be1a-dde654575ad9,C0001780,0.028015473115358208,do_not_contact,0.4,20260921T000216Z,2026-09-21T00:02:18.663389+00:00,2750
2c8f86a5-ca62-4f46-afd6-8167fdf2ee06,C0000072,0.02801123474687329,do_not_contact,0.4,20260921T000216Z,2026-09-21T00:02:18.663389+00:00,2751
193d51e0-5256-435d-8039-57bc7ed64f78,C0000731,0.027984554628964993,do_not_contact,0.4,20260921T000216Z,2026-09-21T00:02:18.663389+00:00,2752
bf7d67c9-3b97-402a-8583-677634568ba4,C0001674,0.027969541972380985,do_not_contact,0.4,20260921T000216Z,2026-09-21T00:02:18.663389+00:00,2753
46a8670e-7e17-4869-a001-f968234a17f8,C0000714,0.027930565031077728,do_not_contact,0.4,20260921T000216Z,2026-09-21T00:02:18.663389+00:00,2754
d9b0c3f6-943b-4e78-8dba-c9806820252b,C0001060,0.027892761822940426,do_not_contact,0.4,20260921T000216Z,2026-09-21T00:02:18.663389+00:00,2755
45078573-b214-42f7-a080-e3bf37ffabcd,C0000059,0.02785293906765703,do_not_contact,0.4,20260921T000216Z,2026-09-21T00:02:18.663389+00:00,2756
fee2228c-12f0-4f4e-8239-eecd608ec08e,C0000305,0.027797224187821847,do_not_contact,0.4,20260921T000216Z,2026-09-21T00:02:18.663389+00:00,2757
4229ad96-013b-4c77-9365-69667d49e66d,C0000047,0.027722750527459906,do_not_contact,0.4,20260921T000216Z,2026-09-21T00:02:18.663389+00:00,2758
a2c27726-6b8e-406c-bc72-419e8fad62c2,C0000791,0.027600213919139853,do_not_contact,0.4,20260921T000216Z,2026-09-21T00:02:18.663389+00:00,2759
50ee90db-125f-4482-851b-c48c190f380b,C0000192,0.027541854194237943,do_not_contact,0.4,20260921T000216Z,2026-09-21T00:02:18.663389+00:00,2760
2df622fe-6e9a-4705-95b9-10f648a0151b,C0002951,0.027489431602194213,do_not_contact,0.4,20260921T000216Z,2026-09-21T00:02:18.663389+00:00,2761
b0e33588-6656-42e4-a69d-d1a264c8cca5,C0001142,0.027350091803639252,do_not_contact,0.4,20260921T000216Z,2026-09-21T00:02:18.663389+00:00,2762
c444ec7f-ba41-4f14-af69-195501df8942,C0001125,0.027308373434654597,do_not_contact,0.4,20260921T000216Z,2026-09-21T00:02:18.663389+00:00,2763
7fa2634d-ef37-45ac-9fc2-dcc61f71189d,C0002106,0.027298746685617693,do_not_contact,0.4,20260921T000216Z,2026-09-21T00:02:18.663389+00:00,2764
220f588b-becd-4550-a488-33091afd62b2,C0002858,0.02725376619791803,do_not_contact,0.4,20260921T000216Z,2026-09-21T00:02:18.663389+00:00,2765
1b71e65f-29f7-4b53-a752-b699ae1cadd2,C0000331,0.026999643120821766,do_not_contact,0.4,20260921T000216Z,2026-09-21T00:02:18.663389+00:00,2766
93837671-d7b6-4cec-80d2-e6555d25f396,C0002227,0.026880216430418356,do_not_contact,0.4,20260921T000216Z,2026-09-21T00:02:18.663389+00:00,2767
98ddfbc1-95b9-45a7-8087-1460adf1581c,C0000365,0.026855060138965613,do_not_contact,0.4,20260921T000216Z,2026-09-21T00:02:18.663389+00:00,2768
9ca8835a-a590-49b9-a9f2-284afa9db318,C0002525,0.026846872914388784,do_not_contact,0.4,20260921T000216Z,2026-09-21T00:02:18.663389+00:00,2769
58d8cb0e-2553-4d06-8099-93b71789ba4c,C0000733,0.02681086533806873,do_not_contact,0.4,20260921T000216Z,2026-09-21T00:02:18.663389+00:00,2770
5fcb01af-5f29-4b08-a79d-5e69999c16c4,C0001016,0.026726245720762203,do_not_contact,0.4,20260921T000216Z,2026-09-21T00:02:18.663389+00:00,2771
da09e572-6e30-4042-b7c2-13c9a15cc4c2,C0000614,0.026711494733900134,do_not_contact,0.4,20260921T000216Z,2026-09-21T00:02:18.663389+00:00,2772
b9a07d40-b89f-4858-8db0-08fcc765b190,C0000474,0.026602858209116644,do_not_contact,0.4,20260921T000216Z,2026-09-21T00:02:18.663389+00:00,2773
76fee833-1c98-425b-99af-844ee239df57,C0001527,0.026504522918214594,do_not_contact,0.4,20260921T000216Z,2026-09-21T00:02:18.663389+00:00,2774
5adacd00-4fd3-4f21-b1e7-89b5071ff2ae,C0000332,0.02642112073781519,do_not_contact,0.4,20260921T000216Z,2026-09-21T00:02:18.663389+00:00,2775
72d102cc-458c-4664-9816-661b98905918,C0000732,0.026150629351297836,do_not_contact,0.4,20260921T000216Z,2026-09-21T00:02:18.663389+00:00,2776
7c1d73e5-d37b-4b00-a12d-e3a927293c6a,C0002060,0.02611299095561363,do_not_contact,0.4,20260921T000216Z,2026-09-21T00:02:18.663389+00:00,2777
0eb8adc1-ec53-446a-bc99-d273838aa852,C0000670,0.026012357987264433,do_not_contact,0.4,20260921T000216Z,2026-09-21T00:02:18.663389+00:00,2778
ba0a2960-6b33-4fbe-ba4e-ddaf20a018f0,C0002958,0.025964202607466288,do_not_contact,0.4,20260921T000216Z,2026-09-21T00:02:18.663389+00:00,2779
6578a5e1-bc80-4134-b983-beae39ab5759,C0002225,0.025918833269399866,do_not_contact,0.4,20260921T000216Z,2026-09-21T00:02:18.663389+00:00,2780
c761ca80-0796-44e7-a4e5-dcd08aac9f1e,C0002000,0.025871686136538345,do_not_contact,0.4,20260921T000216Z,2026-09-21T00:02:18.663389+00:00,2781
f9ed9deb-cecf-46d6-9ba0-7578efc81946,C0002412,0.025870426053895116,do_not_contact,0.4,20260921T000216Z,2026-09-21T00:02:18.663389+00:00,2782
aa62f441-def7-45db-a1cd-209f6d096069,C0001853,0.025863613093996353,do_not_contact,0.4,20260921T000216Z,2026-09-21T00:02:18.663389+00:00,2783
ae7e4ed5-2464-4500-be11-2f908d5736c3,C0002252,0.025834584500358308,do_not_contact,0.4,20260921T000216Z,2026-09-21T00:02:18.663389+00:00,2784
1c1b659d-47db-45b6-bc71-209ced88cebb,C0000967,0.025736873083720205,do_not_contact,0.4,20260921T000216Z,2026-09-21T00:02:18.663389+00:00,2785
2aed76ee-6f3c-4edc-b85c-ed4f1c9e5670,C0000169,0.025732116133729107,do_not_contact,0.4,20260921T000216Z,2026-09-21T00:02:18.663389+00:00,2786
0e273ede-245a-414f-9457-4e6b4e73e345,C0000552,0.025661093890806768,do_not_contact,0.4,20260921T000216Z,2026-09-21T00:02:18.663389+00:00,2787
cd518453-604d-48c5-97d8-fe95ef9b4c1b,C0000903,0.025601747096762537,do_not_contact,0.4,20260921T000216Z,2026-09-21T00:02:18.663389+00:00,2788
cedfde7a-e040-40d6-8c1d-273d4a109b33,C0000921,0.025522649781009422,do_not_contact,0.4,20260921T000216Z,2026-09-21T00:02:18.663389+00:00,2789
4ab3160a-d973-4267-ad41-7e5f99e3c1df,C0002425,0.025399861418304248,do_not_contact,0.4,20260921T000216Z,2026-09-21T00:02:18.663389+00:00,2790
25e45873-1a8b-4783-a668-a8f515863166,C0002946,0.02539834428936291,do_not_contact,0.4,20260921T000216Z,2026-09-21T00:02:18.663389+00:00,2791
89834011-7ed6-4679-8287-3bc7d220f415,C0002987,0.02530832258581481,do_not_contact,0.4,20260921T000216Z,2026-09-21T00:02:18.663389+00:00,2792
113a71a3-380f-41a8-979e-1595b1e96a15,C0000558,0.0252788305614314,do_not_contact,0.4,20260921T000216Z,2026-09-21T00:02:18.663389+00:00,2793
19e3e921-dd70-43e9-91e4-925c053fd4b2,C0001501,0.025025158314663853,do_not_contact,0.4,20260921T000216Z,2026-09-21T00:02:18.663389+00:00,2794
73265a88-0fc6-43b3-842b-ba4adf74f84d,C0001263,0.02499203345077832,do_not_contact,0.4,20260921T000216Z,2026-09-21T00:02:18.663389+00:00,2795
bd92484b-f322-45ee-8334-c476a0802c91,C0002755,0.024887338929729247,do_not_contact,0.4,20260921T000216Z,2026-09-21T00:02:18.663389+00:00,2796
d6bbe085-c538-42a5-8423-b27eab08ae9d,C0000806,0.024773510860650515,do_not_contact,0.4,20260921T000216Z,2026-09-21T00:02:18.663389+00:00,2797
4aa91ccb-13b6-4e73-a67b-f1498faf2e8b,C0001567,0.024748174082565664,do_not_contact,0.4,20260921T000216Z,2026-09-21T00:02:18.663389+00:00,2798
c6ed206c-142e-4c3f-8ee7-4a26314bd194,C0000991,0.024643255882426024,do_not_contact,0.4,20260921T000216Z,2026-09-21T00:02:18.663389+00:00,2799
b51b659a-d269-4e85-a9a4-12382f550c26,C0002329,0.024592829164783267,do_not_contact,0.4,20260921T000216Z,2026-09-21T00:02:18.663389+00:00,2800
bbda97a2-7a26-4003-b762-bfef2af7b09c,C0001536,0.024570558907342506,do_not_contact,0.4,20260921T000216Z,2026-09-21T00:02:18.663389+00:00,2801
84b91a54-945a-40c3-8d56-a841d937999c,C0001991,0.024528795438472355,do_not_contact,0.4,20260921T000216Z,2026-09-21T00:02:18.663389+00:00,2802
3125c766-9a9a-431e-b685-5a761a3fc9ac,C0000594,0.024479989586701778,do_not_contact,0.4,20260921T000216Z,2026-09-21T00:02:18.663389+00:00,2803
1ec1755a-bd1b-40cf-8719-ad4820bbb5f5,C0000009,0.02439758337357685,do_not_contact,0.4,20260921T000216Z,2026-09-21T00:02:18.663389+00:00,2804
6c1a538b-4c5e-4226-a479-1e48c809e0d0,C0002764,0.024060701203218106,do_not_contact,0.4,20260921T000216Z,2026-09-21T00:02:18.663389+00:00,2805
30bd6c6c-5e7d-4a37-8934-bd49b7e127c7,C0000907,0.023860866906470272,do_not_contact,0.4,20260921T000216Z,2026-09-21T00:02:18.663389+00:00,2806
c1c32af8-39b0-4ba1-b617-78eb423bedf4,C0002193,0.023834802370355013,do_not_contact,0.4,20260921T000216Z,2026-09-21T00:02:18.663389+00:00,2807
97c2d87c-0b38-4c1d-982d-93dd81425d3d,C0001055,0.023601030620014802,do_not_contact,0.4,20260921T000216Z,2026-09-21T00:02:18.663389+00:00,2808
e5550543-88b8-4437-a7c9-d85ad40d2a10,C0002952,0.0235681546883211,do_not_contact,0.4,20260921T000216Z,2026-09-21T00:02:18.663389+00:00,2809
7fb1daf1-3e52-4f9b-9a26-a65c6506d5cd,C0002336,0.023531685989136682,do_not_contact,0.4,20260921T000216Z,2026-09-21T00:02:18.663389+00:00,2810
3c1aeeab-f884-4fe6-9ab8-a9585234f248,C0000706,0.02349335312662966,do_not_contact,0.4,20260921T000216Z,2026-09-21T00:02:18.663389+00:00,2811
07601d23-5064-44f5-85aa-5da35313a726,C0000605,0.023473558784047843,do_not_contact,0.4,20260921T000216Z,2026-09-21T00:02:18.663389+00:00,2812
544aeeac-2391-45c0-85fa-6a6fb70da945,C0000221,0.02342978787088059,do_not_contact,0.4,20260921T000216Z,2026-09-21T00:02:18.663389+00:00,2813
3ac673ff-9239-4be6-84c5-19a1aed757ef,C0000070,0.02335459114108373,do_not_contact,0.4,20260921T000216Z,2026-09-21T00:02:18.663389+00:00,2814
aae6af12-c42b-4a0b-ba0b-cd00907ed546,C0001715,0.023339031139390908,do_not_contact,0.4,20260921T000216Z,2026-09-21T00:02:18.663389+00:00,2815
b12e629d-0cfc-449d-9573-b954c436fffa,C0001571,0.02318922843767485,do_not_contact,0.4,20260921T000216Z,2026-09-21T00:02:18.663389+00:00,2816
b74ae55b-7de7-4eb0-90cf-9c1a0af02542,C0002192,0.02316848445369683,do_not_contact,0.4,20260921T000216Z,2026-09-21T00:02:18.663389+00:00,2817
fa163a01-fb44-4846-8395-a9bb66617e2f,C0002988,0.023078920068378056,do_not_contact,0.4,20260921T000216Z,2026-09-21T00:02:18.663389+00:00,2818
132cdc3a-c07e-405d-a238-c4c247b0f841,C0000851,0.022877375542077496,do_not_contact,0.4,20260921T000216Z,2026-09-21T00:02:18.663389+00:00,2819
f3e48def-4962-4ccc-a74d-a41b9950d746,C0002485,0.022584380667767426,do_not_contact,0.4,20260921T000216Z,2026-09-21T00:02:18.663389+00:00,2820
88fc7443-008d-4dd9-8600-9e3d0d5b901e,C0000148,0.02251970204861058,do_not_contact,0.4,20260921T000216Z,2026-09-21T00:02:18.663389+00:00,2821
d36cc3da-04c3-431b-9a9f-32e4c4b27dd7,C0002995,0.02250516160962622,do_not_contact,0.4,20260921T000216Z,2026-09-21T00:02:18.663389+00:00,2822
107c3fe1-23ec-4572-85c2-73ad16bdc2d2,C0002083,0.022470652650760307,do_not_contact,0.4,20260921T000216Z,2026-09-21T00:02:18.663389+00:00,2823
831016cd-8960-45b5-a4ae-98db2e87f601,C0000117,0.0223475786657748,do_not_contact,0.4,20260921T000216Z,2026-09-21T00:02:18.663389+00:00,2824
09a72e15-c043-4ff8-b45a-65ec39a7e55b,C0000768,0.0222910117510593,do_not_contact,0.4,20260921T000216Z,2026-09-21T00:02:18.663389+00:00,2825
c8446aa9-931c-428a-aae7-6eff590d240e,C0001214,0.022248744632578088,do_not_contact,0.4,20260921T000216Z,2026-09-21T00:02:18.663389+00:00,2826
4957831c-3968-43cf-a3db-5550f14daa35,C0000827,0.022219982329510193,do_not_contact,0.4,20260921T000216Z,2026-09-21T00:02:18.663389+00:00,2827
ea7c5c9d-ada5-4802-8c3a-404bc6b11c4e,C0002458,0.02221066595883917,do_not_contact,0.4,20260921T000216Z,2026-09-21T00:02:18.663389+00:00,2828
cd6a27f5-e09b-4cfc-90e8-896403bc5438,C0000227,0.02217936789894115,do_not_contact,0.4,20260921T000216Z,2026-09-21T00:02:18.663389+00:00,2829
771b13ce-c777-4540-9e3a-b81333b716b7,C0001628,0.022119744286397437,do_not_contact,0.4,20260921T000216Z,2026-09-21T00:02:18.663389+00:00,2830
4d857b6f-533e-4f56-b9a6-e79bf0f309dd,C0000950,0.022059786794892906,do_not_contact,0.4,20260921T000216Z,2026-09-21T00:02:18.663389+00:00,2831
a121c062-7b77-4123-bd58-a547df7d67b6,C0000677,0.02197812172286101,do_not_contact,0.4,20260921T000216Z,2026-09-21T00:02:18.663389+00:00,2832
b66a9056-3611-4d0d-9d5e-02b5b0475d5b,C0000345,0.021910479988482265,do_not_contact,0.4,20260921T000216Z,2026-09-21T00:02:18.663389+00:00,2833
4b20c649-a96b-412d-86f7-bc0ee75c3847,C0002360,0.021879719617319538,do_not_contact,0.4,20260921T000216Z,2026-09-21T00:02:18.663389+00:00,2834
6fb56e35-254e-43b4-98f4-65ea63d92600,C0002536,0.02187000786862922,do_not_contact,0.4,20260921T000216Z,2026-09-21T00:02:18.663389+00:00,2835
f5c6b407-77df-4ef5-829c-a6085637e95f,C0001900,0.021830364266306974,do_not_contact,0.4,20260921T000216Z,2026-09-21T00:02:18.663389+00:00,2836
c70ed458-ee6a-4e57-8c1a-4ca0a92a2b46,C0000025,0.021756601164846866,do_not_contact,0.4,20260921T000216Z,2026-09-21T00:02:18.663389+00:00,2837
4ee180ab-b016-465e-bd26-6251642879c4,C0002302,0.02172452442779118,do_not_contact,0.4,20260921T000216Z,2026-09-21T00:02:18.663389+00:00,2838
26b9d38a-d18b-4812-b0fd-e4f5278a2d25,C0001168,0.021721877261015522,do_not_contact,0.4,20260921T000216Z,2026-09-21T00:02:18.663389+00:00,2839
046f65e9-8d51-471b-a680-c66d5ecc1135,C0000788,0.021720146794722204,do_not_contact,0.4,20260921T000216Z,2026-09-21T00:02:18.663389+00:00,2840
b05aaefb-6f7f-451a-886a-12f77ac7cc00,C0000992,0.02167818495788828,do_not_contact,0.4,20260921T000216Z,2026-09-21T00:02:18.663389+00:00,2841
d3d8f9eb-f3ee-4c0f-8c43-58f8b0220c05,C0002486,0.021443337047683846,do_not_contact,0.4,20260921T000216Z,2026-09-21T00:02:18.663389+00:00,2842
a81bf641-5e60-4c23-baf5-4c53e5bb6d83,C0001366,0.021375807949162093,do_not_contact,0.4,20260921T000216Z,2026-09-21T00:02:18.663389+00:00,2843
e3e28f80-7220-49fc-a335-7495abc27b42,C0000162,0.021357815151698288,do_not_contact,0.4,20260921T000216Z,2026-09-21T00:02:18.663389+00:00,2844
1b4e833d-5665-4aa2-9677-cd7687d2c071,C0001852,0.02123172867455947,do_not_contact,0.4,20260921T000216Z,2026-09-21T00:02:18.663389+00:00,2845
4c5d56a9-b584-4294-bc50-fa1a8daf2e98,C0002935,0.021221942913425308,do_not_contact,0.4,20260921T000216Z,2026-09-21T00:02:18.663389+00:00,2846
3670ab3f-c903-4e6c-86d6-93afa82dc59e,C0001783,0.021203546196881536,do_not_contact,0.4,20260921T000216Z,2026-09-21T00:02:18.663389+00:00,2847
a74bbad0-7802-42f7-8078-dc7ecf536a2c,C0001678,0.021150497482394753,do_not_contact,0.4,20260921T000216Z,2026-09-21T00:02:18.663389+00:00,2848
417cfbce-3599-4756-9370-7d10dbc3a862,C0002982,0.021066016606343912,do_not_contact,0.4,20260921T000216Z,2026-09-21T00:02:18.663389+00:00,2849
df8b7084-5d49-41af-9ec0-006a7c0883cd,C0000476,0.021053982619351076,do_not_contact,0.4,20260921T000216Z,2026-09-21T00:02:18.663389+00:00,2850
26edd269-9e27-4769-a92b-b4022980d852,C0002389,0.02100184752742851,do_not_contact,0.4,20260921T000216Z,2026-09-21T00:02:18.663389+00:00,2851
c2b11199-4439-46ba-986d-9579c83b6801,C0002115,0.020881343737529597,do_not_contact,0.4,20260921T000216Z,2026-09-21T00:02:18.663389+00:00,2852
0b6dd6d2-31fc-44d3-a18f-b8a227eac5c8,C0001172,0.020881066893266045,do_not_contact,0.4,20260921T000216Z,2026-09-21T00:02:18.663389+00:00,2853
d898957a-a95f-4421-8745-b5dff6285d86,C0002882,0.020799464296313266,do_not_contact,0.4,20260921T000216Z,2026-09-21T00:02:18.663389+00:00,2854
fabdf9c9-d905-457d-b041-f5ee006993d3,C0001057,0.02054997746317025,do_not_contact,0.4,20260921T000216Z,2026-09-21T00:02:18.663389+00:00,2855
1cab3a03-6a20-4614-8f02-685a57149fb9,C0001230,0.02039785702479872,do_not_contact,0.4,20260921T000216Z,2026-09-21T00:02:18.663389+00:00,2856
9ad749ca-3554-4b7c-be65-c2401c56e5ee,C0000095,0.020227729326135986,do_not_contact,0.4,20260921T000216Z,2026-09-21T00:02:18.663389+00:00,2857
c5889fe0-d7da-4635-934a-d494d9ed01a2,C0000525,0.02014351635787546,do_not_contact,0.4,20260921T000216Z,2026-09-21T00:02:18.663389+00:00,2858
0020bb5f-751b-4a06-b675-2b41c2b558dc,C0001622,0.0200510047637189,do_not_contact,0.4,20260921T000216Z,2026-09-21T00:02:18.663389+00:00,2859
2e095486-96ca-4f3f-b59e-5911d717c828,C0002299,0.019856398568099377,do_not_contact,0.4,20260921T000216Z,2026-09-21T00:02:18.663389+00:00,2860
c1f206dd-f508-4834-bcdc-a6a39b103e09,C0000818,0.019629231968516337,do_not_contact,0.4,20260921T000216Z,2026-09-21T00:02:18.663389+00:00,2861
1a306263-d21f-41d5-a549-1a6aa8616013,C0000864,0.019525294084699548,do_not_contact,0.4,20260921T000216Z,2026-09-21T00:02:18.663389+00:00,2862
f7d5a627-70f7-495f-a543-d928d1d799bf,C0002940,0.01939336915529592,do_not_contact,0.4,20260921T000216Z,2026-09-21T00:02:18.663389+00:00,2863
da22257c-4aa3-43d0-bf24-0450454db48b,C0001096,0.019331733531255477,do_not_contact,0.4,20260921T000216Z,2026-09-21T00:02:18.663389+00:00,2864
384229a8-1085-432c-a45b-663930021c00,C0001483,0.01931942012436832,do_not_contact,0.4,20260921T000216Z,2026-09-21T00:02:18.663389+00:00,2865
53ed7230-e9be-4e23-8f89-4ba912a1e0b3,C0002540,0.019252207990397195,do_not_contact,0.4,20260921T000216Z,2026-09-21T00:02:18.663389+00:00,2866
799d8642-35e2-4c1b-a2bd-face588c6a17,C0001912,0.01924081029903048,do_not_contact,0.4,20260921T000216Z,2026-09-21T00:02:18.663389+00:00,2867
6e003752-1e2c-4118-b498-98b332282235,C0001549,0.01916954074923933,do_not_contact,0.4,20260921T000216Z,2026-09-21T00:02:18.663389+00:00,2868
c0e2c84b-a056-48b3-a0fa-c3fda63ab558,C0001003,0.019103564031526226,do_not_contact,0.4,20260921T000216Z,2026-09-21T00:02:18.663389+00:00,2869
2ad875b1-d891-4eb4-95a1-d07f75e439e2,C0001001,0.019050538897523887,do_not_contact,0.4,20260921T000216Z,2026-09-21T00:02:18.663389+00:00,2870
cfca505a-968a-4cd0-b48e-a74d3d4ad04c,C0000236,0.019035522939195904,do_not_contact,0.4,20260921T000216Z,2026-09-21T00:02:18.663389+00:00,2871
205a11b8-60e0-43e6-b7f7-cd1482576c22,C0000211,0.01903543583466063,do_not_contact,0.4,20260921T000216Z,2026-09-21T00:02:18.663389+00:00,2872
6f97fe15-5516-4bb5-bfdf-9c636dde75f2,C0001276,0.018820783071830677,do_not_contact,0.4,20260921T000216Z,2026-09-21T00:02:18.663389+00:00,2873
95814de5-89a2-48df-aabe-8dc7b3f802a3,C0001404,0.01873832472568718,do_not_contact,0.4,20260921T000216Z,2026-09-21T00:02:18.663389+00:00,2874
1104f7fc-b17f-45ac-a7e5-40d7d3ae76aa,C0001772,0.018665869673395903,do_not_contact,0.4,20260921T000216Z,2026-09-21T00:02:18.663389+00:00,2875
8cb8b419-0d33-4bad-8067-de4848d557a7,C0001009,0.018624123183470714,do_not_contact,0.4,20260921T000216Z,2026-09-21T00:02:18.663389+00:00,2876
0fce000b-649c-4936-aa1f-fbbb33c96fc1,C0000691,0.018545181416468593,do_not_contact,0.4,20260921T000216Z,2026-09-21T00:02:18.663389+00:00,2877
aba3fee0-12d3-408f-9c36-b3a7533f7a0d,C0001310,0.018512740140020544,do_not_contact,0.4,20260921T000216Z,2026-09-21T00:02:18.663389+00:00,2878
5d835c80-8de6-47b1-a807-e6e85f2af0d9,C0002560,0.018412542907770772,do_not_contact,0.4,20260921T000216Z,2026-09-21T00:02:18.663389+00:00,2879
7b409393-2475-4ecd-b512-06e3904900d4,C0000094,0.018331004355480292,do_not_contact,0.4,20260921T000216Z,2026-09-21T00:02:18.663389+00:00,2880
398c30d6-bf06-4802-852c-d2241fa83b91,C0000208,0.018308714020238395,do_not_contact,0.4,20260921T000216Z,2026-09-21T00:02:18.663389+00:00,2881
48e8fd95-6cde-4c68-9cf1-3dde4f64fbbb,C0001949,0.018291362613963295,do_not_contact,0.4,20260921T000216Z,2026-09-21T00:02:18.663389+00:00,2882
29058eae-d5a2-40d9-9ecb-0c68256bf2a1,C0000586,0.018196786960548352,do_not_contact,0.4,20260921T000216Z,2026-09-21T00:02:18.663389+00:00,2883
bd586348-ac1d-4ed4-a615-3bacd0a9607e,C0001353,0.018190771628841845,do_not_contact,0.4,20260921T000216Z,2026-09-21T00:02:18.663389+00:00,2884
d42a1cf6-fed7-4970-b357-2f630db11a2f,C0000746,0.018159832369973573,do_not_contact,0.4,20260921T000216Z,2026-09-21T00:02:18.663389+00:00,2885
03d5721a-d8ee-4bdc-9d8a-be0884d277c7,C0002633,0.018062647648091824,do_not_contact,0.4,20260921T000216Z,2026-09-21T00:02:18.663389+00:00,2886
ea6e6d57-479b-4253-bcee-b4382d997cf2,C0002248,0.018058241768813862,do_not_contact,0.4,20260921T000216Z,2026-09-21T00:02:18.663389+00:00,2887
38863386-cadb-4e9a-be55-ef3462a9eb4b,C0001691,0.017999709255871212,do_not_contact,0.4,20260921T000216Z,2026-09-21T00:02:18.663389+00:00,2888
f6ff3768-fb0c-4ea8-9b54-d9073cab8fd2,C0000593,0.017909457448423805,do_not_contact,0.4,20260921T000216Z,2026-09-21T00:02:18.663389+00:00,2889
1fbd080e-0781-4c5b-b9c0-8ec9bcd61d13,C0001886,0.017846203227689296,do_not_contact,0.4,20260921T000216Z,2026-09-21T00:02:18.663389+00:00,2890
5689e1b3-1cf3-4b7d-8915-d53291c0e818,C0001012,0.017676947941617626,do_not_contact,0.4,20260921T000216Z,2026-09-21T00:02:18.663389+00:00,2891
4c437195-d93c-492f-aa01-f547ffe61568,C0001264,0.017637593757859497,do_not_contact,0.4,20260921T000216Z,2026-09-21T00:02:18.663389+00:00,2892
e247736d-63ae-43b0-9a56-b6eb2a777942,C0000961,0.017537419747488257,do_not_contact,0.4,20260921T000216Z,2026-09-21T00:02:18.663389+00:00,2893
a5e4e1fc-d8f1-4724-ab85-b3f1cc103971,C0002931,0.017369304436174713,do_not_contact,0.4,20260921T000216Z,2026-09-21T00:02:18.663389+00:00,2894
4e9b55c5-ac0e-431a-a224-dcc9ef3024a6,C0001208,0.017335365787810655,do_not_contact,0.4,20260921T000216Z,2026-09-21T00:02:18.663389+00:00,2895
7f177c25-fa1d-4a7f-bb94-e62e417b2a3e,C0001824,0.017295216165427996,do_not_contact,0.4,20260921T000216Z,2026-09-21T00:02:18.663389+00:00,2896
a7f85894-c82d-4fa8-ba3b-46238d54ef92,C0002263,0.017115557774632452,do_not_contact,0.4,20260921T000216Z,2026-09-21T00:02:18.663389+00:00,2897
97c8054c-900d-4ee1-824a-a7f77e36b7c2,C0002991,0.01708951210599312,do_not_contact,0.4,20260921T000216Z,2026-09-21T00:02:18.663389+00:00,2898
6df65c2a-228e-4258-a6ec-ce5806cc6728,C0000524,0.0170654604024054,do_not_contact,0.4,20260921T000216Z,2026-09-21T00:02:18.663389+00:00,2899
b7d90580-96ef-4592-b856-0cda5cc0512a,C0002249,0.016961566871114987,do_not_contact,0.4,20260921T000216Z,2026-09-21T00:02:18.663389+00:00,2900
9c0e6e6c-776c-4a0a-ba6a-2de3691e42eb,C0000165,0.016924153236211506,do_not_contact,0.4,20260921T000216Z,2026-09-21T00:02:18.663389+00:00,2901
9276485a-9cc9-492d-82c3-c4ba4650e297,C0000360,0.016888392081857998,do_not_contact,0.4,20260921T000216Z,2026-09-21T00:02:18.663389+00:00,2902
aea220a7-bb1f-4b30-84d7-96a6f98fac49,C0001845,0.016746640110603277,do_not_contact,0.4,20260921T000216Z,2026-09-21T00:02:18.663389+00:00,2903
c0326fcb-19b6-423f-96ac-a28e2f7063b1,C0002159,0.016700647899370525,do_not_contact,0.4,20260921T000216Z,2026-09-21T00:02:18.663389+00:00,2904
7483e93a-10cd-4002-b143-507f88757835,C0002400,0.016546765878105756,do_not_contact,0.4,20260921T000216Z,2026-09-21T00:02:18.663389+00:00,2905
e5dad9e7-8563-46ec-abf8-a9ba217c09b7,C0000207,0.01651608633971221,do_not_contact,0.4,20260921T000216Z,2026-09-21T00:02:18.663389+00:00,2906
813b3773-b153-49a6-ac0b-cab3f4e6d5e4,C0001655,0.016494846279927356,do_not_contact,0.4,20260921T000216Z,2026-09-21T00:02:18.663389+00:00,2907
b6cb5edf-60d2-4f89-b9fe-06d368a5e14d,C0000946,0.01633829686825712,do_not_contact,0.4,20260921T000216Z,2026-09-21T00:02:18.663389+00:00,2908
1c8b8abd-eb7b-49bf-a0d4-dc3fc0fb7e4a,C0002665,0.016115198598962762,do_not_contact,0.4,20260921T000216Z,2026-09-21T00:02:18.663389+00:00,2909
42f24541-37d8-4d19-b293-4d2ff316288a,C0002926,0.01595738839303861,do_not_contact,0.4,20260921T000216Z,2026-09-21T00:02:18.663389+00:00,2910
5a06b54e-54fb-4be9-b530-9a849aaa1ce3,C0001212,0.01595542549243967,do_not_contact,0.4,20260921T000216Z,2026-09-21T00:02:18.663389+00:00,2911
c0794761-3e3f-4557-8ce2-6006f9cd65ef,C0002645,0.015925131998761246,do_not_contact,0.4,20260921T000216Z,2026-09-21T00:02:18.663389+00:00,2912
af603fdb-4b14-4848-934c-a5bbb591a65d,C0002162,0.015917145917866776,do_not_contact,0.4,20260921T000216Z,2026-09-21T00:02:18.663389+00:00,2913
d95a37b0-7af1-45c8-aaf9-29cba7fca9f9,C0001331,0.015902298345940234,do_not_contact,0.4,20260921T000216Z,2026-09-21T00:02:18.663389+00:00,2914
9c38375b-d264-48b6-9538-1a05277f0883,C0002849,0.015726928772515223,do_not_contact,0.4,20260921T000216Z,2026-09-21T00:02:18.663389+00:00,2915
83443a20-61a0-4b83-a92e-f22807fa2b4f,C0002688,0.015668564325540483,do_not_contact,0.4,20260921T000216Z,2026-09-21T00:02:18.663389+00:00,2916
a21a1540-2ebe-42bb-bce0-19f9a558468e,C0001274,0.015626812444522117,do_not_contact,0.4,20260921T000216Z,2026-09-21T00:02:18.663389+00:00,2917
cdde067e-6636-497b-a5a9-b778877135f1,C0001428,0.015553805624249602,do_not_contact,0.4,20260921T000216Z,2026-09-21T00:02:18.663389+00:00,2918
f667bf1f-515d-4e5a-8c8e-f686efb1f114,C0001008,0.015500834490896958,do_not_contact,0.4,20260921T000216Z,2026-09-21T00:02:18.663389+00:00,2919
0d039d22-47aa-404f-99d3-c0c88da921d5,C0002392,0.015134640445715514,do_not_contact,0.4,20260921T000216Z,2026-09-21T00:02:18.663389+00:00,2920
7e29ebec-659b-4e5b-add1-adb1eefcadd9,C0001534,0.01488866593763778,do_not_contact,0.4,20260921T000216Z,2026-09-21T00:02:18.663389+00:00,2921
f4b8f93d-3822-49d7-af02-99f047d6d1fe,C0002315,0.014798588694662952,do_not_contact,0.4,20260921T000216Z,2026-09-21T00:02:18.663389+00:00,2922
bbde45ab-686d-4246-88b3-6e5d7382fba0,C0002626,0.01470452555613581,do_not_contact,0.4,20260921T000216Z,2026-09-21T00:02:18.663389+00:00,2923
40cfb356-aa39-472e-81f0-bee3fdbfc1c1,C0001400,0.014513463218184098,do_not_contact,0.4,20260921T000216Z,2026-09-21T00:02:18.663389+00:00,2924
fce053ad-ca9e-4e67-b2e4-b62ed40dc17a,C0002760,0.014458732680091091,do_not_contact,0.4,20260921T000216Z,2026-09-21T00:02:18.663389+00:00,2925
be67c9f6-eb9b-4af0-89f2-49f4e523f841,C0001157,0.014395620290505864,do_not_contact,0.4,20260921T000216Z,2026-09-21T00:02:18.663389+00:00,2926
a581fe62-a203-417c-be48-4c03926cb523,C0002796,0.014344930285379243,do_not_contact,0.4,20260921T000216Z,2026-09-21T00:02:18.663389+00:00,2927
2d5eba58-e683-4c3b-b90f-d310c1e70301,C0000923,0.014223229437508148,do_not_contact,0.4,20260921T000216Z,2026-09-21T00:02:18.663389+00:00,2928
7123594c-3c4f-4e72-a259-49b0c3277804,C0000478,0.014054266630226159,do_not_contact,0.4,20260921T000216Z,2026-09-21T00:02:18.663389+00:00,2929
c7fd6431-1628-45d1-9838-2a890d5d0e59,C0000518,0.013932814812048538,do_not_contact,0.4,20260921T000216Z,2026-09-21T00:02:18.663389+00:00,2930
742c3786-4cfa-4a1c-8949-896bdc7ac025,C0001489,0.013901681913410326,do_not_contact,0.4,20260921T000216Z,2026-09-21T00:02:18.663389+00:00,2931
91941139-7dbc-4144-bb25-20b4ace70121,C0001848,0.013868971893150088,do_not_contact,0.4,20260921T000216Z,2026-09-21T00:02:18.663389+00:00,2932
07530d87-de21-45ad-82c2-d2b75fbe76bd,C0001642,0.013868546140537582,do_not_contact,0.4,20260921T000216Z,2026-09-21T00:02:18.663389+00:00,2933
a41f6da0-f75a-4b0c-9fac-1388ee6270cb,C0000428,0.013688813073618583,do_not_contact,0.4,20260921T000216Z,2026-09-21T00:02:18.663389+00:00,2934
1c263e18-db32-423a-85f8-2b21e6199eb6,C0000899,0.013653030048717766,do_not_contact,0.4,20260921T000216Z,2026-09-21T00:02:18.663389+00:00,2935
228dc13e-0320-4298-a4a2-90b793a33c12,C0002871,0.013575556129676173,do_not_contact,0.4,20260921T000216Z,2026-09-21T00:02:18.663389+00:00,2936
9a4cb212-3d54-48ec-b1d5-9a36adf452e9,C0001683,0.01316620967385157,do_not_contact,0.4,20260921T000216Z,2026-09-21T00:02:18.663389+00:00,2937
690be1f2-2d23-4f7c-b851-e01872ea0cb1,C0000141,0.012953864131283892,do_not_contact,0.4,20260921T000216Z,2026-09-21T00:02:18.663389+00:00,2938
ea1a72a5-4248-444d-9650-c65f4aae8d97,C0001540,0.012933656897305332,do_not_contact,0.4,20260921T000216Z,2026-09-21T00:02:18.663389+00:00,2939
662a684f-83f6-4410-b7ce-90b3fe15829d,C0001698,0.012627363532213198,do_not_contact,0.4,20260921T000216Z,2026-09-21T00:02:18.663389+00:00,2940
028633f9-62a1-4637-b5aa-afa7dbead615,C0000167,0.012584206541729339,do_not_contact,0.4,20260921T000216Z,2026-09-21T00:02:18.663389+00:00,2941
3155b65b-7f2e-4c7e-9f02-18432191991a,C0001487,0.012511896409580036,do_not_contact,0.4,20260921T000216Z,2026-09-21T00:02:18.663389+00:00,2942
17b5b3e9-d20b-4a74-bf1e-86ceff62ea0d,C0001246,0.012332647427524405,do_not_contact,0.4,20260921T000216Z,2026-09-21T00:02:18.663389+00:00,2943
f5278355-c69c-4b12-be71-a31f849fc530,C0000388,0.012147412430553669,do_not_contact,0.4,20260921T000216Z,2026-09-21T00:02:18.663389+00:00,2944
85715cde-38b1-4a00-8676-4da843c2e11c,C0000160,0.011992259580138928,do_not_contact,0.4,20260921T000216Z,2026-09-21T00:02:18.663389+00:00,2945
51532e67-db2f-4aba-ad87-0305ee5b8e7a,C0002214,0.01187708767600083,do_not_contact,0.4,20260921T000216Z,2026-09-21T00:02:18.663389+00:00,2946
4b46a66f-c720-48a5-b1ab-4a0ba2f633c8,C0000302,0.011773835264251147,do_not_contact,0.4,20260921T000216Z,2026-09-21T00:02:18.663389+00:00,2947
57e9f9d2-f9d0-4d5a-ba8c-952a9c29874f,C0000635,0.011709030265407016,do_not_contact,0.4,20260921T000216Z,2026-09-21T00:02:18.663389+00:00,2948
ca1df162-2a15-4c9d-8ac1-201f089ca2ed,C0001202,0.011685592598317567,do_not_contact,0.4,20260921T000216Z,2026-09-21T00:02:18.663389+00:00,2949
5eacba8a-8b02-4a0b-b148-2fccc5b903eb,C0001207,0.011671015713627554,do_not_contact,0.4,20260921T000216Z,2026-09-21T00:02:18.663389+00:00,2950
59ead2b0-f3b9-4bfc-ba79-741f36741310,C0000627,0.011486618133267956,do_not_contact,0.4,20260921T000216Z,2026-09-21T00:02:18.663389+00:00,2951
e9b24706-a0cb-4491-91f0-8d3184156d69,C0002766,0.0114410397898641,do_not_contact,0.4,20260921T000216Z,2026-09-21T00:02:18.663389+00:00,2952
eba6a62f-111b-4e4c-8907-4505cf9d73c4,C0001713,0.011328208574800906,do_not_contact,0.4,20260921T000216Z,2026-09-21T00:02:18.663389+00:00,2953
4892ab99-03da-4b57-be81-66d012fc7e9e,C0000066,0.011324331758222625,do_not_contact,0.4,20260921T000216Z,2026-09-21T00:02:18.663389+00:00,2954
d6c4b115-39d3-4a87-b668-a2968a246512,C0002474,0.011317861905099619,do_not_contact,0.4,20260921T000216Z,2026-09-21T00:02:18.663389+00:00,2955
5410da15-3e19-4db5-ba46-fb11bf6697d7,C0002840,0.011224439736054212,do_not_contact,0.4,20260921T000216Z,2026-09-21T00:02:18.663389+00:00,2956
5ca216c2-f228-44f5-ba7e-c9e4ae695192,C0000675,0.011215424726230274,do_not_contact,0.4,20260921T000216Z,2026-09-21T00:02:18.663389+00:00,2957
ee975a8a-7577-4793-bbc2-2a6696e43252,C0002433,0.010984932990359521,do_not_contact,0.4,20260921T000216Z,2026-09-21T00:02:18.663389+00:00,2958
47027c8a-4c6a-41f0-bb5d-052ed4bc657f,C0001584,0.010653329574007985,do_not_contact,0.4,20260921T000216Z,2026-09-21T00:02:18.663389+00:00,2959
fa1795b0-b8ae-4ad2-8849-65342bf8eadb,C0001170,0.010578231302877716,do_not_contact,0.4,20260921T000216Z,2026-09-21T00:02:18.663389+00:00,2960
b391a9da-d063-4803-95e7-e7f5f53b056d,C0002200,0.010208388346672793,do_not_contact,0.4,20260921T000216Z,2026-09-21T00:02:18.663389+00:00,2961
7f3c8929-4bec-4798-aeb9-b3d92035830d,C0002572,0.01018246593774561,do_not_contact,0.4,20260921T000216Z,2026-09-21T00:02:18.663389+00:00,2962
5d15715e-cff8-474b-9238-6ccbd8901fff,C0002941,0.010058057500875071,do_not_contact,0.4,20260921T000216Z,2026-09-21T00:02:18.663389+00:00,2963
ada7a608-ae64-4b9a-934c-a709af596ca7,C0001514,0.01005628481400339,do_not_contact,0.4,20260921T000216Z,2026-09-21T00:02:18.663389+00:00,2964
a9059272-d568-4a1a-98ac-2650f6f8bf8f,C0002833,0.009872326914134203,do_not_contact,0.4,20260921T000216Z,2026-09-21T00:02:18.663389+00:00,2965
31995e00-a7c9-4f8c-96e4-9c84585f78ed,C0002094,0.00966395884980571,do_not_contact,0.4,20260921T000216Z,2026-09-21T00:02:18.663389+00:00,2966
0e2fed17-ac27-47bc-9042-b606ee588a85,C0002058,0.009525194436773642,do_not_contact,0.4,20260921T000216Z,2026-09-21T00:02:18.663389+00:00,2967
3d2e03f5-075b-4221-b9ab-8a5c3862aad6,C0002547,0.00950142375170035,do_not_contact,0.4,20260921T000216Z,2026-09-21T00:02:18.663389+00:00,2968
9e187a51-33c7-4c73-973f-e2302ecb4352,C0000164,0.009474916183607357,do_not_contact,0.4,20260921T000216Z,2026-09-21T00:02:18.663389+00:00,2969
25876808-f9d4-409f-b07d-97cb4376a74a,C0002567,0.009308529079140086,do_not_contact,0.4,20260921T000216Z,2026-09-21T00:02:18.663389+00:00,2970
f7a3c660-2767-4bb8-bf47-92cadb37e47f,C0001710,0.009193990751404842,do_not_contact,0.4,20260921T000216Z,2026-09-21T00:02:18.663389+00:00,2971
a8371a10-6989-4fe9-856e-f14d2d406eb9,C0000926,0.00915061741003349,do_not_contact,0.4,20260921T000216Z,2026-09-21T00:02:18.663389+00:00,2972
622fe411-63e7-4d35-91f8-1429ec1550b7,C0002380,0.009008804052218754,do_not_contact,0.4,20260921T000216Z,2026-09-21T00:02:18.663389+00:00,2973
63a4f7de-fa70-4517-a071-f6c7b3e8cfe2,C0000941,0.008951850724888296,do_not_contact,0.4,20260921T000216Z,2026-09-21T00:02:18.663389+00:00,2974
57ed5996-4404-45df-8ab4-f5720de268a1,C0001803,0.008688241655144454,do_not_contact,0.4,20260921T000216Z,2026-09-21T00:02:18.663389+00:00,2975
fd18fdca-f475-41c5-95c3-c05af0027f81,C0002049,0.008395076482233643,do_not_contact,0.4,20260921T000216Z,2026-09-21T00:02:18.663389+00:00,2976
2f942810-cd87-4ba2-a1d0-694b4c2e8be8,C0001146,0.007981073060719776,do_not_contact,0.4,20260921T000216Z,2026-09-21T00:02:18.663389+00:00,2977
0ab977e6-7a46-4dc2-819a-1df98b9ddd2b,C0000758,0.007757825928656374,do_not_contact,0.4,20260921T000216Z,2026-09-21T00:02:18.663389+00:00,2978
fb5ea7ec-d433-4e16-81ac-00a4960bb4a7,C0001041,0.0076383365413336835,do_not_contact,0.4,20260921T000216Z,2026-09-21T00:02:18.663389+00:00,2979
9d65f79d-c22b-427a-9c07-54261c284056,C0002710,0.007617418139112498,do_not_contact,0.4,20260921T000216Z,2026-09-21T00:02:18.663389+00:00,2980
7e96beea-aa35-40b5-bb2b-e3b8e9ee3d57,C0002798,0.007464286968601605,do_not_contact,0.4,20260921T000216Z,2026-09-21T00:02:18.663389+00:00,2981
1e136c68-8946-4644-95f7-27ce592f4afc,C0001682,0.007395953436963806,do_not_contact,0.4,20260921T000216Z,2026-09-21T00:02:18.663389+00:00,2982
7ee2093a-19a6-41e6-86b0-dd353d87e66b,C0001312,0.007163274313144477,do_not_contact,0.4,20260921T000216Z,2026-09-21T00:02:18.663389+00:00,2983
821a6e78-8c60-4cea-bb7d-ac71efaf2a8d,C0001829,0.007005931099624375,do_not_contact,0.4,20260921T000216Z,2026-09-21T00:02:18.663389+00:00,2984
b5c641b4-777a-4b23-8c7a-dc6177e77378,C0001295,0.006790324594703184,do_not_contact,0.4,20260921T000216Z,2026-09-21T00:02:18.663389+00:00,2985
36a009c1-b69f-483c-9661-1d51a431cdad,C0001478,0.006659784356546813,do_not_contact,0.4,20260921T000216Z,2026-09-21T00:02:18.663389+00:00,2986
9eeb3bb4-ef9b-46da-a76e-c96716332951,C0000607,0.006649781175795155,do_not_contact,0.4,20260921T000216Z,2026-09-21T00:02:18.663389+00:00,2987
e7a59ef9-904f-49f5-bae1-17416e5007f9,C0002548,0.00658893573571319,do_not_contact,0.4,20260921T000216Z,2026-09-21T00:02:18.663389+00:00,2988
d26d363a-9c9f-4eaf-b4c7-4c38317543e4,C0002335,0.006445213573712758,do_not_contact,0.4,20260921T000216Z,2026-09-21T00:02:18.663389+00:00,2989
99aed1b7-31a5-49d6-a417-8c6a28d10dd6,C0002700,0.0062811600954085335,do_not_contact,0.4,20260921T000216Z,2026-09-21T00:02:18.663389+00:00,2990
048160c2-cc88-49e1-8b74-b124e7db201b,C0002898,0.006030032023987924,do_not_contact,0.4,20260921T000216Z,2026-09-21T00:02:18.663389+00:00,2991
a1c11741-0dc3-491c-83f2-95f54bb00de6,C0001375,0.005935379473394851,do_not_contact,0.4,20260921T000216Z,2026-09-21T00:02:18.663389+00:00,2992
ca08c62c-e93c-4d6a-a187-69dee16b280f,C0002844,0.00569991129182226,do_not_contact,0.4,20260921T000216Z,2026-09-21T00:02:18.663389+00:00,2993
e88238c0-e12a-4aa3-b892-b535ab7b0cac,C0002075,0.005543586036589556,do_not_contact,0.4,20260921T000216Z,2026-09-21T00:02:18.663389+00:00,2994
773c8978-d73e-47e9-b152-0caee73b957d,C0001806,0.005268069755882085,do_not_contact,0.4,20260921T000216Z,2026-09-21T00:02:18.663389+00:00,2995
45b7e967-ad2f-429d-8828-084907ac936e,C0002374,0.004788545181722134,do_not_contact,0.4,20260921T000216Z,2026-09-21T00:02:18.663389+00:00,2996
14044b84-11a0-49f1-b1f1-f2a70ab64097,C0001542,0.004779782344068498,do_not_contact,0.4,20260921T000216Z,2026-09-21T00:02:18.663389+00:00,2997
959da820-7cb2-4bb1-ab6c-31bbb3081cea,C0000272,0.004280287096212904,do_not_contact,0.4,20260921T000216Z,2026-09-21T00:02:18.663389+00:00,2998
e085df07-d62d-40ad-aaa4-139252463700,C0002899,0.0031656201139937403,do_not_contact,0.4,20260921T000216Z,2026-09-21T00:02:18.663389+00:00,2999
af1674c6-6433-4848-8c04-553d609c96fc,C0002853,0.0030252804493677795,do_not_contact,0.4,20260921T000216Z,2026-09-21T00:02:18.663389+00:00,3000
