customer_id,snapshot_at,tenure_months,monthly_charge,support_calls_30d,payment_failures_90d,usage_change_30d,late_payments_12m,contract_type,payment_method,region
C0000002,2024-01-01 00:00:00+00:00,85,56.97,1,0,-0.0916,1,two-year,card,west
C0000047,2024-01-01 00:00:00+00:00,82,78.29,0,0,0.4123,0,month-to-month,bank,north
C0000078,2024-01-01 00:00:00+00:00,13,35.65,0,2,-0.4639,1,month-to-month,bank,east
C0000117,2024-01-01 00:00:00+00:00,93,85.7,0,0,0.4422,0,month-to-month,bank,east
C0000157,2024-01-01 00:00:00+00:00,39,105.67,0,0,-0.0708,0,month-to-month,card,west
C0000169,2024-01-01 00:00:00+00:00,113,80.47,0,0,0.2795,0,month-to-month,card,south
C0000220,2024-01-01 00:00:00+00:00,57,88.91,2,0,0.139,1,month-to-month,bank,south
C0000286,2024-01-01 00:00:00+00:00,57,81.5,1,0,-0.0545,4,month-to-month,bank,north
C0000335,2024-01-01 00:00:00+00:00,26,60.86,0,1,-0.1828,0,month-to-month,check,north
C0000384,2024-01-01 00:00:00+00:00,120,104.85,3,0,-0.0336,2,annual,card,east
C0000390,2024-01-01 00:00:00+00:00,106,79.48,1,0,-0.2308,0,month-to-month,bank,south
C0000404,2024-01-01 00:00:00+00:00,59,92.92,0,0,0.0228,0,month-to-month,card,west
C0000429,2024-01-01 00:00:00+00:00,72,108.43,0,1,0.013,3,annual,bank,north
C0000461,2024-01-01 00:00:00+00:00,17,137.31,3,0,-0.1374,0,annual,card,north
C0000462,2024-01-01 00:00:00+00:00,61,77.75,3,1,-0.0024,1,annual,card,west
C0000482,2024-01-01 00:00:00+00:00,43,89.19,0,1,-0.0229,1,annual,bank,north
C0000491,2024-01-01 00:00:00+00:00,96,95.16,1,0,0.0512,3,month-to-month,card,south
C0000502,2024-01-01 00:00:00+00:00,113,65.86,0,2,0.036,1,two-year,card,south
C0000506,2024-01-01 00:00:00+00:00,19,110.05,1,0,0.0206,2,month-to-month,bank,south
C0000535,2024-01-01 00:00:00+00:00,1,80.09,1,1,-0.2725,3,annual,card,west
C0000553,2024-01-01 00:00:00+00:00,75,45.12,1,0,0.5958,4,month-to-month,card,east
C0000605,2024-01-01 00:00:00+00:00,118,60.37,2,0,-0.0642,1,annual,card,east
C0000709,2024-01-01 00:00:00+00:00,8,73.75,0,0,0.0282,4,annual,bank,south
C0000761,2024-01-01 00:00:00+00:00,53,111.39,1,0,0.0983,2,month-to-month,card,east
C0000831,2024-01-01 00:00:00+00:00,107,101.31,1,1,0.3579,1,month-to-month,card,east
C0000841,2024-01-01 00:00:00+00:00,101,110.11,2,2,-0.1119,1,annual,bank,west
C0000866,2024-01-01 00:00:00+00:00,113,102.27,1,0,-0.1882,1,month-to-month,bank,south
C0000874,2024-01-01 00:00:00+00:00,25,60.93,1,1,0.3084,2,month-to-month,card,north
C0000937,2024-01-01 00:00:00+00:00,4,41.08,1,1,0.5483,2,month-to-month,check,east
C0000973,2024-01-01 00:00:00+00:00,113,77.1,0,0,-0.4503,3,month-to-month,card,north
C0000978,2024-01-01 00:00:00+00:00,26,132.0,0,1,0.0876,1,annual,card,west
C0000980,2024-01-01 00:00:00+00:00,34,136.52,1,0,0.0396,3,month-to-month,card,south
C0001163,2024-01-01 00:00:00+00:00,22,67.37,1,1,-0.2116,2,annual,bank,west
C0001214,2024-01-01 00:00:00+00:00,77,98.33,0,0,0.1948,1,two-year,card,east
C0001274,2024-01-01 00:00:00+00:00,113,72.89,1,0,0.1762,1,annual,bank,south
C0001280,2024-01-01 00:00:00+00:00,10,59.55,3,0,-0.0248,0,annual,card,south
C0001316,2024-01-01 00:00:00+00:00,117,101.3,1,1,-0.3643,1,month-to-month,bank,east
C0001331,2024-01-01 00:00:00+00:00,102,68.79,1,0,0.1068,0,annual,bank,north
C0001351,2024-01-01 00:00:00+00:00,54,89.72,0,1,0.0386,3,two-year,bank,north
C0001374,2024-01-01 00:00:00+00:00,58,82.12,0,0,-0.2507,0,annual,card,east
C0001403,2024-01-01 00:00:00+00:00,74,79.23,0,0,-0.4683,0,two-year,card,west
C0001425,2024-01-01 00:00:00+00:00,61,98.33,2,0,0.116,1,month-to-month,bank,west
C0001434,2024-01-01 00:00:00+00:00,30,73.29,0,1,0.0434,2,month-to-month,card,east
C0001467,2024-01-01 00:00:00+00:00,112,106.81,1,0,-0.1703,0,month-to-month,bank,north
C0001577,2024-01-01 00:00:00+00:00,87,75.18,0,1,-0.1477,0,annual,card,south
C0001629,2024-01-01 00:00:00+00:00,114,39.01,1,0,-0.0349,3,month-to-month,card,south
C0001675,2024-01-01 00:00:00+00:00,2,84.6,2,0,0.2117,1,month-to-month,card,south
C0001684,2024-01-01 00:00:00+00:00,86,103.88,2,0,0.0653,0,month-to-month,card,south
C0001748,2024-01-01 00:00:00+00:00,54,91.63,0,0,0.5061,1,month-to-month,card,west
C0001752,2024-01-01 00:00:00+00:00,18,144.14,0,1,0.2007,0,month-to-month,card,north
C0001753,2024-01-01 00:00:00+00:00,41,58.43,1,0,-0.1727,0,annual,card,south
C0001887,2024-01-01 00:00:00+00:00,58,62.6,0,0,-0.1488,1,annual,card,south
C0001889,2024-01-01 00:00:00+00:00,32,89.04,1,0,-0.0262,0,month-to-month,bank,south
C0001890,2024-01-01 00:00:00+00:00,9,76.13,1,0,-0.369,1,month-to-month,card,north
C0001947,2024-01-01 00:00:00+00:00,102,78.58,0,0,0.3453,2,month-to-month,card,west
C0001968,2024-01-01 00:00:00+00:00,63,35.51,2,0,-0.0232,1,month-to-month,bank,west
C0002016,2024-01-01 00:00:00+00:00,95,84.95,0,0,-0.1256,4,month-to-month,bank,east
C0002019,2024-01-01 00:00:00+00:00,75,101.28,1,0,-0.1626,1,annual,bank,west
C0002035,2024-01-01 00:00:00+00:00,118,82.66,1,0,-0.3734,1,month-to-month,card,east
C0002036,2024-01-01 00:00:00+00:00,43,114.76,1,0,0.0474,1,month-to-month,card,west
C0002055,2024-01-01 00:00:00+00:00,11,87.31,2,0,-0.3709,0,month-to-month,card,east
C0002082,2024-01-01 00:00:00+00:00,8,35.86,2,0,-0.0256,2,annual,card,west
C0002128,2024-01-01 00:00:00+00:00,110,122.53,1,0,0.1041,5,month-to-month,bank,north
C0002141,2024-01-01 00:00:00+00:00,109,51.96,1,1,-0.2165,0,two-year,bank,east
C0002155,2024-01-01 00:00:00+00:00,80,82.6,2,1,-0.1396,1,two-year,card,north
C0002158,2024-01-01 00:00:00+00:00,32,61.51,1,0,-0.3166,1,two-year,card,west
C0002202,2024-01-01 00:00:00+00:00,62,60.76,1,0,0.18,2,month-to-month,card,north
C0002232,2024-01-01 00:00:00+00:00,99,75.76,3,0,-0.0973,1,month-to-month,bank,west
C0002262,2024-01-01 00:00:00+00:00,65,84.63,0,0,-0.0891,0,two-year,bank,west
C0002271,2024-01-01 00:00:00+00:00,49,81.9,0,1,-0.4134,1,month-to-month,card,east
C0002317,2024-01-01 00:00:00+00:00,112,74.37,1,0,-0.1796,0,month-to-month,card,east
C0002327,2024-01-01 00:00:00+00:00,15,101.43,2,1,-0.0638,1,annual,card,west
C0002368,2024-01-01 00:00:00+00:00,33,58.16,0,0,-0.1725,1,month-to-month,bank,south
C0002410,2024-01-01 00:00:00+00:00,2,96.68,0,0,-0.0438,0,annual,bank,north
C0002413,2024-01-01 00:00:00+00:00,100,78.18,1,0,0.1451,3,annual,bank,south
C0002494,2024-01-01 00:00:00+00:00,9,68.28,1,0,0.0588,0,month-to-month,check,east
C0002542,2024-01-01 00:00:00+00:00,19,96.42,0,0,-0.0032,1,month-to-month,card,south
C0002544,2024-01-01 00:00:00+00:00,59,78.4,2,1,-0.3029,5,annual,bank,south
C0002562,2024-01-01 00:00:00+00:00,69,108.92,1,0,-0.2424,2,annual,bank,north
C0002660,2024-01-01 00:00:00+00:00,62,19.79,2,0,-0.1384,3,month-to-month,card,south
C0002677,2024-01-01 00:00:00+00:00,45,68.17,1,0,0.3316,0,annual,card,west
C0002702,2024-01-01 00:00:00+00:00,14,50.25,2,0,0.1446,2,two-year,bank,east
C0002706,2024-01-01 00:00:00+00:00,26,92.87,1,0,0.0147,1,month-to-month,bank,south
C0002724,2024-01-01 00:00:00+00:00,40,84.35,1,1,-0.2639,1,annual,check,south
C0002752,2024-01-01 00:00:00+00:00,18,103.45,2,0,0.1832,1,two-year,card,south
C0002759,2024-01-01 00:00:00+00:00,7,67.92,2,0,-0.0761,0,month-to-month,card,west
C0002772,2024-01-01 00:00:00+00:00,83,69.81,2,0,-0.3302,0,annual,bank,north
C0002814,2024-01-01 00:00:00+00:00,5,70.75,0,1,-0.1932,3,month-to-month,check,west
C0002832,2024-01-01 00:00:00+00:00,103,96.35,0,1,0.1625,1,month-to-month,check,west
C0002852,2024-01-01 00:00:00+00:00,85,58.34,4,1,0.2739,0,month-to-month,card,north
C0002858,2024-01-01 00:00:00+00:00,26,57.65,0,0,0.3008,1,two-year,card,west
C0002861,2024-01-01 00:00:00+00:00,95,110.24,0,1,0.0022,0,month-to-month,bank,north
C0002862,2024-01-01 00:00:00+00:00,47,90.63,1,0,-0.0673,0,month-to-month,card,north
C0002888,2024-01-01 00:00:00+00:00,41,109.7,3,0,0.0319,3,annual,bank,west
C0002902,2024-01-01 00:00:00+00:00,39,49.28,2,1,0.0493,1,month-to-month,bank,north
C0002933,2024-01-01 00:00:00+00:00,91,85.58,0,0,0.1347,4,month-to-month,bank,east
C0002963,2024-01-01 00:00:00+00:00,79,105.01,1,0,-0.1442,0,two-year,bank,north
C0002989,2024-01-01 00:00:00+00:00,65,146.73,1,1,0.2058,3,annual,bank,west
C0000102,2024-02-01 00:00:00+00:00,113,67.43,1,0,-0.2628,1,annual,card,west
C0000110,2024-02-01 00:00:00+00:00,105,116.99,1,2,-0.2372,1,month-to-month,card,east
C0000118,2024-02-01 00:00:00+00:00,78,73.0,2,1,-0.0538,2,two-year,card,north
C0000133,2024-02-01 00:00:00+00:00,42,70.34,2,0,0.1626,1,month-to-month,bank,east
C0000158,2024-02-01 00:00:00+00:00,92,74.29,0,0,-0.0693,2,annual,bank,west
C0000164,2024-02-01 00:00:00+00:00,112,41.82,0,0,0.0721,2,two-year,card,south
C0000231,2024-02-01 00:00:00+00:00,82,57.21,1,1,-0.09,0,annual,card,north
C0000292,2024-02-01 00:00:00+00:00,71,78.87,0,0,-0.1773,3,month-to-month,bank,west
C0000300,2024-02-01 00:00:00+00:00,39,102.48,2,1,-0.1773,0,annual,check,north
C0000304,2024-02-01 00:00:00+00:00,110,47.53,2,0,-0.3861,1,annual,bank,west
C0000330,2024-02-01 00:00:00+00:00,30,124.53,2,0,-0.0071,0,annual,card,south
C0000331,2024-02-01 00:00:00+00:00,76,30.46,2,0,0.0373,1,annual,card,north
C0000348,2024-02-01 00:00:00+00:00,109,42.04,1,0,0.0619,1,month-to-month,card,south
C0000512,2024-02-01 00:00:00+00:00,102,56.26,1,0,0.2283,1,month-to-month,card,west
C0000514,2024-02-01 00:00:00+00:00,51,83.86,0,1,-0.2339,1,annual,bank,south
C0000541,2024-02-01 00:00:00+00:00,58,27.06,0,1,-0.0193,1,month-to-month,check,south
C0000542,2024-02-01 00:00:00+00:00,40,100.04,2,0,0.124,2,annual,bank,west
C0000592,2024-02-01 00:00:00+00:00,54,91.45,2,1,-0.2904,1,month-to-month,card,north
C0000612,2024-02-01 00:00:00+00:00,102,42.83,2,1,-0.1158,1,two-year,bank,south
C0000619,2024-02-01 00:00:00+00:00,20,61.54,0,0,-0.0543,2,month-to-month,bank,west
C0000632,2024-02-01 00:00:00+00:00,82,79.58,0,1,-0.5755,0,month-to-month,card,west
C0000767,2024-02-01 00:00:00+00:00,34,46.62,0,0,-0.3137,1,annual,bank,north
C0000782,2024-02-01 00:00:00+00:00,117,67.38,2,0,0.2498,1,month-to-month,bank,north
C0000807,2024-02-01 00:00:00+00:00,16,83.99,1,0,-0.1828,1,month-to-month,card,west
C0000809,2024-02-01 00:00:00+00:00,74,92.59,1,0,-0.1358,0,month-to-month,bank,west
C0000855,2024-02-01 00:00:00+00:00,18,50.34,1,0,-0.1635,1,month-to-month,bank,north
C0000856,2024-02-01 00:00:00+00:00,3,79.76,1,1,-0.4911,1,annual,card,west
C0000864,2024-02-01 00:00:00+00:00,101,48.62,0,0,-0.1412,0,annual,check,north
C0000892,2024-02-01 00:00:00+00:00,109,60.63,3,3,-0.1737,3,annual,card,west
C0000898,2024-02-01 00:00:00+00:00,50,78.55,1,1,-0.2423,0,month-to-month,card,east
C0000926,2024-02-01 00:00:00+00:00,117,66.62,2,0,0.6301,4,annual,card,west
C0000970,2024-02-01 00:00:00+00:00,54,25.58,1,0,-0.2064,1,month-to-month,card,east
C0001009,2024-02-01 00:00:00+00:00,114,56.26,2,0,0.0713,1,annual,bank,north
C0001046,2024-02-01 00:00:00+00:00,77,82.7,3,1,-0.2731,1,month-to-month,card,west
C0001076,2024-02-01 00:00:00+00:00,55,57.35,3,0,0.0296,3,two-year,bank,west
C0001100,2024-02-01 00:00:00+00:00,22,89.21,0,0,0.3,1,month-to-month,bank,east
C0001102,2024-02-01 00:00:00+00:00,23,61.7,2,0,-0.1242,0,two-year,check,east
C0001104,2024-02-01 00:00:00+00:00,6,68.29,1,0,-0.1547,2,month-to-month,bank,east
C0001136,2024-02-01 00:00:00+00:00,69,47.35,0,2,-0.3517,3,month-to-month,card,north
C0001155,2024-02-01 00:00:00+00:00,63,58.26,0,0,-0.549,1,month-to-month,card,west
C0001170,2024-02-01 00:00:00+00:00,112,51.9,2,0,0.43,2,annual,bank,south
C0001208,2024-02-01 00:00:00+00:00,93,81.14,0,0,0.122,1,annual,bank,north
C0001239,2024-02-01 00:00:00+00:00,120,44.18,1,0,-0.1426,1,month-to-month,bank,west
C0001429,2024-02-01 00:00:00+00:00,15,68.9,1,1,-0.0587,1,month-to-month,bank,south
C0001516,2024-02-01 00:00:00+00:00,26,57.25,3,2,0.1075,1,annual,card,south
C0001537,2024-02-01 00:00:00+00:00,75,70.34,2,1,0.3762,3,annual,card,south
C0001581,2024-02-01 00:00:00+00:00,52,23.94,3,1,0.1027,1,month-to-month,check,south
C0001592,2024-02-01 00:00:00+00:00,58,69.68,3,0,-0.0,1,month-to-month,bank,south
C0001649,2024-02-01 00:00:00+00:00,52,73.06,1,1,-0.3345,3,two-year,card,west
C0001669,2024-02-01 00:00:00+00:00,119,80.85,1,0,0.0653,0,month-to-month,card,south
C0001671,2024-02-01 00:00:00+00:00,73,83.6,1,0,-0.1836,2,annual,bank,south
C0001699,2024-02-01 00:00:00+00:00,14,101.4,3,0,0.1908,3,two-year,card,west
C0001784,2024-02-01 00:00:00+00:00,91,128.5,0,0,-0.1567,4,annual,card,north
C0001800,2024-02-01 00:00:00+00:00,67,60.2,1,0,-0.4641,2,annual,check,south
C0001808,2024-02-01 00:00:00+00:00,78,94.96,0,0,0.0202,1,month-to-month,check,west
C0001848,2024-02-01 00:00:00+00:00,82,64.52,0,0,0.2548,2,annual,bank,north
C0001925,2024-02-01 00:00:00+00:00,74,57.08,1,0,0.0213,1,month-to-month,card,west
C0001927,2024-02-01 00:00:00+00:00,89,62.04,0,0,0.0088,1,month-to-month,card,west
C0002065,2024-02-01 00:00:00+00:00,78,37.5,1,1,0.1852,1,month-to-month,bank,south
C0002101,2024-02-01 00:00:00+00:00,61,62.71,2,0,0.043,0,two-year,card,south
C0002167,2024-02-01 00:00:00+00:00,87,67.53,0,0,-0.0706,2,month-to-month,card,east
C0002169,2024-02-01 00:00:00+00:00,52,48.28,1,0,-0.2436,1,month-to-month,card,west
C0002199,2024-02-01 00:00:00+00:00,28,63.57,0,0,-0.2857,1,month-to-month,card,east
C0002236,2024-02-01 00:00:00+00:00,61,41.34,1,0,0.2646,0,month-to-month,bank,south
C0002243,2024-02-01 00:00:00+00:00,15,102.47,2,0,0.4136,2,month-to-month,card,east
C0002325,2024-02-01 00:00:00+00:00,40,115.98,3,0,-0.0246,1,annual,check,north
C0002338,2024-02-01 00:00:00+00:00,109,99.17,1,0,-0.1568,2,annual,card,north
C0002429,2024-02-01 00:00:00+00:00,98,80.75,1,1,0.0842,3,month-to-month,bank,west
C0002557,2024-02-01 00:00:00+00:00,55,51.5,2,0,-0.1427,1,two-year,bank,north
C0002622,2024-02-01 00:00:00+00:00,39,72.76,2,0,0.0281,3,annual,card,north
C0002650,2024-02-01 00:00:00+00:00,87,47.12,4,1,0.0715,0,two-year,bank,north
C0002652,2024-02-01 00:00:00+00:00,100,82.87,1,0,0.0322,1,month-to-month,card,north
C0002664,2024-02-01 00:00:00+00:00,87,66.64,4,0,0.3115,1,month-to-month,bank,east
C0002714,2024-02-01 00:00:00+00:00,32,59.78,2,0,-0.0341,0,month-to-month,bank,north
C0002784,2024-02-01 00:00:00+00:00,5,78.18,1,1,0.314,2,month-to-month,card,north
C0002785,2024-02-01 00:00:00+00:00,105,87.12,0,1,-0.0287,2,month-to-month,bank,south
C0002786,2024-02-01 00:00:00+00:00,2,84.17,2,0,-0.3548,3,annual,card,north
C0002811,2024-02-01 00:00:00+00:00,12,51.47,1,0,0.0639,1,month-to-month,card,east
C0002825,2024-02-01 00:00:00+00:00,80,138.47,0,0,-0.2055,3,annual,bank,east
C0002839,2024-02-01 00:00:00+00:00,67,57.27,0,0,-0.1383,0,annual,bank,south
C0002841,2024-02-01 00:00:00+00:00,49,37.31,1,0,-0.2445,1,annual,card,east
C0002870,2024-02-01 00:00:00+00:00,30,70.42,2,0,-0.076,1,month-to-month,check,west
C0002881,2024-02-01 00:00:00+00:00,73,67.39,1,0,-0.1829,0,annual,bank,north
C0002908,2024-02-01 00:00:00+00:00,3,121.65,1,0,-0.4037,1,annual,bank,west
C0002909,2024-02-01 00:00:00+00:00,106,99.79,1,0,-0.4424,0,two-year,card,west
C0002910,2024-02-01 00:00:00+00:00,120,100.53,3,1,0.2627,1,two-year,card,south
C0002993,2024-02-01 00:00:00+00:00,73,44.36,0,2,0.0968,2,month-to-month,card,south
C0000006,2024-03-01 00:00:00+00:00,48,57.52,0,0,0.1274,2,annual,card,west
C0000042,2024-03-01 00:00:00+00:00,57,60.09,0,1,-0.3137,4,annual,check,south
C0000084,2024-03-01 00:00:00+00:00,94,72.89,0,1,0.0463,1,month-to-month,bank,east
C0000127,2024-03-01 00:00:00+00:00,85,102.7,1,0,-0.2102,1,annual,bank,south
C0000166,2024-03-01 00:00:00+00:00,111,78.42,0,0,-0.2269,2,annual,bank,west
C0000167,2024-03-01 00:00:00+00:00,106,80.16,0,0,0.1908,1,two-year,card,south
C0000190,2024-03-01 00:00:00+00:00,6,82.51,1,0,-0.4512,2,month-to-month,card,south
C0000192,2024-03-01 00:00:00+00:00,81,58.53,0,0,-0.0813,3,two-year,card,east
C0000211,2024-03-01 00:00:00+00:00,88,81.39,1,0,0.253,0,annual,card,west
C0000233,2024-03-01 00:00:00+00:00,33,69.07,0,0,-0.0497,1,month-to-month,card,north
C0000250,2024-03-01 00:00:00+00:00,18,54.26,0,1,0.2591,0,month-to-month,card,west
C0000268,2024-03-01 00:00:00+00:00,15,47.46,0,0,-0.1404,0,month-to-month,card,south
C0000351,2024-03-01 00:00:00+00:00,48,55.38,0,0,-0.1493,2,month-to-month,check,west
C0000375,2024-03-01 00:00:00+00:00,96,52.57,0,0,-0.1676,2,month-to-month,card,east
C0000413,2024-03-01 00:00:00+00:00,73,87.75,1,0,-0.0515,1,two-year,card,west
C0000495,2024-03-01 00:00:00+00:00,80,94.11,0,0,0.0157,0,month-to-month,bank,south
C0000520,2024-03-01 00:00:00+00:00,88,78.66,2,1,0.3393,1,annual,bank,north
C0000538,2024-03-01 00:00:00+00:00,39,56.9,1,1,0.1347,1,two-year,check,east
C0000540,2024-03-01 00:00:00+00:00,27,37.15,0,0,-0.1612,1,month-to-month,card,east
C0000618,2024-03-01 00:00:00+00:00,89,112.93,0,0,-0.1022,0,month-to-month,card,west
C0000639,2024-03-01 00:00:00+00:00,50,50.28,0,2,-0.2606,0,annual,bank,west
C0000705,2024-03-01 00:00:00+00:00,69,87.33,1,0,0.1226,3,month-to-month,bank,north
C0000735,2024-03-01 00:00:00+00:00,59,70.89,2,0,-0.005,1,month-to-month,card,west
C0000743,2024-03-01 00:00:00+00:00,91,114.04,4,0,0.0782,1,month-to-month,card,south
C0000788,2024-03-01 00:00:00+00:00,53,76.29,1,0,0.4342,1,two-year,card,north
C0000817,2024-03-01 00:00:00+00:00,54,118.75,2,2,-0.1172,2,annual,bank,west
C0000837,2024-03-01 00:00:00+00:00,39,99.67,1,1,0.0224,1,two-year,bank,south
C0000863,2024-03-01 00:00:00+00:00,45,51.86,0,0,-0.0085,3,month-to-month,bank,east
C0000865,2024-03-01 00:00:00+00:00,72,59.22,1,1,-0.0313,0,month-to-month,bank,north
C0000886,2024-03-01 00:00:00+00:00,51,60.62,0,0,0.087,1,month-to-month,card,east
C0000903,2024-03-01 00:00:00+00:00,109,49.62,2,0,0.0383,3,annual,card,north
C0000960,2024-03-01 00:00:00+00:00,87,66.16,3,0,0.2521,1,annual,bank,east
C0000969,2024-03-01 00:00:00+00:00,120,82.14,3,0,0.1809,1,month-to-month,bank,west
C0000990,2024-03-01 00:00:00+00:00,14,101.27,2,1,0.2534,0,month-to-month,check,east
C0001060,2024-03-01 00:00:00+00:00,91,61.98,2,0,0.055,1,two-year,card,east
C0001087,2024-03-01 00:00:00+00:00,6,75.59,1,0,-0.0011,0,month-to-month,card,west
C0001108,2024-03-01 00:00:00+00:00,4,99.46,2,0,-0.0665,0,month-to-month,card,south
C0001132,2024-03-01 00:00:00+00:00,24,72.22,2,0,0.021,0,month-to-month,card,west
C0001140,2024-03-01 00:00:00+00:00,113,66.91,1,0,-0.3783,4,month-to-month,bank,east
C0001180,2024-03-01 00:00:00+00:00,30,75.88,1,1,0.0388,0,two-year,bank,west
C0001186,2024-03-01 00:00:00+00:00,73,117.66,0,0,-0.0432,1,annual,card,west
C0001199,2024-03-01 00:00:00+00:00,15,75.07,1,1,-0.0437,1,annual,bank,north
C0001223,2024-03-01 00:00:00+00:00,71,44.83,0,0,0.0496,6,month-to-month,card,east
C0001256,2024-03-01 00:00:00+00:00,106,126.94,2,0,-0.0582,0,month-to-month,card,east
C0001266,2024-03-01 00:00:00+00:00,81,77.79,2,0,-0.1586,1,month-to-month,bank,west
C0001268,2024-03-01 00:00:00+00:00,51,62.71,0,0,-0.2101,2,two-year,bank,south
C0001287,2024-03-01 00:00:00+00:00,78,83.5,0,1,-0.3024,2,annual,card,north
C0001290,2024-03-01 00:00:00+00:00,113,37.82,4,0,-0.1368,0,month-to-month,card,west
C0001300,2024-03-01 00:00:00+00:00,8,68.82,1,0,-0.2813,1,annual,card,east
C0001326,2024-03-01 00:00:00+00:00,17,94.15,4,1,-0.0897,2,annual,card,north
C0001357,2024-03-01 00:00:00+00:00,56,15.0,1,0,0.025,3,month-to-month,bank,east
C0001359,2024-03-01 00:00:00+00:00,42,80.87,2,0,-0.0238,0,annual,card,south
C0001380,2024-03-01 00:00:00+00:00,9,90.77,2,0,0.0307,3,annual,card,north
C0001381,2024-03-01 00:00:00+00:00,76,82.26,1,0,-0.0496,0,month-to-month,check,south
C0001421,2024-03-01 00:00:00+00:00,100,71.1,0,1,0.2284,5,month-to-month,card,west
C0001456,2024-03-01 00:00:00+00:00,70,62.43,2,1,0.0249,0,month-to-month,check,west
C0001462,2024-03-01 00:00:00+00:00,120,108.44,1,0,-0.2406,2,annual,bank,west
C0001487,2024-03-01 00:00:00+00:00,117,55.84,1,0,0.1604,1,annual,check,east
C0001509,2024-03-01 00:00:00+00:00,16,15.0,1,0,-0.275,1,annual,card,east
C0001511,2024-03-01 00:00:00+00:00,51,77.48,2,0,0.032,0,month-to-month,bank,south
C0001532,2024-03-01 00:00:00+00:00,117,74.69,0,0,-0.1739,0,month-to-month,bank,east
C0001602,2024-03-01 00:00:00+00:00,56,100.7,1,1,-0.2545,1,annual,card,north
C0001685,2024-03-01 00:00:00+00:00,6,79.64,2,0,-0.0395,1,annual,bank,south
C0001737,2024-03-01 00:00:00+00:00,76,98.03,0,0,-0.6271,1,annual,card,south
C0001747,2024-03-01 00:00:00+00:00,103,27.82,0,1,-0.3259,2,annual,check,north
C0001809,2024-03-01 00:00:00+00:00,92,83.2,2,0,-0.062,0,month-to-month,bank,south
C0001810,2024-03-01 00:00:00+00:00,86,105.21,1,1,-0.3159,1,month-to-month,bank,west
C0001813,2024-03-01 00:00:00+00:00,46,105.05,1,0,0.044,1,month-to-month,card,south
C0001840,2024-03-01 00:00:00+00:00,92,65.12,0,0,0.0115,2,month-to-month,card,west
C0001853,2024-03-01 00:00:00+00:00,86,53.86,2,0,0.1683,1,two-year,card,south
C0001892,2024-03-01 00:00:00+00:00,9,85.4,1,0,0.0275,1,annual,bank,north
C0001911,2024-03-01 00:00:00+00:00,103,84.96,1,1,-0.261,2,month-to-month,check,east
C0001962,2024-03-01 00:00:00+00:00,28,102.62,2,0,-0.4092,1,annual,check,west
C0002010,2024-03-01 00:00:00+00:00,94,89.11,2,0,0.1247,1,month-to-month,check,east
C0002095,2024-03-01 00:00:00+00:00,48,69.42,0,0,0.1479,1,annual,card,east
C0002135,2024-03-01 00:00:00+00:00,11,95.14,0,1,0.2806,1,month-to-month,card,west
C0002178,2024-03-01 00:00:00+00:00,74,61.37,2,0,0.207,0,month-to-month,card,south
C0002195,2024-03-01 00:00:00+00:00,64,71.14,2,1,-0.1853,0,annual,card,west
C0002242,2024-03-01 00:00:00+00:00,82,50.0,3,0,0.019,0,month-to-month,check,east
C0002251,2024-03-01 00:00:00+00:00,36,18.54,0,1,-0.0008,2,month-to-month,card,north
C0002311,2024-03-01 00:00:00+00:00,75,43.31,0,0,-0.5684,1,month-to-month,bank,east
C0002357,2024-03-01 00:00:00+00:00,72,66.4,0,0,-0.2334,1,month-to-month,card,west
C0002387,2024-03-01 00:00:00+00:00,102,70.0,2,0,-0.0655,0,month-to-month,card,north
C0002399,2024-03-01 00:00:00+00:00,9,47.0,1,1,0.1206,2,month-to-month,card,west
C0002427,2024-03-01 00:00:00+00:00,28,102.15,3,0,0.0201,1,annual,card,south
C0002543,2024-03-01 00:00:00+00:00,119,92.41,1,0,-0.0786,1,month-to-month,card,south
C0002558,2024-03-01 00:00:00+00:00,26,73.39,2,0,0.2299,1,month-to-month,card,south
C0002580,2024-03-01 00:00:00+00:00,78,51.09,3,0,0.2302,2,month-to-month,bank,south
C0002628,2024-03-01 00:00:00+00:00,68,113.1,3,1,-0.1558,2,month-to-month,bank,south
C0002658,2024-03-01 00:00:00+00:00,29,140.12,3,0,-0.1681,0,month-to-month,card,north
C0002683,2024-03-01 00:00:00+00:00,52,78.02,2,0,-0.0082,0,annual,card,south
C0002712,2024-03-01 00:00:00+00:00,20,90.41,2,0,-0.328,2,annual,card,east
C0002725,2024-03-01 00:00:00+00:00,59,96.24,0,0,-0.0698,3,month-to-month,bank,west
C0002728,2024-03-01 00:00:00+00:00,78,89.97,0,1,0.183,1,month-to-month,bank,north
C0002732,2024-03-01 00:00:00+00:00,21,124.06,1,0,-0.1205,1,month-to-month,card,north
C0002738,2024-03-01 00:00:00+00:00,29,33.23,1,0,0.1465,1,month-to-month,bank,north
C0002807,2024-03-01 00:00:00+00:00,8,62.85,1,0,0.2217,1,two-year,card,east
C0002846,2024-03-01 00:00:00+00:00,55,74.69,3,0,0.1481,0,annual,bank,west
C0002869,2024-03-01 00:00:00+00:00,24,86.77,1,0,-0.0198,1,month-to-month,card,west
C0002875,2024-03-01 00:00:00+00:00,43,44.15,1,0,-0.0005,2,month-to-month,check,east
C0002885,2024-03-01 00:00:00+00:00,74,68.69,1,0,-0.0281,1,two-year,card,north
C0002919,2024-03-01 00:00:00+00:00,116,41.39,1,0,0.0712,0,month-to-month,check,west
C0002923,2024-03-01 00:00:00+00:00,47,62.2,2,0,-0.3174,0,month-to-month,card,east
C0002952,2024-03-01 00:00:00+00:00,45,45.22,0,0,0.1332,1,two-year,card,west
C0002959,2024-03-01 00:00:00+00:00,85,64.39,2,0,-0.3719,1,two-year,bank,north
C0002973,2024-03-01 00:00:00+00:00,49,87.08,2,0,-0.149,2,annual,card,south
C0002998,2024-03-01 00:00:00+00:00,74,80.05,0,0,0.0134,0,month-to-month,card,north
C0000018,2024-04-01 00:00:00+00:00,8,15.0,1,0,-0.0335,1,annual,bank,north
C0000028,2024-04-01 00:00:00+00:00,13,83.75,4,0,-0.1426,1,two-year,card,south
C0000086,2024-04-01 00:00:00+00:00,2,66.17,2,0,-0.0576,2,annual,card,east
C0000154,2024-04-01 00:00:00+00:00,29,59.7,0,1,-0.1848,0,month-to-month,card,west
C0000162,2024-04-01 00:00:00+00:00,91,27.13,2,0,0.1703,4,annual,bank,north
C0000251,2024-04-01 00:00:00+00:00,75,54.69,1,0,-0.1957,1,two-year,card,south
C0000285,2024-04-01 00:00:00+00:00,76,42.75,0,1,-0.1703,0,month-to-month,check,north
C0000293,2024-04-01 00:00:00+00:00,37,112.69,2,1,-0.5528,1,annual,card,north
C0000297,2024-04-01 00:00:00+00:00,54,90.93,2,0,0.2823,4,month-to-month,card,west
C0000337,2024-04-01 00:00:00+00:00,42,51.71,3,0,-0.0631,0,annual,card,north
C0000430,2024-04-01 00:00:00+00:00,103,73.19,1,0,0.0156,0,month-to-month,card,south
C0000444,2024-04-01 00:00:00+00:00,60,125.52,0,0,-0.0981,1,annual,card,north
C0000454,2024-04-01 00:00:00+00:00,9,60.42,3,1,0.1086,0,month-to-month,card,east
C0000492,2024-04-01 00:00:00+00:00,15,75.42,0,0,0.2347,1,month-to-month,card,east
C0000497,2024-04-01 00:00:00+00:00,110,40.64,2,0,-0.1248,1,two-year,check,west
C0000505,2024-04-01 00:00:00+00:00,50,69.48,2,1,-0.2152,0,month-to-month,check,north
C0000548,2024-04-01 00:00:00+00:00,77,62.25,1,0,-0.0662,1,two-year,card,south
C0000555,2024-04-01 00:00:00+00:00,118,105.4,1,0,0.0921,0,annual,check,west
C0000565,2024-04-01 00:00:00+00:00,58,108.45,2,1,-0.1305,1,month-to-month,card,east
C0000593,2024-04-01 00:00:00+00:00,108,37.65,0,0,0.2459,2,month-to-month,bank,north
C0000637,2024-04-01 00:00:00+00:00,47,56.17,0,0,0.1684,1,month-to-month,bank,west
C0000650,2024-04-01 00:00:00+00:00,103,90.9,0,0,-0.0425,1,month-to-month,card,north
C0000824,2024-04-01 00:00:00+00:00,93,53.91,0,0,-0.0637,1,month-to-month,card,south
C0000842,2024-04-01 00:00:00+00:00,18,43.97,2,1,-0.251,0,month-to-month,bank,north
C0000869,2024-04-01 00:00:00+00:00,37,81.75,0,0,-0.212,0,annual,bank,north
C0000919,2024-04-01 00:00:00+00:00,91,81.67,2,0,-0.1382,3,month-to-month,card,west
C0000964,2024-04-01 00:00:00+00:00,16,65.23,0,0,0.0484,0,month-to-month,card,east
C0000997,2024-04-01 00:00:00+00:00,26,86.95,2,0,0.0531,2,month-to-month,card,north
C0001014,2024-04-01 00:00:00+00:00,68,126.26,2,1,0.1491,1,annual,check,west
C0001015,2024-04-01 00:00:00+00:00,95,84.31,0,0,0.2273,0,month-to-month,bank,north
C0001039,2024-04-01 00:00:00+00:00,101,71.57,0,0,-0.237,0,month-to-month,card,south
C0001070,2024-04-01 00:00:00+00:00,50,32.37,2,0,0.2193,1,two-year,check,south
C0001075,2024-04-01 00:00:00+00:00,81,66.94,1,0,0.1332,1,month-to-month,card,south
C0001084,2024-04-01 00:00:00+00:00,58,88.62,1,0,-0.0619,2,two-year,bank,south
C0001103,2024-04-01 00:00:00+00:00,71,90.01,0,0,0.1384,1,two-year,card,west
C0001166,2024-04-01 00:00:00+00:00,95,64.4,2,1,0.2249,2,annual,card,north
C0001262,2024-04-01 00:00:00+00:00,111,88.41,0,1,-0.0549,1,annual,bank,south
C0001424,2024-04-01 00:00:00+00:00,21,83.11,2,0,-0.1046,1,annual,bank,north
C0001430,2024-04-01 00:00:00+00:00,24,27.02,0,0,-0.1657,1,month-to-month,card,east
C0001439,2024-04-01 00:00:00+00:00,22,84.99,1,0,-0.2447,0,month-to-month,check,east
C0001444,2024-04-01 00:00:00+00:00,8,125.14,0,0,0.1423,0,month-to-month,card,west
C0001472,2024-04-01 00:00:00+00:00,39,88.46,1,1,-0.2998,1,month-to-month,bank,east
C0001495,2024-04-01 00:00:00+00:00,77,65.8,1,1,0.0075,0,two-year,bank,east
C0001520,2024-04-01 00:00:00+00:00,70,102.23,1,0,-0.0147,0,month-to-month,card,west
C0001642,2024-04-01 00:00:00+00:00,113,100.11,1,0,0.2896,0,two-year,card,west
C0001688,2024-04-01 00:00:00+00:00,117,63.1,2,1,0.3445,0,month-to-month,card,west
C0001725,2024-04-01 00:00:00+00:00,74,79.67,1,1,-0.2517,1,annual,bank,south
C0001858,2024-04-01 00:00:00+00:00,42,81.01,0,0,-0.1304,5,annual,bank,east
C0001900,2024-04-01 00:00:00+00:00,71,69.74,0,0,0.1191,1,annual,bank,north
C0001920,2024-04-01 00:00:00+00:00,81,98.34,2,0,-0.3991,1,annual,bank,west
C0001967,2024-04-01 00:00:00+00:00,50,41.45,2,0,-0.2714,1,annual,bank,west
C0002003,2024-04-01 00:00:00+00:00,25,112.67,0,0,0.1012,1,annual,card,south
C0002012,2024-04-01 00:00:00+00:00,43,53.75,3,0,0.1459,2,month-to-month,card,south
C0002044,2024-04-01 00:00:00+00:00,55,81.4,1,1,0.3238,1,month-to-month,card,north
C0002084,2024-04-01 00:00:00+00:00,60,74.24,1,0,-0.0051,1,annual,card,south
C0002118,2024-04-01 00:00:00+00:00,84,61.24,0,0,0.1317,0,month-to-month,check,west
C0002136,2024-04-01 00:00:00+00:00,21,117.49,1,0,0.0205,0,month-to-month,card,south
C0002137,2024-04-01 00:00:00+00:00,87,105.55,2,0,0.068,2,two-year,bank,north
C0002151,2024-04-01 00:00:00+00:00,30,42.64,0,0,-0.261,0,month-to-month,check,south
C0002278,2024-04-01 00:00:00+00:00,120,74.5,2,0,-0.116,1,month-to-month,check,east
C0002292,2024-04-01 00:00:00+00:00,45,85.08,4,0,0.5399,0,month-to-month,card,north
C0002326,2024-04-01 00:00:00+00:00,48,43.89,4,0,-0.2766,1,month-to-month,card,west
C0002337,2024-04-01 00:00:00+00:00,42,67.68,1,1,-0.4403,1,month-to-month,card,south
C0002397,2024-04-01 00:00:00+00:00,59,99.6,1,2,0.0273,0,annual,card,south
C0002433,2024-04-01 00:00:00+00:00,120,47.65,1,0,-0.0404,0,two-year,bank,north
C0002459,2024-04-01 00:00:00+00:00,50,95.87,0,0,0.1307,0,annual,check,south
C0002495,2024-04-01 00:00:00+00:00,64,87.35,1,0,0.0497,1,annual,check,north
C0002529,2024-04-01 00:00:00+00:00,60,100.6,0,0,0.1407,1,annual,bank,south
C0002534,2024-04-01 00:00:00+00:00,86,65.36,2,1,-0.1891,1,month-to-month,card,south
C0002730,2024-04-01 00:00:00+00:00,29,76.98,0,0,0.2643,0,annual,bank,east
C0002735,2024-04-01 00:00:00+00:00,3,69.29,0,0,-0.2737,0,annual,check,west
C0002781,2024-04-01 00:00:00+00:00,66,54.12,3,0,-0.3126,1,month-to-month,bank,north
C0002848,2024-04-01 00:00:00+00:00,29,33.04,0,0,-0.3468,2,month-to-month,card,east
C0002871,2024-04-01 00:00:00+00:00,120,57.56,0,1,0.0427,0,two-year,card,west
C0002883,2024-04-01 00:00:00+00:00,100,71.62,3,1,0.023,2,month-to-month,bank,north
C0002931,2024-04-01 00:00:00+00:00,109,37.56,1,1,0.2869,1,annual,check,south
C0002935,2024-04-01 00:00:00+00:00,107,44.16,1,1,0.164,1,annual,check,east
C0000038,2024-05-01 00:00:00+00:00,110,81.23,2,0,0.0015,0,annual,bank,west
C0000096,2024-05-01 00:00:00+00:00,40,45.89,2,0,-0.0518,1,month-to-month,card,west
C0000203,2024-05-01 00:00:00+00:00,12,57.66,3,0,0.3104,0,two-year,bank,west
C0000206,2024-05-01 00:00:00+00:00,120,85.21,0,1,0.1739,0,month-to-month,card,south
C0000208,2024-05-01 00:00:00+00:00,69,15.0,0,0,0.2833,0,month-to-month,card,north
C0000227,2024-05-01 00:00:00+00:00,117,85.91,2,0,0.1649,1,annual,card,north
C0000284,2024-05-01 00:00:00+00:00,76,123.44,2,0,-0.0313,2,annual,bank,west
C0000310,2024-05-01 00:00:00+00:00,58,124.7,1,0,0.2357,1,month-to-month,bank,north
C0000311,2024-05-01 00:00:00+00:00,36,71.25,3,0,-0.2749,1,month-to-month,check,south
C0000316,2024-05-01 00:00:00+00:00,103,102.06,2,0,-0.1493,0,month-to-month,check,west
C0000324,2024-05-01 00:00:00+00:00,103,101.23,3,0,0.0149,2,month-to-month,bank,north
C0000366,2024-05-01 00:00:00+00:00,45,90.4,0,0,0.3299,1,month-to-month,check,south
C0000440,2024-05-01 00:00:00+00:00,51,75.64,1,1,0.2441,4,month-to-month,bank,south
C0000456,2024-05-01 00:00:00+00:00,101,91.38,1,1,0.1421,0,two-year,bank,east
C0000489,2024-05-01 00:00:00+00:00,8,58.72,1,1,-0.4428,1,month-to-month,bank,north
C0000552,2024-05-01 00:00:00+00:00,83,114.15,0,0,0.3325,2,annual,card,west
C0000568,2024-05-01 00:00:00+00:00,31,41.16,2,0,-0.6208,2,annual,card,west
C0000588,2024-05-01 00:00:00+00:00,69,72.16,0,0,-0.4536,3,month-to-month,bank,east
C0000595,2024-05-01 00:00:00+00:00,72,75.87,0,1,0.416,1,month-to-month,card,south
C0000638,2024-05-01 00:00:00+00:00,37,98.39,1,0,0.193,0,two-year,check,east
C0000685,2024-05-01 00:00:00+00:00,75,60.93,2,0,0.0132,3,month-to-month,bank,south
C0000686,2024-05-01 00:00:00+00:00,7,29.83,0,0,-0.3642,1,two-year,bank,south
C0000701,2024-05-01 00:00:00+00:00,91,95.4,6,0,0.057,0,annual,card,north
C0000704,2024-05-01 00:00:00+00:00,59,28.57,0,0,0.2313,2,month-to-month,bank,south
C0000751,2024-05-01 00:00:00+00:00,2,80.06,4,2,0.4719,1,month-to-month,card,east
C0000766,2024-05-01 00:00:00+00:00,20,103.42,0,0,-0.1166,1,month-to-month,card,north
C0000779,2024-05-01 00:00:00+00:00,98,89.54,2,0,-0.1084,0,two-year,card,north
C0000792,2024-05-01 00:00:00+00:00,8,71.8,1,1,0.2585,2,two-year,card,south
C0000871,2024-05-01 00:00:00+00:00,55,87.84,1,0,-0.0282,2,two-year,bank,east
C0000911,2024-05-01 00:00:00+00:00,27,83.33,1,0,0.0019,3,month-to-month,check,west
C0000931,2024-05-01 00:00:00+00:00,71,90.83,2,0,0.0454,0,month-to-month,card,south
C0000938,2024-05-01 00:00:00+00:00,95,26.73,1,2,-0.1763,0,annual,card,north
C0000952,2024-05-01 00:00:00+00:00,47,95.48,0,0,-0.079,1,month-to-month,card,east
C0000979,2024-05-01 00:00:00+00:00,8,82.71,3,0,0.0272,1,annual,bank,north
C0001024,2024-05-01 00:00:00+00:00,78,34.42,2,0,0.0506,4,month-to-month,bank,east
C0001068,2024-05-01 00:00:00+00:00,60,105.76,2,0,-0.4182,2,annual,bank,north
C0001090,2024-05-01 00:00:00+00:00,6,35.56,2,0,0.4127,0,annual,bank,south
C0001092,2024-05-01 00:00:00+00:00,50,75.74,2,0,0.1006,1,month-to-month,bank,north
C0001173,2024-05-01 00:00:00+00:00,64,147.7,1,0,-0.0249,3,annual,check,east
C0001191,2024-05-01 00:00:00+00:00,119,70.78,1,0,-0.3165,2,month-to-month,card,east
C0001232,2024-05-01 00:00:00+00:00,112,91.6,1,0,-0.2601,0,month-to-month,check,east
C0001299,2024-05-01 00:00:00+00:00,43,31.62,2,0,0.0376,3,month-to-month,card,north
C0001448,2024-05-01 00:00:00+00:00,84,103.35,0,0,0.3233,1,month-to-month,bank,north
C0001469,2024-05-01 00:00:00+00:00,8,43.01,1,1,0.4184,1,month-to-month,card,west
C0001486,2024-05-01 00:00:00+00:00,73,62.23,1,2,0.1521,0,annual,bank,east
C0001522,2024-05-01 00:00:00+00:00,91,15.0,1,0,-0.2734,0,month-to-month,card,west
C0001540,2024-05-01 00:00:00+00:00,96,52.1,1,0,0.1079,0,annual,bank,east
C0001576,2024-05-01 00:00:00+00:00,6,85.32,5,0,0.6301,3,month-to-month,bank,west
C0001631,2024-05-01 00:00:00+00:00,120,110.6,3,0,0.1477,2,month-to-month,bank,east
C0001714,2024-05-01 00:00:00+00:00,57,51.86,4,0,-0.2235,0,month-to-month,card,north
C0001731,2024-05-01 00:00:00+00:00,112,49.92,1,1,-0.0513,0,month-to-month,card,east
C0001735,2024-05-01 00:00:00+00:00,8,96.95,1,0,-0.097,0,month-to-month,card,east
C0001760,2024-05-01 00:00:00+00:00,86,50.24,2,0,-0.3728,2,two-year,bank,west
C0001821,2024-05-01 00:00:00+00:00,51,76.04,1,1,-0.0653,2,month-to-month,card,west
C0001850,2024-05-01 00:00:00+00:00,4,43.72,0,0,-0.1023,2,annual,card,west
C0001903,2024-05-01 00:00:00+00:00,64,92.92,1,1,-0.46,1,annual,bank,east
C0001958,2024-05-01 00:00:00+00:00,91,54.81,1,1,-0.1656,3,two-year,bank,east
C0001973,2024-05-01 00:00:00+00:00,15,119.2,2,0,0.179,0,month-to-month,card,west
C0001989,2024-05-01 00:00:00+00:00,49,84.97,0,0,0.0182,0,month-to-month,card,east
C0002006,2024-05-01 00:00:00+00:00,98,105.01,1,2,-0.2738,2,two-year,bank,south
C0002011,2024-05-01 00:00:00+00:00,68,80.85,3,0,0.1463,0,month-to-month,card,east
C0002015,2024-05-01 00:00:00+00:00,48,45.93,3,0,0.2298,0,annual,card,west
C0002024,2024-05-01 00:00:00+00:00,103,77.57,4,0,-0.0798,2,two-year,card,east
C0002073,2024-05-01 00:00:00+00:00,41,90.09,2,0,0.1386,1,month-to-month,check,east
C0002075,2024-05-01 00:00:00+00:00,103,30.34,0,0,0.1809,1,two-year,card,north
C0002098,2024-05-01 00:00:00+00:00,116,115.64,1,0,-0.0343,1,month-to-month,card,north
C0002117,2024-05-01 00:00:00+00:00,86,95.95,2,1,-0.3232,1,month-to-month,card,east
C0002144,2024-05-01 00:00:00+00:00,99,93.87,0,0,-0.2578,0,annual,bank,north
C0002159,2024-05-01 00:00:00+00:00,73,49.85,1,1,0.5379,2,annual,card,north
C0002204,2024-05-01 00:00:00+00:00,47,53.41,0,0,0.4468,0,month-to-month,card,south
C0002215,2024-05-01 00:00:00+00:00,68,75.9,0,0,-0.1128,0,annual,card,west
C0002233,2024-05-01 00:00:00+00:00,48,79.66,2,0,0.0643,1,month-to-month,bank,east
C0002287,2024-05-01 00:00:00+00:00,2,60.15,2,1,-0.0151,0,month-to-month,bank,west
C0002324,2024-05-01 00:00:00+00:00,16,73.11,1,0,-0.2951,1,annual,bank,north
C0002354,2024-05-01 00:00:00+00:00,52,68.86,2,1,-0.2085,3,month-to-month,card,north
C0002361,2024-05-01 00:00:00+00:00,23,65.6,0,0,0.0788,1,month-to-month,bank,west
C0002364,2024-05-01 00:00:00+00:00,93,63.17,3,0,0.067,1,month-to-month,bank,east
C0002366,2024-05-01 00:00:00+00:00,99,124.06,1,0,-0.0111,1,month-to-month,card,north
C0002379,2024-05-01 00:00:00+00:00,35,62.65,0,0,-0.1124,0,annual,check,west
C0002389,2024-05-01 00:00:00+00:00,91,78.12,0,0,0.0984,1,annual,bank,south
C0002454,2024-05-01 00:00:00+00:00,70,116.34,0,0,0.0703,0,month-to-month,bank,north
C0002455,2024-05-01 00:00:00+00:00,42,94.7,3,0,-0.1784,0,month-to-month,check,west
C0002460,2024-05-01 00:00:00+00:00,38,95.37,1,0,-0.005,0,month-to-month,card,north
C0002478,2024-05-01 00:00:00+00:00,21,98.05,0,1,-0.0792,0,month-to-month,bank,north
C0002482,2024-05-01 00:00:00+00:00,41,80.4,0,0,0.2576,0,month-to-month,card,east
C0002486,2024-05-01 00:00:00+00:00,109,87.4,0,1,0.2088,1,annual,card,west
C0002509,2024-05-01 00:00:00+00:00,42,66.93,3,1,0.0278,0,month-to-month,card,north
C0002526,2024-05-01 00:00:00+00:00,15,81.53,2,0,0.2164,1,month-to-month,bank,east
C0002536,2024-05-01 00:00:00+00:00,104,41.71,2,0,-0.0164,2,two-year,bank,east
C0002545,2024-05-01 00:00:00+00:00,10,60.87,1,0,-0.3211,2,month-to-month,card,south
C0002560,2024-05-01 00:00:00+00:00,90,51.25,1,0,0.0537,0,annual,bank,west
C0002615,2024-05-01 00:00:00+00:00,94,111.82,2,0,-0.3746,3,month-to-month,bank,north
C0002653,2024-05-01 00:00:00+00:00,60,59.56,2,1,-0.1979,0,month-to-month,bank,east
C0002695,2024-05-01 00:00:00+00:00,114,92.9,3,1,-0.2545,0,annual,card,west
C0002701,2024-05-01 00:00:00+00:00,53,73.41,1,2,-0.2238,1,annual,card,west
C0002742,2024-05-01 00:00:00+00:00,3,97.17,2,1,-0.2548,0,month-to-month,bank,east
C0002816,2024-05-01 00:00:00+00:00,9,93.34,0,0,-0.3593,1,annual,card,east
C0002822,2024-05-01 00:00:00+00:00,100,58.42,2,0,-0.056,2,annual,card,north
C0002867,2024-05-01 00:00:00+00:00,41,28.99,3,0,-0.6067,2,month-to-month,bank,north
C0002892,2024-05-01 00:00:00+00:00,81,46.88,2,0,-0.0624,2,month-to-month,card,west
C0002978,2024-05-01 00:00:00+00:00,111,113.76,1,0,0.1432,0,month-to-month,card,west
C0000001,2024-06-01 00:00:00+00:00,28,44.04,4,1,-0.2163,2,month-to-month,card,west
C0000015,2024-06-01 00:00:00+00:00,18,86.15,1,0,-0.0566,1,month-to-month,bank,north
C0000020,2024-06-01 00:00:00+00:00,78,100.24,1,0,-0.1379,0,two-year,bank,west
C0000036,2024-06-01 00:00:00+00:00,53,48.62,3,0,0.0491,1,month-to-month,check,west
C0000052,2024-06-01 00:00:00+00:00,117,58.36,1,0,-0.3629,2,annual,card,south
C0000128,2024-06-01 00:00:00+00:00,101,44.33,1,0,-0.2245,2,month-to-month,card,north
C0000153,2024-06-01 00:00:00+00:00,72,41.03,0,0,0.0239,4,month-to-month,check,north
C0000182,2024-06-01 00:00:00+00:00,57,61.04,3,0,0.2205,3,month-to-month,bank,east
C0000317,2024-06-01 00:00:00+00:00,36,51.12,0,3,-0.3003,0,annual,card,north
C0000342,2024-06-01 00:00:00+00:00,55,97.28,0,0,0.1543,1,month-to-month,bank,south
C0000355,2024-06-01 00:00:00+00:00,69,44.03,3,0,0.0673,1,month-to-month,bank,west
C0000362,2024-06-01 00:00:00+00:00,94,57.84,2,1,-0.1214,1,annual,check,north
C0000381,2024-06-01 00:00:00+00:00,40,42.35,4,2,-0.0649,0,two-year,card,east
C0000395,2024-06-01 00:00:00+00:00,65,76.77,1,2,0.1597,3,two-year,bank,east
C0000439,2024-06-01 00:00:00+00:00,13,28.35,0,1,-0.0656,3,annual,bank,west
C0000503,2024-06-01 00:00:00+00:00,111,93.68,2,0,0.1483,1,annual,check,east
C0000563,2024-06-01 00:00:00+00:00,34,113.51,3,0,-0.3036,2,month-to-month,bank,east
C0000621,2024-06-01 00:00:00+00:00,113,73.72,2,0,0.037,0,month-to-month,card,west
C0000656,2024-06-01 00:00:00+00:00,3,53.07,0,2,-0.3553,3,month-to-month,bank,west
C0000697,2024-06-01 00:00:00+00:00,85,107.3,1,0,0.0874,1,month-to-month,check,north
C0000723,2024-06-01 00:00:00+00:00,59,37.88,2,0,-0.0239,1,month-to-month,card,south
C0000760,2024-06-01 00:00:00+00:00,73,88.63,0,0,-0.2254,1,annual,card,east
C0000762,2024-06-01 00:00:00+00:00,48,91.72,1,0,0.067,5,month-to-month,card,south
C0000858,2024-06-01 00:00:00+00:00,39,44.31,3,0,0.0092,1,two-year,bank,east
C0000965,2024-06-01 00:00:00+00:00,47,46.01,2,0,-0.405,1,annual,card,south
C0000999,2024-06-01 00:00:00+00:00,101,100.41,1,0,-0.3417,0,annual,card,south
C0001065,2024-06-01 00:00:00+00:00,68,106.75,1,1,0.4242,0,month-to-month,card,north
C0001071,2024-06-01 00:00:00+00:00,44,69.09,2,2,-0.1756,0,two-year,card,south
C0001157,2024-06-01 00:00:00+00:00,114,69.97,0,0,-0.0038,1,annual,bank,west
C0001165,2024-06-01 00:00:00+00:00,18,91.26,0,1,-0.091,3,month-to-month,bank,east
C0001189,2024-06-01 00:00:00+00:00,14,78.73,1,0,0.5395,2,month-to-month,card,south
C0001202,2024-06-01 00:00:00+00:00,93,54.77,0,1,0.3294,1,annual,card,east
C0001220,2024-06-01 00:00:00+00:00,51,117.48,2,0,-0.0314,1,month-to-month,card,north
C0001252,2024-06-01 00:00:00+00:00,54,43.58,0,0,0.2151,0,month-to-month,card,north
C0001277,2024-06-01 00:00:00+00:00,63,80.0,1,1,0.184,1,annual,card,north
C0001318,2024-06-01 00:00:00+00:00,8,90.05,2,1,-0.2564,1,month-to-month,card,east
C0001328,2024-06-01 00:00:00+00:00,116,105.69,0,0,-0.1626,2,annual,bank,north
C0001346,2024-06-01 00:00:00+00:00,38,97.66,1,0,0.0796,1,month-to-month,bank,east
C0001410,2024-06-01 00:00:00+00:00,79,95.85,1,0,-0.3995,3,annual,card,north
C0001480,2024-06-01 00:00:00+00:00,65,61.42,1,0,-0.1102,1,month-to-month,check,south
C0001503,2024-06-01 00:00:00+00:00,39,123.23,0,0,-0.3622,0,month-to-month,card,east
C0001609,2024-06-01 00:00:00+00:00,47,120.77,1,0,-0.1423,1,month-to-month,card,south
C0001624,2024-06-01 00:00:00+00:00,7,126.7,2,1,-0.0103,3,month-to-month,bank,south
C0001636,2024-06-01 00:00:00+00:00,72,89.39,2,1,-0.0593,1,month-to-month,card,south
C0001645,2024-06-01 00:00:00+00:00,16,59.27,2,0,0.0824,0,month-to-month,card,north
C0001674,2024-06-01 00:00:00+00:00,71,68.01,1,0,0.0678,0,two-year,card,north
C0001690,2024-06-01 00:00:00+00:00,111,88.54,1,1,0.2259,1,two-year,card,south
C0001720,2024-06-01 00:00:00+00:00,91,120.0,5,2,0.4665,0,two-year,check,east
C0001740,2024-06-01 00:00:00+00:00,24,87.56,1,0,-0.2435,1,annual,card,east
C0001762,2024-06-01 00:00:00+00:00,88,80.81,0,1,-0.5638,0,annual,card,west
C0001790,2024-06-01 00:00:00+00:00,112,112.49,1,0,-0.0884,1,month-to-month,card,north
C0001833,2024-06-01 00:00:00+00:00,53,117.09,2,1,0.0377,0,month-to-month,check,north
C0001880,2024-06-01 00:00:00+00:00,31,78.61,1,1,-0.2428,1,month-to-month,bank,south
C0001895,2024-06-01 00:00:00+00:00,21,76.15,2,1,0.0606,1,month-to-month,card,south
C0001935,2024-06-01 00:00:00+00:00,41,76.99,1,0,0.0129,0,month-to-month,card,west
C0001940,2024-06-01 00:00:00+00:00,79,65.8,1,0,-0.043,1,annual,card,east
C0002154,2024-06-01 00:00:00+00:00,7,107.34,5,0,-0.0553,0,month-to-month,card,west
C0002166,2024-06-01 00:00:00+00:00,9,100.29,0,0,0.0035,3,month-to-month,card,north
C0002168,2024-06-01 00:00:00+00:00,40,81.84,0,0,-0.1064,0,month-to-month,check,west
C0002177,2024-06-01 00:00:00+00:00,49,32.57,0,1,-0.1779,0,month-to-month,card,west
C0002189,2024-06-01 00:00:00+00:00,81,118.82,2,0,-0.1174,2,month-to-month,bank,east
C0002304,2024-06-01 00:00:00+00:00,42,53.59,1,0,-0.0656,2,month-to-month,bank,west
C0002323,2024-06-01 00:00:00+00:00,34,102.18,0,0,-0.1822,1,annual,bank,west
C0002329,2024-06-01 00:00:00+00:00,74,47.64,0,1,0.6188,1,month-to-month,bank,north
C0002386,2024-06-01 00:00:00+00:00,67,69.92,0,0,0.0129,0,month-to-month,bank,south
C0002390,2024-06-01 00:00:00+00:00,106,58.08,3,0,0.3348,0,month-to-month,card,north
C0002432,2024-06-01 00:00:00+00:00,2,43.12,0,0,-0.0588,2,month-to-month,bank,west
C0002465,2024-06-01 00:00:00+00:00,99,91.49,1,1,0.2,1,annual,card,north
C0002474,2024-06-01 00:00:00+00:00,116,47.49,0,0,-0.0618,1,annual,card,west
C0002503,2024-06-01 00:00:00+00:00,108,104.53,3,0,-0.0201,0,month-to-month,bank,west
C0002552,2024-06-01 00:00:00+00:00,42,73.57,3,0,-0.1317,1,month-to-month,bank,east
C0002614,2024-06-01 00:00:00+00:00,1,65.15,2,1,-0.6086,4,two-year,bank,west
C0002620,2024-06-01 00:00:00+00:00,88,96.35,4,1,0.0403,0,month-to-month,bank,east
C0002624,2024-06-01 00:00:00+00:00,30,64.04,0,0,-0.002,2,annual,bank,east
C0002633,2024-06-01 00:00:00+00:00,102,71.17,0,0,0.2031,4,two-year,check,east
C0002645,2024-06-01 00:00:00+00:00,100,62.42,1,0,0.5392,0,month-to-month,card,east
C0002700,2024-06-01 00:00:00+00:00,119,51.97,1,0,0.2412,0,two-year,bank,north
C0002733,2024-06-01 00:00:00+00:00,85,111.88,2,1,-0.1316,2,month-to-month,card,east
C0002736,2024-06-01 00:00:00+00:00,98,94.9,1,1,-0.4532,1,month-to-month,card,north
C0002778,2024-06-01 00:00:00+00:00,84,100.91,0,0,-0.1303,0,month-to-month,bank,north
C0002820,2024-06-01 00:00:00+00:00,87,74.82,1,0,-0.08,0,annual,card,west
C0002879,2024-06-01 00:00:00+00:00,82,75.2,1,1,-0.1447,1,month-to-month,card,west
C0002896,2024-06-01 00:00:00+00:00,87,63.31,2,0,0.3125,4,month-to-month,card,north
C0002934,2024-06-01 00:00:00+00:00,18,27.92,1,0,-0.1762,6,month-to-month,card,north
C0002947,2024-06-01 00:00:00+00:00,75,89.83,1,0,-0.3457,0,month-to-month,card,west
C0002960,2024-06-01 00:00:00+00:00,28,125.62,0,1,0.116,1,month-to-month,card,west
C0000053,2024-07-01 00:00:00+00:00,38,100.55,3,0,0.3256,0,annual,card,east
C0000061,2024-07-01 00:00:00+00:00,50,84.29,0,0,-0.2201,0,month-to-month,card,north
C0000068,2024-07-01 00:00:00+00:00,3,103.26,1,0,0.129,1,two-year,check,west
C0000095,2024-07-01 00:00:00+00:00,112,47.04,0,0,0.289,1,month-to-month,check,north
C0000144,2024-07-01 00:00:00+00:00,118,37.57,0,1,-0.1428,2,month-to-month,card,west
C0000183,2024-07-01 00:00:00+00:00,54,85.39,1,0,-0.1908,0,month-to-month,check,east
C0000260,2024-07-01 00:00:00+00:00,20,84.27,1,0,-0.0374,2,month-to-month,card,west
C0000269,2024-07-01 00:00:00+00:00,24,103.35,0,0,0.267,0,two-year,bank,west
C0000291,2024-07-01 00:00:00+00:00,94,123.76,5,0,0.1044,1,month-to-month,card,west
C0000341,2024-07-01 00:00:00+00:00,2,68.3,0,0,0.2792,2,month-to-month,bank,north
C0000405,2024-07-01 00:00:00+00:00,53,118.07,0,0,-0.2971,2,two-year,bank,north
C0000415,2024-07-01 00:00:00+00:00,31,88.28,1,0,0.1019,1,two-year,bank,north
C0000418,2024-07-01 00:00:00+00:00,42,42.8,1,1,-0.2121,2,annual,card,north
C0000421,2024-07-01 00:00:00+00:00,22,72.59,3,1,-0.0985,0,month-to-month,bank,east
C0000463,2024-07-01 00:00:00+00:00,33,103.9,0,1,-0.1902,0,annual,card,north
C0000531,2024-07-01 00:00:00+00:00,98,99.66,1,0,0.2549,2,month-to-month,bank,north
C0000534,2024-07-01 00:00:00+00:00,7,60.28,1,0,0.0809,1,two-year,check,west
C0000609,2024-07-01 00:00:00+00:00,45,74.91,2,0,-0.0091,1,month-to-month,bank,north
C0000630,2024-07-01 00:00:00+00:00,76,63.36,0,1,-0.4182,0,month-to-month,card,east
C0000631,2024-07-01 00:00:00+00:00,97,110.63,2,0,-0.1393,1,annual,check,north
C0000695,2024-07-01 00:00:00+00:00,4,91.13,2,0,0.332,2,month-to-month,bank,south
C0000739,2024-07-01 00:00:00+00:00,87,90.58,2,1,0.337,0,month-to-month,bank,south
C0000754,2024-07-01 00:00:00+00:00,116,51.8,2,0,-0.2144,1,two-year,card,west
C0000768,2024-07-01 00:00:00+00:00,96,72.65,1,0,0.0621,0,annual,bank,west
C0000801,2024-07-01 00:00:00+00:00,80,76.31,1,0,0.1283,2,annual,bank,north
C0000821,2024-07-01 00:00:00+00:00,47,54.13,1,0,0.0244,1,annual,card,south
C0000891,2024-07-01 00:00:00+00:00,84,66.07,0,0,-0.2841,0,annual,card,west
C0000905,2024-07-01 00:00:00+00:00,103,74.11,2,0,0.1243,0,month-to-month,bank,east
C0000945,2024-07-01 00:00:00+00:00,13,79.24,2,1,0.5954,0,month-to-month,bank,east
C0000962,2024-07-01 00:00:00+00:00,14,60.19,1,0,-0.1073,2,month-to-month,bank,north
C0000984,2024-07-01 00:00:00+00:00,11,87.09,2,0,-0.0806,0,annual,bank,east
C0000994,2024-07-01 00:00:00+00:00,101,71.25,1,0,-0.2444,1,month-to-month,bank,north
C0001020,2024-07-01 00:00:00+00:00,38,92.8,3,0,-0.0991,1,month-to-month,bank,west
C0001027,2024-07-01 00:00:00+00:00,36,86.95,2,0,0.2863,1,annual,card,west
C0001093,2024-07-01 00:00:00+00:00,83,46.7,0,0,0.0303,0,month-to-month,card,south
C0001120,2024-07-01 00:00:00+00:00,44,80.28,3,1,-0.323,2,annual,card,north
C0001168,2024-07-01 00:00:00+00:00,86,73.92,0,0,0.0299,1,annual,bank,north
C0001176,2024-07-01 00:00:00+00:00,75,68.79,0,0,-0.2233,2,month-to-month,bank,west
C0001187,2024-07-01 00:00:00+00:00,61,70.3,0,0,0.2156,1,month-to-month,bank,east
C0001210,2024-07-01 00:00:00+00:00,63,88.76,2,1,-0.0799,2,month-to-month,check,north
C0001218,2024-07-01 00:00:00+00:00,16,48.97,3,0,0.4528,1,annual,check,east
C0001240,2024-07-01 00:00:00+00:00,23,15.27,0,0,-0.0697,3,two-year,card,east
C0001392,2024-07-01 00:00:00+00:00,119,80.89,2,0,0.2539,3,month-to-month,bank,north
C0001538,2024-07-01 00:00:00+00:00,107,68.26,4,0,-0.2219,1,month-to-month,card,south
C0001542,2024-07-01 00:00:00+00:00,113,17.75,0,0,0.0927,0,two-year,card,south
C0001548,2024-07-01 00:00:00+00:00,116,82.73,1,0,0.1978,0,month-to-month,card,south
C0001572,2024-07-01 00:00:00+00:00,118,69.31,3,0,0.0657,1,annual,bank,south
C0001600,2024-07-01 00:00:00+00:00,55,97.16,0,0,0.0432,0,month-to-month,bank,east
C0001667,2024-07-01 00:00:00+00:00,109,57.17,1,0,-0.0546,4,month-to-month,card,west
C0001687,2024-07-01 00:00:00+00:00,76,112.33,1,0,0.0203,2,month-to-month,card,east
C0001766,2024-07-01 00:00:00+00:00,27,46.2,1,1,-0.0469,1,two-year,card,east
C0001769,2024-07-01 00:00:00+00:00,23,91.83,2,1,-0.038,1,annual,card,north
C0001831,2024-07-01 00:00:00+00:00,82,86.84,0,0,-0.0747,1,month-to-month,bank,south
C0001869,2024-07-01 00:00:00+00:00,87,93.49,0,0,-0.4432,1,annual,check,west
C0001874,2024-07-01 00:00:00+00:00,64,54.17,0,0,-0.1484,0,annual,bank,west
C0001886,2024-07-01 00:00:00+00:00,73,42.22,1,0,0.2801,4,two-year,bank,east
C0001891,2024-07-01 00:00:00+00:00,55,66.67,1,2,0.1374,0,month-to-month,card,east
C0001948,2024-07-01 00:00:00+00:00,16,33.56,0,0,-0.3216,2,month-to-month,card,west
C0001982,2024-07-01 00:00:00+00:00,69,60.11,2,0,-0.4198,2,month-to-month,card,north
C0002028,2024-07-01 00:00:00+00:00,18,92.76,1,0,-0.1636,2,month-to-month,card,east
C0002042,2024-07-01 00:00:00+00:00,43,87.82,1,0,-0.1704,0,two-year,bank,north
C0002051,2024-07-01 00:00:00+00:00,53,89.21,0,0,0.0055,1,annual,check,west
C0002054,2024-07-01 00:00:00+00:00,28,59.28,0,0,0.3314,1,annual,bank,south
C0002088,2024-07-01 00:00:00+00:00,22,69.75,1,0,-0.2855,0,month-to-month,card,south
C0002124,2024-07-01 00:00:00+00:00,19,66.17,1,0,-0.0405,2,annual,card,south
C0002145,2024-07-01 00:00:00+00:00,26,18.22,0,0,0.1754,1,month-to-month,check,south
C0002157,2024-07-01 00:00:00+00:00,15,98.05,2,0,0.4377,2,annual,bank,west
C0002180,2024-07-01 00:00:00+00:00,105,107.9,2,0,-0.3407,0,two-year,check,south
C0002186,2024-07-01 00:00:00+00:00,68,94.43,2,0,0.0751,0,month-to-month,bank,west
C0002219,2024-07-01 00:00:00+00:00,57,59.47,1,0,-0.059,1,month-to-month,card,north
C0002247,2024-07-01 00:00:00+00:00,54,81.04,0,0,-0.2465,0,month-to-month,card,east
C0002351,2024-07-01 00:00:00+00:00,115,80.09,1,1,-0.0063,1,month-to-month,check,west
C0002475,2024-07-01 00:00:00+00:00,12,104.79,1,0,-0.0362,0,month-to-month,bank,west
C0002587,2024-07-01 00:00:00+00:00,89,72.97,2,0,-0.3011,0,annual,bank,east
C0002634,2024-07-01 00:00:00+00:00,23,70.8,1,0,-0.0507,0,month-to-month,bank,north
C0002688,2024-07-01 00:00:00+00:00,78,68.54,0,0,0.1185,0,annual,bank,east
C0002793,2024-07-01 00:00:00+00:00,7,88.31,1,1,0.1414,2,two-year,card,west
C0002831,2024-07-01 00:00:00+00:00,57,59.59,0,0,-0.1431,0,annual,bank,west
C0002840,2024-07-01 00:00:00+00:00,103,36.45,0,0,-0.0507,0,annual,card,south
C0002900,2024-07-01 00:00:00+00:00,106,49.48,0,0,-0.0853,1,month-to-month,bank,south
C0002907,2024-07-01 00:00:00+00:00,16,87.26,1,0,-0.0747,1,month-to-month,check,west
C0002945,2024-07-01 00:00:00+00:00,57,73.96,2,0,-0.1057,1,month-to-month,card,west
C0000039,2024-08-01 00:00:00+00:00,40,85.97,1,0,-0.2081,1,annual,check,south
C0000089,2024-08-01 00:00:00+00:00,28,104.76,2,0,-0.2542,1,month-to-month,bank,north
C0000186,2024-08-01 00:00:00+00:00,50,96.06,1,0,0.4172,0,month-to-month,card,west
C0000197,2024-08-01 00:00:00+00:00,38,75.71,0,0,0.0088,4,annual,check,north
C0000237,2024-08-01 00:00:00+00:00,109,56.53,0,0,-0.2794,2,annual,card,south
C0000290,2024-08-01 00:00:00+00:00,60,57.77,3,1,-0.1935,4,two-year,card,west
C0000307,2024-08-01 00:00:00+00:00,120,101.96,2,0,-0.2646,2,month-to-month,card,west
C0000312,2024-08-01 00:00:00+00:00,13,73.04,2,1,-0.1891,0,month-to-month,card,north
C0000325,2024-08-01 00:00:00+00:00,66,68.85,2,0,0.0079,1,month-to-month,bank,east
C0000364,2024-08-01 00:00:00+00:00,83,67.9,2,0,0.0598,2,annual,bank,north
C0000376,2024-08-01 00:00:00+00:00,39,49.52,2,0,0.106,0,two-year,card,west
C0000424,2024-08-01 00:00:00+00:00,65,49.46,2,0,-0.474,1,annual,card,east
C0000498,2024-08-01 00:00:00+00:00,47,72.28,1,0,0.0719,0,annual,bank,north
C0000499,2024-08-01 00:00:00+00:00,8,58.97,1,1,0.2351,1,month-to-month,card,east
C0000508,2024-08-01 00:00:00+00:00,25,58.09,3,1,0.3455,1,annual,bank,east
C0000524,2024-08-01 00:00:00+00:00,116,30.11,1,0,-0.1773,3,two-year,card,east
C0000586,2024-08-01 00:00:00+00:00,95,42.31,2,0,0.0562,0,annual,bank,east
C0000596,2024-08-01 00:00:00+00:00,107,72.17,2,1,0.2028,1,annual,check,west
C0000688,2024-08-01 00:00:00+00:00,83,63.65,0,0,-0.041,0,month-to-month,card,north
C0000710,2024-08-01 00:00:00+00:00,106,62.34,1,1,-0.2977,1,annual,bank,west
C0000722,2024-08-01 00:00:00+00:00,78,62.6,3,0,0.1025,1,month-to-month,bank,south
C0000752,2024-08-01 00:00:00+00:00,12,65.59,2,0,-0.1702,2,month-to-month,bank,north
C0000757,2024-08-01 00:00:00+00:00,59,76.39,0,2,0.2157,4,annual,bank,north
C0000773,2024-08-01 00:00:00+00:00,74,119.7,1,0,-0.2084,0,annual,check,east
C0000812,2024-08-01 00:00:00+00:00,98,59.12,1,0,-0.0163,2,month-to-month,bank,south
C0000851,2024-08-01 00:00:00+00:00,60,64.0,1,0,0.2504,0,two-year,card,west
C0000878,2024-08-01 00:00:00+00:00,76,81.07,1,0,-0.1377,0,annual,bank,south
C0000895,2024-08-01 00:00:00+00:00,17,69.53,2,1,0.0103,1,month-to-month,card,north
C0000917,2024-08-01 00:00:00+00:00,25,27.49,4,1,0.0031,4,annual,bank,south
C0000929,2024-08-01 00:00:00+00:00,15,97.04,1,1,-0.2701,2,two-year,card,north
C0000934,2024-08-01 00:00:00+00:00,102,113.77,1,0,0.2667,1,month-to-month,card,west
C0000961,2024-08-01 00:00:00+00:00,120,104.09,0,0,0.2599,4,two-year,card,south
C0000974,2024-08-01 00:00:00+00:00,35,107.19,0,0,0.3708,1,two-year,card,east
C0001115,2024-08-01 00:00:00+00:00,3,50.09,0,0,0.6669,0,month-to-month,card,south
C0001125,2024-08-01 00:00:00+00:00,102,81.16,2,0,0.3098,3,two-year,bank,south
C0001138,2024-08-01 00:00:00+00:00,30,68.95,2,0,-0.0756,1,two-year,card,south
C0001151,2024-08-01 00:00:00+00:00,74,79.04,1,0,0.0658,1,two-year,card,south
C0001192,2024-08-01 00:00:00+00:00,100,112.54,1,0,-0.0778,1,month-to-month,bank,east
C0001215,2024-08-01 00:00:00+00:00,49,91.74,0,0,-0.1143,1,two-year,card,south
C0001285,2024-08-01 00:00:00+00:00,88,80.87,1,0,0.0214,0,month-to-month,bank,north
C0001289,2024-08-01 00:00:00+00:00,101,75.77,1,0,0.0062,2,annual,bank,north
C0001310,2024-08-01 00:00:00+00:00,98,79.66,1,0,0.1991,2,two-year,card,east
C0001311,2024-08-01 00:00:00+00:00,11,74.45,1,0,-0.1491,1,annual,card,south
C0001492,2024-08-01 00:00:00+00:00,106,74.68,0,3,-0.2135,1,month-to-month,card,south
C0001507,2024-08-01 00:00:00+00:00,55,55.29,3,0,-0.0391,0,annual,bank,south
C0001533,2024-08-01 00:00:00+00:00,108,49.11,1,0,0.0216,0,month-to-month,card,north
C0001587,2024-08-01 00:00:00+00:00,30,52.71,0,0,-0.249,1,annual,card,south
C0001597,2024-08-01 00:00:00+00:00,103,77.24,1,0,-0.1277,1,annual,check,north
C0001608,2024-08-01 00:00:00+00:00,57,85.06,1,0,-0.255,0,annual,card,east
C0001641,2024-08-01 00:00:00+00:00,85,60.22,0,0,0.0907,0,month-to-month,card,north
C0001650,2024-08-01 00:00:00+00:00,60,84.89,1,0,-0.6269,0,month-to-month,card,south
C0001698,2024-08-01 00:00:00+00:00,111,44.89,2,0,0.1635,1,two-year,bank,north
C0001757,2024-08-01 00:00:00+00:00,55,99.11,3,0,0.0762,2,month-to-month,bank,south
C0001771,2024-08-01 00:00:00+00:00,102,97.12,2,0,-0.1347,0,annual,bank,north
C0001823,2024-08-01 00:00:00+00:00,89,99.54,0,0,-0.0382,1,month-to-month,card,west
C0001852,2024-08-01 00:00:00+00:00,97,57.09,0,0,-0.149,0,annual,card,south
C0001865,2024-08-01 00:00:00+00:00,13,75.42,1,0,-0.049,2,two-year,card,west
C0001917,2024-08-01 00:00:00+00:00,38,79.73,1,0,0.042,2,month-to-month,card,west
C0001919,2024-08-01 00:00:00+00:00,22,87.36,0,0,-0.0741,0,annual,card,west
C0001978,2024-08-01 00:00:00+00:00,26,69.34,1,0,-0.3074,2,annual,check,north
C0001995,2024-08-01 00:00:00+00:00,115,90.85,0,0,-0.0275,1,month-to-month,card,north
C0002045,2024-08-01 00:00:00+00:00,20,82.68,2,0,-0.1324,1,two-year,card,south
C0002049,2024-08-01 00:00:00+00:00,118,88.52,0,0,0.1789,0,two-year,card,east
C0002050,2024-08-01 00:00:00+00:00,5,79.87,1,0,-0.2854,0,annual,check,east
C0002066,2024-08-01 00:00:00+00:00,51,57.71,3,0,-0.3196,2,month-to-month,card,east
C0002080,2024-08-01 00:00:00+00:00,72,36.05,2,1,0.2218,0,annual,card,west
C0002104,2024-08-01 00:00:00+00:00,56,89.6,1,0,-0.1567,0,two-year,bank,south
C0002249,2024-08-01 00:00:00+00:00,62,51.42,0,0,0.2946,3,annual,bank,north
C0002313,2024-08-01 00:00:00+00:00,54,81.26,3,0,0.0658,0,annual,card,south
C0002409,2024-08-01 00:00:00+00:00,15,76.42,0,1,-0.1925,1,annual,bank,east
C0002448,2024-08-01 00:00:00+00:00,102,44.25,1,0,-0.2089,1,month-to-month,card,east
C0002471,2024-08-01 00:00:00+00:00,17,65.0,3,1,-0.1311,1,month-to-month,bank,south
C0002496,2024-08-01 00:00:00+00:00,75,66.51,0,0,-0.0703,0,month-to-month,bank,south
C0002500,2024-08-01 00:00:00+00:00,24,143.44,2,1,-0.6858,1,month-to-month,card,east
C0002504,2024-08-01 00:00:00+00:00,15,76.66,2,1,-0.1915,2,annual,card,north
C0002553,2024-08-01 00:00:00+00:00,108,76.81,2,1,0.1913,1,annual,card,east
C0002579,2024-08-01 00:00:00+00:00,40,80.6,2,0,-0.3629,0,month-to-month,bank,east
C0002593,2024-08-01 00:00:00+00:00,97,105.28,2,1,0.2099,1,month-to-month,bank,east
C0002669,2024-08-01 00:00:00+00:00,76,75.01,1,1,0.0627,1,month-to-month,bank,south
C0002697,2024-08-01 00:00:00+00:00,81,70.93,2,0,-0.1888,0,month-to-month,card,east
C0002704,2024-08-01 00:00:00+00:00,7,78.23,0,0,-0.441,1,two-year,card,west
C0002707,2024-08-01 00:00:00+00:00,20,73.28,4,0,0.3742,1,month-to-month,bank,east
C0002745,2024-08-01 00:00:00+00:00,51,83.34,1,0,-0.5329,4,month-to-month,card,west
C0002802,2024-08-01 00:00:00+00:00,101,63.76,0,0,-0.335,0,month-to-month,card,west
C0002821,2024-08-01 00:00:00+00:00,19,64.97,2,1,-0.0622,2,annual,bank,north
C0002898,2024-08-01 00:00:00+00:00,118,69.2,0,1,0.5536,0,annual,bank,south
C0002914,2024-08-01 00:00:00+00:00,57,112.72,3,0,-0.0406,0,month-to-month,card,south
C0002950,2024-08-01 00:00:00+00:00,14,83.97,0,0,0.2353,2,month-to-month,bank,south
C0002971,2024-08-01 00:00:00+00:00,22,73.71,2,0,-0.1367,1,month-to-month,card,east
C0000037,2024-09-01 00:00:00+00:00,9,76.24,0,0,-0.3164,0,month-to-month,check,north
C0000044,2024-09-01 00:00:00+00:00,36,35.88,1,0,-0.0014,1,month-to-month,card,east
C0000085,2024-09-01 00:00:00+00:00,28,63.7,1,0,0.4855,1,month-to-month,card,south
C0000134,2024-09-01 00:00:00+00:00,1,44.13,0,0,0.1487,0,month-to-month,bank,south
C0000156,2024-09-01 00:00:00+00:00,53,105.38,2,0,0.2149,1,annual,card,north
C0000184,2024-09-01 00:00:00+00:00,80,91.87,0,2,0.143,0,two-year,bank,north
C0000229,2024-09-01 00:00:00+00:00,97,56.99,0,1,-0.0942,2,month-to-month,bank,east
C0000256,2024-09-01 00:00:00+00:00,30,94.87,2,1,-0.1265,3,annual,bank,west
C0000299,2024-09-01 00:00:00+00:00,120,76.82,3,0,0.1403,0,month-to-month,check,south
C0000306,2024-09-01 00:00:00+00:00,65,95.37,0,1,-0.0287,0,month-to-month,check,east
C0000314,2024-09-01 00:00:00+00:00,13,107.79,1,0,-0.3156,1,month-to-month,check,west
C0000322,2024-09-01 00:00:00+00:00,73,138.85,0,1,-0.2447,2,annual,card,west
C0000328,2024-09-01 00:00:00+00:00,28,50.27,1,0,-0.2043,2,month-to-month,bank,south
C0000369,2024-09-01 00:00:00+00:00,29,53.44,0,0,0.0019,3,two-year,bank,west
C0000422,2024-09-01 00:00:00+00:00,15,80.1,0,1,-0.3189,1,two-year,card,north
C0000425,2024-09-01 00:00:00+00:00,64,70.89,1,0,-0.1105,2,month-to-month,bank,east
C0000433,2024-09-01 00:00:00+00:00,97,104.71,2,0,-0.3798,1,annual,bank,north
C0000486,2024-09-01 00:00:00+00:00,46,67.54,2,1,-0.4421,0,month-to-month,card,east
C0000574,2024-09-01 00:00:00+00:00,81,63.95,1,0,-0.1678,3,month-to-month,bank,north
C0000594,2024-09-01 00:00:00+00:00,119,58.4,2,0,-0.0758,1,annual,bank,north
C0000748,2024-09-01 00:00:00+00:00,99,79.2,1,0,-0.2386,2,month-to-month,card,north
C0000774,2024-09-01 00:00:00+00:00,105,47.87,2,1,-0.0621,2,month-to-month,bank,south
C0000784,2024-09-01 00:00:00+00:00,23,88.92,0,1,-0.216,1,annual,card,east
C0000803,2024-09-01 00:00:00+00:00,79,85.36,3,2,-0.284,2,annual,bank,east
C0000902,2024-09-01 00:00:00+00:00,64,40.63,0,1,-0.0828,3,annual,check,west
C0000957,2024-09-01 00:00:00+00:00,86,62.57,3,0,0.3806,1,month-to-month,card,east
C0001003,2024-09-01 00:00:00+00:00,118,55.82,1,1,0.1081,1,two-year,card,west
C0001048,2024-09-01 00:00:00+00:00,19,83.85,1,0,0.3231,1,month-to-month,bank,north
C0001072,2024-09-01 00:00:00+00:00,107,78.36,2,1,-0.0933,0,month-to-month,card,west
C0001152,2024-09-01 00:00:00+00:00,109,115.79,0,0,-0.0071,1,month-to-month,bank,west
C0001160,2024-09-01 00:00:00+00:00,77,52.11,1,0,-0.2272,1,month-to-month,bank,west
C0001177,2024-09-01 00:00:00+00:00,18,54.28,0,0,-0.0284,1,month-to-month,card,south
C0001196,2024-09-01 00:00:00+00:00,49,82.86,0,0,-0.0647,1,two-year,bank,west
C0001261,2024-09-01 00:00:00+00:00,116,61.48,1,0,-0.0737,0,month-to-month,bank,east
C0001292,2024-09-01 00:00:00+00:00,20,134.34,0,0,-0.2439,0,month-to-month,card,south
C0001333,2024-09-01 00:00:00+00:00,6,94.07,0,0,-0.1475,1,month-to-month,card,west
C0001339,2024-09-01 00:00:00+00:00,20,68.55,0,0,-0.2935,2,month-to-month,bank,east
C0001350,2024-09-01 00:00:00+00:00,99,65.9,0,0,-0.1403,1,month-to-month,card,east
C0001361,2024-09-01 00:00:00+00:00,80,81.38,1,0,0.0623,1,month-to-month,card,north
C0001411,2024-09-01 00:00:00+00:00,50,75.05,2,0,0.0547,0,month-to-month,check,north
C0001452,2024-09-01 00:00:00+00:00,113,100.15,1,1,-0.173,4,month-to-month,bank,south
C0001458,2024-09-01 00:00:00+00:00,9,73.95,0,0,0.2685,1,annual,bank,north
C0001468,2024-09-01 00:00:00+00:00,116,41.64,0,0,-0.1954,0,month-to-month,bank,north
C0001479,2024-09-01 00:00:00+00:00,111,58.03,1,0,-0.0311,2,month-to-month,bank,south
C0001484,2024-09-01 00:00:00+00:00,12,53.93,0,0,-0.1726,1,month-to-month,card,west
C0001549,2024-09-01 00:00:00+00:00,119,78.26,2,0,0.1671,1,two-year,card,west
C0001627,2024-09-01 00:00:00+00:00,59,95.58,1,0,0.0499,2,month-to-month,card,east
C0001637,2024-09-01 00:00:00+00:00,1,120.29,0,0,0.1986,3,annual,card,south
C0001640,2024-09-01 00:00:00+00:00,24,84.43,2,1,0.1041,1,month-to-month,bank,south
C0001726,2024-09-01 00:00:00+00:00,75,79.81,1,0,0.1641,1,month-to-month,card,west
C0001728,2024-09-01 00:00:00+00:00,53,59.68,0,0,0.0093,1,two-year,bank,south
C0001758,2024-09-01 00:00:00+00:00,51,98.78,0,0,-0.218,0,annual,card,north
C0001814,2024-09-01 00:00:00+00:00,10,135.96,2,0,0.3366,1,annual,card,east
C0001882,2024-09-01 00:00:00+00:00,56,79.26,0,0,0.2179,2,month-to-month,card,south
C0001899,2024-09-01 00:00:00+00:00,29,107.04,0,0,0.0826,0,month-to-month,bank,north
C0001969,2024-09-01 00:00:00+00:00,34,92.79,2,0,-0.1824,0,annual,bank,south
C0001997,2024-09-01 00:00:00+00:00,54,96.74,1,1,-0.1405,3,annual,card,south
C0002002,2024-09-01 00:00:00+00:00,13,72.9,2,0,-0.405,0,annual,card,east
C0002061,2024-09-01 00:00:00+00:00,22,45.79,3,0,0.2097,1,month-to-month,card,west
C0002214,2024-09-01 00:00:00+00:00,116,93.8,0,0,0.2499,2,two-year,bank,west
C0002281,2024-09-01 00:00:00+00:00,85,127.96,2,0,-0.2819,1,month-to-month,bank,south
C0002284,2024-09-01 00:00:00+00:00,116,32.58,1,0,-0.4891,0,month-to-month,card,west
C0002428,2024-09-01 00:00:00+00:00,56,87.74,0,0,0.4697,1,month-to-month,card,east
C0002431,2024-09-01 00:00:00+00:00,111,79.16,2,1,0.1144,0,month-to-month,card,west
C0002466,2024-09-01 00:00:00+00:00,45,89.35,1,0,-0.0724,0,month-to-month,bank,south
C0002510,2024-09-01 00:00:00+00:00,56,17.27,2,0,0.015,2,annual,card,west
C0002525,2024-09-01 00:00:00+00:00,79,39.48,0,0,-0.225,0,two-year,check,east
C0002554,2024-09-01 00:00:00+00:00,8,59.13,1,1,-0.0442,4,two-year,card,east
C0002575,2024-09-01 00:00:00+00:00,41,122.48,2,0,0.0004,0,two-year,card,west
C0002576,2024-09-01 00:00:00+00:00,39,80.65,2,0,0.1951,3,month-to-month,bank,west
C0002659,2024-09-01 00:00:00+00:00,58,59.78,0,1,-0.2034,2,annual,card,south
C0002679,2024-09-01 00:00:00+00:00,118,58.95,3,0,0.2855,0,month-to-month,check,north
C0002681,2024-09-01 00:00:00+00:00,92,78.87,5,0,0.4647,1,month-to-month,bank,east
C0002703,2024-09-01 00:00:00+00:00,35,94.88,0,0,0.0795,0,month-to-month,card,north
C0002709,2024-09-01 00:00:00+00:00,73,67.01,0,0,-0.0125,2,two-year,card,north
C0002773,2024-09-01 00:00:00+00:00,99,32.42,2,0,-0.4108,2,month-to-month,card,east
C0002815,2024-09-01 00:00:00+00:00,12,67.27,2,0,0.0161,3,month-to-month,bank,west
C0002842,2024-09-01 00:00:00+00:00,93,55.23,2,1,0.2221,1,two-year,card,east
C0002918,2024-09-01 00:00:00+00:00,36,111.45,0,0,0.199,0,annual,bank,east
C0002939,2024-09-01 00:00:00+00:00,45,51.12,1,1,0.1261,0,month-to-month,bank,south
C0002958,2024-09-01 00:00:00+00:00,108,79.61,0,0,-0.1545,1,annual,bank,west
C0002967,2024-09-01 00:00:00+00:00,62,116.72,1,0,0.2089,1,two-year,bank,west
C0002972,2024-09-01 00:00:00+00:00,94,98.79,0,1,-0.1711,1,month-to-month,bank,south
C0002982,2024-09-01 00:00:00+00:00,64,46.56,1,0,0.349,1,annual,check,west
C0000019,2024-10-01 00:00:00+00:00,8,89.84,2,1,0.2684,2,annual,card,south
C0000024,2024-10-01 00:00:00+00:00,35,76.18,1,2,0.1401,2,month-to-month,bank,south
C0000059,2024-10-01 00:00:00+00:00,112,38.41,0,0,-0.3712,3,two-year,card,south
C0000126,2024-10-01 00:00:00+00:00,1,88.81,0,0,-0.1826,1,month-to-month,card,west
C0000152,2024-10-01 00:00:00+00:00,38,76.99,2,0,-0.1615,1,two-year,card,west
C0000159,2024-10-01 00:00:00+00:00,36,77.91,1,1,-0.1071,3,month-to-month,card,west
C0000161,2024-10-01 00:00:00+00:00,81,76.91,2,1,0.1439,0,month-to-month,card,south
C0000180,2024-10-01 00:00:00+00:00,30,77.42,1,0,-0.3538,0,month-to-month,card,north
C0000212,2024-10-01 00:00:00+00:00,75,90.98,1,1,-0.081,1,month-to-month,card,south
C0000254,2024-10-01 00:00:00+00:00,105,90.32,1,1,-0.3788,0,month-to-month,check,south
C0000354,2024-10-01 00:00:00+00:00,4,51.56,3,1,0.1146,3,month-to-month,bank,west
C0000356,2024-10-01 00:00:00+00:00,32,59.41,0,0,-0.1153,0,annual,card,north
C0000359,2024-10-01 00:00:00+00:00,37,113.01,1,0,-0.1068,3,month-to-month,bank,south
C0000397,2024-10-01 00:00:00+00:00,4,31.46,3,0,-0.41,1,annual,card,north
C0000431,2024-10-01 00:00:00+00:00,120,116.23,0,0,-0.4048,0,month-to-month,bank,west
C0000451,2024-10-01 00:00:00+00:00,69,90.45,1,0,-0.1619,0,annual,card,south
C0000458,2024-10-01 00:00:00+00:00,48,99.25,0,1,0.0808,2,month-to-month,card,north
C0000473,2024-10-01 00:00:00+00:00,48,54.29,1,0,-0.4022,1,month-to-month,card,east
C0000528,2024-10-01 00:00:00+00:00,61,96.13,3,0,0.3311,0,annual,card,north
C0000576,2024-10-01 00:00:00+00:00,118,92.35,1,0,-0.1401,1,month-to-month,check,west
C0000610,2024-10-01 00:00:00+00:00,80,94.21,1,0,-0.0977,1,month-to-month,bank,west
C0000644,2024-10-01 00:00:00+00:00,60,85.35,2,0,0.027,1,month-to-month,bank,east
C0000661,2024-10-01 00:00:00+00:00,38,83.06,2,2,0.0376,1,annual,card,east
C0000713,2024-10-01 00:00:00+00:00,61,46.98,2,0,0.3115,1,month-to-month,bank,east
C0000717,2024-10-01 00:00:00+00:00,43,55.93,2,0,0.4164,3,two-year,card,north
C0000736,2024-10-01 00:00:00+00:00,20,111.35,2,1,-0.3278,2,annual,card,west
C0000771,2024-10-01 00:00:00+00:00,83,58.11,3,0,-0.0745,0,two-year,bank,west
C0000790,2024-10-01 00:00:00+00:00,92,92.93,2,0,-0.5531,0,annual,bank,west
C0000793,2024-10-01 00:00:00+00:00,19,91.2,0,0,-0.035,0,month-to-month,card,south
C0000846,2024-10-01 00:00:00+00:00,84,81.17,1,0,-0.0022,0,month-to-month,check,north
C0000849,2024-10-01 00:00:00+00:00,88,65.63,1,0,-0.2445,0,month-to-month,bank,north
C0000875,2024-10-01 00:00:00+00:00,57,73.69,1,2,-0.4676,0,month-to-month,card,west
C0000889,2024-10-01 00:00:00+00:00,35,101.44,0,0,-0.0626,2,annual,bank,east
C0001007,2024-10-01 00:00:00+00:00,116,80.06,1,1,-0.2989,1,annual,bank,south
C0001008,2024-10-01 00:00:00+00:00,110,42.37,1,0,0.0025,1,annual,card,south
C0001011,2024-10-01 00:00:00+00:00,111,75.4,0,1,0.1615,0,month-to-month,check,east
C0001026,2024-10-01 00:00:00+00:00,92,94.51,2,0,0.3321,2,annual,bank,west
C0001056,2024-10-01 00:00:00+00:00,15,77.52,1,0,-0.1999,0,month-to-month,card,west
C0001057,2024-10-01 00:00:00+00:00,87,44.36,0,0,0.4045,1,month-to-month,card,south
C0001094,2024-10-01 00:00:00+00:00,111,83.1,4,1,-0.1204,2,two-year,bank,north
C0001112,2024-10-01 00:00:00+00:00,73,44.63,0,0,-0.0938,0,month-to-month,card,north
C0001149,2024-10-01 00:00:00+00:00,105,79.68,0,0,-0.2488,0,month-to-month,bank,south
C0001237,2024-10-01 00:00:00+00:00,41,90.59,3,1,-0.0354,0,month-to-month,card,north
C0001253,2024-10-01 00:00:00+00:00,2,66.52,1,0,-0.2817,4,month-to-month,bank,south
C0001284,2024-10-01 00:00:00+00:00,70,86.61,2,1,0.0776,1,annual,card,west
C0001327,2024-10-01 00:00:00+00:00,17,57.99,2,0,-0.0067,0,month-to-month,card,north
C0001388,2024-10-01 00:00:00+00:00,27,40.43,1,0,-0.0495,2,month-to-month,card,west
C0001400,2024-10-01 00:00:00+00:00,85,50.43,1,0,0.4064,1,annual,check,south
C0001409,2024-10-01 00:00:00+00:00,96,56.19,0,0,0.1624,0,month-to-month,card,west
C0001473,2024-10-01 00:00:00+00:00,10,38.38,1,0,-0.3836,1,month-to-month,card,east
C0001482,2024-10-01 00:00:00+00:00,41,117.05,1,0,-0.3494,0,two-year,bank,east
C0001496,2024-10-01 00:00:00+00:00,75,70.08,2,0,0.3428,2,annual,bank,south
C0001524,2024-10-01 00:00:00+00:00,22,81.21,1,0,0.3778,1,month-to-month,card,north
C0001569,2024-10-01 00:00:00+00:00,83,83.95,2,0,-0.1679,4,month-to-month,bank,north
C0001596,2024-10-01 00:00:00+00:00,29,69.84,1,0,0.0014,0,month-to-month,bank,west
C0001599,2024-10-01 00:00:00+00:00,1,85.68,0,0,-0.3421,2,month-to-month,card,west
C0001626,2024-10-01 00:00:00+00:00,71,40.34,6,0,-0.1014,1,month-to-month,check,east
C0001648,2024-10-01 00:00:00+00:00,99,80.37,1,2,-0.2816,1,month-to-month,card,west
C0001692,2024-10-01 00:00:00+00:00,52,115.27,0,0,-0.4322,0,annual,card,south
C0001707,2024-10-01 00:00:00+00:00,94,70.48,0,1,0.1801,2,month-to-month,card,west
C0001772,2024-10-01 00:00:00+00:00,85,67.37,0,1,0.2683,1,two-year,card,north
C0001782,2024-10-01 00:00:00+00:00,12,61.61,1,0,-0.0817,1,annual,bank,south
C0001834,2024-10-01 00:00:00+00:00,64,122.6,1,0,-0.1159,0,annual,bank,east
C0001861,2024-10-01 00:00:00+00:00,32,69.68,1,0,0.1112,2,month-to-month,card,north
C0001864,2024-10-01 00:00:00+00:00,19,48.22,0,0,0.2197,2,month-to-month,card,north
C0001905,2024-10-01 00:00:00+00:00,59,86.77,1,1,-0.326,1,annual,card,south
C0001957,2024-10-01 00:00:00+00:00,94,82.42,1,0,-0.1716,0,two-year,check,east
C0001981,2024-10-01 00:00:00+00:00,117,89.06,3,1,-0.2205,0,two-year,bank,east
C0002023,2024-10-01 00:00:00+00:00,114,50.8,1,0,0.2298,5,month-to-month,card,north
C0002052,2024-10-01 00:00:00+00:00,110,60.72,1,1,0.0196,1,two-year,bank,west
C0002079,2024-10-01 00:00:00+00:00,105,58.28,2,0,-0.1308,2,two-year,card,north
C0002106,2024-10-01 00:00:00+00:00,72,49.43,0,0,-0.1502,1,annual,card,east
C0002108,2024-10-01 00:00:00+00:00,5,106.31,1,0,0.2606,0,month-to-month,card,north
C0002175,2024-10-01 00:00:00+00:00,115,84.21,1,0,-0.1473,1,month-to-month,card,west
C0002182,2024-10-01 00:00:00+00:00,29,53.94,4,0,0.2036,2,two-year,bank,south
C0002187,2024-10-01 00:00:00+00:00,23,117.12,2,0,0.1564,0,month-to-month,bank,east
C0002272,2024-10-01 00:00:00+00:00,80,83.53,2,2,0.0721,1,month-to-month,card,west
C0002279,2024-10-01 00:00:00+00:00,114,101.05,1,0,-0.276,1,month-to-month,check,north
C0002321,2024-10-01 00:00:00+00:00,77,46.59,2,0,0.0418,0,month-to-month,bank,east
C0002350,2024-10-01 00:00:00+00:00,113,137.31,1,0,0.2218,3,month-to-month,bank,north
C0002352,2024-10-01 00:00:00+00:00,117,46.43,0,0,-0.4905,1,two-year,card,south
C0002359,2024-10-01 00:00:00+00:00,111,109.55,2,2,0.2904,2,annual,card,south
C0002370,2024-10-01 00:00:00+00:00,33,81.37,2,0,-0.1005,1,month-to-month,bank,east
C0002395,2024-10-01 00:00:00+00:00,75,50.43,1,0,-0.207,1,annual,card,east
C0002402,2024-10-01 00:00:00+00:00,100,75.92,2,2,-0.1428,1,annual,bank,south
C0002435,2024-10-01 00:00:00+00:00,1,74.93,0,0,0.1369,1,month-to-month,bank,west
C0002439,2024-10-01 00:00:00+00:00,17,80.0,1,2,-0.3495,0,annual,bank,south
C0002555,2024-10-01 00:00:00+00:00,91,70.93,4,1,-0.1346,0,two-year,check,west
C0002583,2024-10-01 00:00:00+00:00,53,86.01,3,0,-0.1474,1,month-to-month,bank,north
C0002600,2024-10-01 00:00:00+00:00,41,46.79,1,0,-0.3266,1,two-year,card,east
C0002627,2024-10-01 00:00:00+00:00,10,60.69,2,1,0.2217,2,month-to-month,card,west
C0002640,2024-10-01 00:00:00+00:00,100,76.09,1,0,-0.0023,1,annual,card,south
C0002757,2024-10-01 00:00:00+00:00,21,98.28,1,0,-0.365,0,month-to-month,bank,south
C0002767,2024-10-01 00:00:00+00:00,71,86.53,1,0,-0.028,0,month-to-month,bank,east
C0002787,2024-10-01 00:00:00+00:00,119,73.94,1,0,0.3169,1,month-to-month,bank,south
C0002806,2024-10-01 00:00:00+00:00,66,50.81,2,2,0.1399,1,month-to-month,bank,west
C0002813,2024-10-01 00:00:00+00:00,2,28.71,0,0,0.0747,2,two-year,check,west
C0002844,2024-10-01 00:00:00+00:00,107,44.85,0,0,0.2646,1,two-year,card,west
C0002988,2024-10-01 00:00:00+00:00,81,89.61,1,0,0.3685,0,annual,check,north
C0000035,2024-11-01 00:00:00+00:00,43,114.32,0,0,0.2804,1,annual,card,north
C0000056,2024-11-01 00:00:00+00:00,106,94.77,0,0,-0.3384,0,month-to-month,bank,east
C0000079,2024-11-01 00:00:00+00:00,4,44.45,1,0,-0.0041,2,annual,card,east
C0000083,2024-11-01 00:00:00+00:00,47,92.34,2,0,-0.1133,0,annual,bank,south
C0000123,2024-11-01 00:00:00+00:00,77,70.89,1,0,0.1049,1,annual,card,north
C0000139,2024-11-01 00:00:00+00:00,1,78.6,1,0,-0.0989,0,month-to-month,card,east
C0000210,2024-11-01 00:00:00+00:00,99,80.64,1,0,-0.3967,1,month-to-month,bank,north
C0000219,2024-11-01 00:00:00+00:00,89,76.64,2,0,-0.1582,1,two-year,card,west
C0000223,2024-11-01 00:00:00+00:00,85,62.76,2,0,-0.0861,0,month-to-month,card,east
C0000230,2024-11-01 00:00:00+00:00,72,78.43,1,0,-0.1299,0,annual,card,north
C0000247,2024-11-01 00:00:00+00:00,39,60.42,2,2,-0.0968,1,annual,bank,south
C0000249,2024-11-01 00:00:00+00:00,116,15.0,4,0,-0.1794,1,month-to-month,check,west
C0000258,2024-11-01 00:00:00+00:00,2,53.91,1,1,-0.0908,1,annual,check,west
C0000303,2024-11-01 00:00:00+00:00,119,59.94,0,0,-0.3038,3,month-to-month,bank,north
C0000343,2024-11-01 00:00:00+00:00,75,92.83,1,0,-0.1959,0,month-to-month,check,north
C0000379,2024-11-01 00:00:00+00:00,24,94.93,2,1,0.2027,1,two-year,bank,south
C0000420,2024-11-01 00:00:00+00:00,99,78.8,1,1,-0.2,1,month-to-month,card,west
C0000494,2024-11-01 00:00:00+00:00,13,91.03,1,0,-0.2498,1,annual,bank,east
C0000504,2024-11-01 00:00:00+00:00,14,84.54,0,0,0.299,0,annual,check,east
C0000557,2024-11-01 00:00:00+00:00,75,85.36,1,0,-0.2327,1,month-to-month,card,south
C0000580,2024-11-01 00:00:00+00:00,60,49.84,2,1,0.1744,0,annual,card,south
C0000584,2024-11-01 00:00:00+00:00,61,85.91,2,1,0.1267,0,two-year,card,west
C0000603,2024-11-01 00:00:00+00:00,18,48.39,1,0,-0.3722,0,two-year,card,south
C0000611,2024-11-01 00:00:00+00:00,54,81.58,2,0,-0.3201,2,month-to-month,card,east
C0000653,2024-11-01 00:00:00+00:00,70,104.16,2,0,0.1648,1,month-to-month,bank,south
C0000664,2024-11-01 00:00:00+00:00,15,20.37,0,0,0.0613,0,annual,bank,south
C0000714,2024-11-01 00:00:00+00:00,114,42.43,2,1,0.0069,1,annual,bank,east
C0000716,2024-11-01 00:00:00+00:00,75,90.57,0,0,-0.1674,1,month-to-month,bank,east
C0000718,2024-11-01 00:00:00+00:00,19,78.64,0,1,0.0688,0,month-to-month,check,south
C0000724,2024-11-01 00:00:00+00:00,61,15.0,1,0,-0.3016,3,month-to-month,card,east
C0000742,2024-11-01 00:00:00+00:00,33,61.96,2,0,-0.1301,1,month-to-month,bank,north
C0000813,2024-11-01 00:00:00+00:00,47,80.7,1,0,-0.2617,0,annual,card,east
C0000818,2024-11-01 00:00:00+00:00,66,85.16,0,0,0.1946,0,two-year,card,east
C0000853,2024-11-01 00:00:00+00:00,73,59.24,1,1,0.1793,0,annual,bank,west
C0000870,2024-11-01 00:00:00+00:00,60,85.28,1,2,-0.4754,0,month-to-month,card,west
C0000906,2024-11-01 00:00:00+00:00,23,63.51,1,1,0.1003,3,month-to-month,bank,north
C0000908,2024-11-01 00:00:00+00:00,1,81.97,3,1,-0.045,2,annual,bank,south
C0000909,2024-11-01 00:00:00+00:00,45,64.12,1,0,0.1662,0,month-to-month,check,north
C0000932,2024-11-01 00:00:00+00:00,75,69.24,1,1,0.1037,0,month-to-month,check,north
C0000949,2024-11-01 00:00:00+00:00,112,140.52,0,0,-0.0721,0,month-to-month,card,south
C0000998,2024-11-01 00:00:00+00:00,51,39.2,2,0,-0.1657,0,month-to-month,bank,west
C0001018,2024-11-01 00:00:00+00:00,19,83.72,2,2,-0.0046,2,two-year,bank,west
C0001022,2024-11-01 00:00:00+00:00,17,123.04,0,1,-0.2199,2,annual,bank,north
C0001034,2024-11-01 00:00:00+00:00,56,97.56,2,1,0.0267,2,two-year,card,north
C0001078,2024-11-01 00:00:00+00:00,114,69.95,1,1,-0.2653,1,month-to-month,bank,north
C0001082,2024-11-01 00:00:00+00:00,55,62.32,0,0,-0.0194,0,annual,bank,east
C0001184,2024-11-01 00:00:00+00:00,54,60.54,1,0,0.0726,0,month-to-month,card,west
C0001246,2024-11-01 00:00:00+00:00,105,38.02,1,0,0.1425,2,two-year,bank,south
C0001279,2024-11-01 00:00:00+00:00,17,75.78,1,1,0.2609,2,month-to-month,card,west
C0001338,2024-11-01 00:00:00+00:00,17,15.0,2,0,-0.3445,2,month-to-month,card,east
C0001621,2024-11-01 00:00:00+00:00,91,100.8,0,0,-0.2058,1,month-to-month,bank,east
C0001659,2024-11-01 00:00:00+00:00,19,78.36,0,0,-0.4576,0,month-to-month,card,south
C0001662,2024-11-01 00:00:00+00:00,18,122.26,1,0,0.4868,0,month-to-month,bank,east
C0001704,2024-11-01 00:00:00+00:00,57,85.43,1,1,-0.1337,1,month-to-month,bank,north
C0001717,2024-11-01 00:00:00+00:00,92,59.06,1,1,-0.3617,2,month-to-month,card,west
C0001724,2024-11-01 00:00:00+00:00,114,33.23,2,0,0.0212,1,month-to-month,bank,north
C0001796,2024-11-01 00:00:00+00:00,83,55.58,1,0,-0.0057,0,month-to-month,card,south
C0001884,2024-11-01 00:00:00+00:00,24,69.14,1,0,0.2785,2,annual,card,north
C0001941,2024-11-01 00:00:00+00:00,33,65.87,3,0,-0.0559,0,month-to-month,bank,south
C0001955,2024-11-01 00:00:00+00:00,73,77.42,1,0,-0.2158,1,annual,bank,south
C0002078,2024-11-01 00:00:00+00:00,96,123.95,0,1,0.1701,1,annual,bank,east
C0002090,2024-11-01 00:00:00+00:00,49,108.85,1,0,0.1671,0,annual,card,east
C0002109,2024-11-01 00:00:00+00:00,88,90.98,1,0,0.1511,0,month-to-month,bank,north
C0002173,2024-11-01 00:00:00+00:00,19,62.45,1,0,-0.0524,0,two-year,card,west
C0002191,2024-11-01 00:00:00+00:00,110,68.76,0,0,-0.462,2,month-to-month,card,east
C0002205,2024-11-01 00:00:00+00:00,59,17.4,1,0,-0.197,0,month-to-month,card,south
C0002206,2024-11-01 00:00:00+00:00,95,105.95,3,0,0.0782,1,month-to-month,card,east
C0002231,2024-11-01 00:00:00+00:00,14,133.79,0,1,-0.1422,0,month-to-month,bank,south
C0002297,2024-11-01 00:00:00+00:00,59,95.29,0,0,-0.1128,0,month-to-month,bank,north
C0002333,2024-11-01 00:00:00+00:00,27,82.47,1,1,-0.436,2,month-to-month,bank,south
C0002417,2024-11-01 00:00:00+00:00,30,64.69,2,0,-0.1442,1,month-to-month,check,south
C0002424,2024-11-01 00:00:00+00:00,66,41.94,0,2,-0.3687,3,month-to-month,bank,west
C0002438,2024-11-01 00:00:00+00:00,72,81.21,1,0,-0.1488,2,month-to-month,card,east
C0002441,2024-11-01 00:00:00+00:00,72,83.6,0,0,0.1091,0,month-to-month,check,south
C0002447,2024-11-01 00:00:00+00:00,8,102.04,0,0,-0.1891,0,two-year,check,west
C0002538,2024-11-01 00:00:00+00:00,38,49.62,0,0,-0.1599,0,month-to-month,bank,east
C0002539,2024-11-01 00:00:00+00:00,54,59.14,1,0,-0.0368,2,month-to-month,card,east
C0002581,2024-11-01 00:00:00+00:00,26,75.4,3,0,0.3304,1,two-year,card,north
C0002586,2024-11-01 00:00:00+00:00,75,84.95,1,0,-0.1126,0,month-to-month,check,south
C0002619,2024-11-01 00:00:00+00:00,107,62.54,1,0,-0.0458,0,month-to-month,card,north
C0002654,2024-11-01 00:00:00+00:00,62,72.45,0,0,0.4432,1,month-to-month,card,north
C0002676,2024-11-01 00:00:00+00:00,55,75.16,2,0,0.2389,4,two-year,bank,north
C0002699,2024-11-01 00:00:00+00:00,25,71.11,1,1,0.1786,1,annual,check,west
C0002722,2024-11-01 00:00:00+00:00,17,76.53,1,0,0.0196,1,two-year,check,south
C0002739,2024-11-01 00:00:00+00:00,41,81.44,1,0,-0.1373,5,month-to-month,bank,east
C0002749,2024-11-01 00:00:00+00:00,27,127.44,1,0,0.4962,1,month-to-month,card,north
C0002819,2024-11-01 00:00:00+00:00,43,70.94,0,0,-0.2603,0,annual,card,west
C0002834,2024-11-01 00:00:00+00:00,26,65.69,0,0,0.2973,1,month-to-month,card,west
C0002835,2024-11-01 00:00:00+00:00,105,54.26,0,0,-0.2347,1,month-to-month,card,north
C0002860,2024-11-01 00:00:00+00:00,119,137.31,0,1,-0.1218,2,annual,check,south
C0002932,2024-11-01 00:00:00+00:00,109,85.33,0,0,-0.1052,2,two-year,check,west
C0002956,2024-11-01 00:00:00+00:00,50,54.42,1,0,0.039,1,month-to-month,bank,west
C0000004,2024-12-01 00:00:00+00:00,69,98.29,0,0,0.1075,1,month-to-month,bank,south
C0000007,2024-12-01 00:00:00+00:00,100,46.02,0,0,-0.2986,1,month-to-month,card,east
C0000009,2024-12-01 00:00:00+00:00,98,41.51,1,0,0.3123,1,month-to-month,card,north
C0000051,2024-12-01 00:00:00+00:00,82,62.33,0,0,-0.2019,0,month-to-month,card,west
C0000069,2024-12-01 00:00:00+00:00,68,97.57,2,0,0.1136,2,month-to-month,card,east
C0000103,2024-12-01 00:00:00+00:00,41,49.63,1,0,-0.054,1,annual,check,south
C0000104,2024-12-01 00:00:00+00:00,61,91.89,1,0,0.0263,0,month-to-month,card,south
C0000132,2024-12-01 00:00:00+00:00,6,94.5,1,0,-0.1615,0,month-to-month,bank,south
C0000135,2024-12-01 00:00:00+00:00,10,123.87,1,2,-0.3476,2,month-to-month,bank,south
C0000168,2024-12-01 00:00:00+00:00,88,106.7,1,0,-0.1998,1,month-to-month,bank,north
C0000216,2024-12-01 00:00:00+00:00,24,69.31,3,0,-0.201,1,month-to-month,bank,north
C0000245,2024-12-01 00:00:00+00:00,8,38.7,0,0,-0.2651,0,month-to-month,check,south
C0000277,2024-12-01 00:00:00+00:00,27,65.89,2,2,-0.1174,1,two-year,bank,north
C0000287,2024-12-01 00:00:00+00:00,7,67.01,1,0,-0.0839,4,two-year,card,west
C0000288,2024-12-01 00:00:00+00:00,13,68.18,1,1,0.1149,1,annual,card,north
C0000295,2024-12-01 00:00:00+00:00,75,78.46,0,0,0.0495,1,month-to-month,card,north
C0000302,2024-12-01 00:00:00+00:00,108,30.87,0,0,-0.1481,0,annual,card,south
C0000329,2024-12-01 00:00:00+00:00,40,69.87,0,1,0.003,1,month-to-month,bank,south
C0000340,2024-12-01 00:00:00+00:00,118,108.45,2,0,-0.0801,2,annual,bank,south
C0000399,2024-12-01 00:00:00+00:00,87,94.43,0,1,0.2412,1,annual,bank,east
C0000432,2024-12-01 00:00:00+00:00,39,92.83,0,1,0.0128,1,annual,card,south
C0000471,2024-12-01 00:00:00+00:00,77,75.06,1,0,0.1082,1,month-to-month,card,south
C0000477,2024-12-01 00:00:00+00:00,15,93.44,2,0,-0.1143,0,month-to-month,card,east
C0000490,2024-12-01 00:00:00+00:00,114,77.82,0,0,0.1153,0,month-to-month,check,east
C0000513,2024-12-01 00:00:00+00:00,97,101.84,2,0,-0.325,2,month-to-month,card,west
C0000583,2024-12-01 00:00:00+00:00,51,77.45,1,2,0.6026,3,annual,bank,south
C0000620,2024-12-01 00:00:00+00:00,45,67.83,0,0,0.0428,1,month-to-month,card,east
C0000640,2024-12-01 00:00:00+00:00,14,34.12,2,1,-0.3673,1,month-to-month,card,east
C0000652,2024-12-01 00:00:00+00:00,92,105.03,1,1,0.3292,0,month-to-month,bank,south
C0000741,2024-12-01 00:00:00+00:00,119,69.4,0,0,-0.0114,1,month-to-month,bank,south
C0000755,2024-12-01 00:00:00+00:00,109,49.46,3,1,-0.2086,2,month-to-month,card,north
C0000783,2024-12-01 00:00:00+00:00,16,60.29,2,0,-0.1274,3,month-to-month,bank,north
C0000810,2024-12-01 00:00:00+00:00,47,111.28,3,2,0.0587,7,two-year,check,south
C0000838,2024-12-01 00:00:00+00:00,9,105.54,0,1,0.1416,1,annual,bank,west
C0000900,2024-12-01 00:00:00+00:00,58,98.22,2,2,-0.017,0,annual,card,east
C0000995,2024-12-01 00:00:00+00:00,43,41.77,2,0,-0.0805,2,month-to-month,card,north
C0000996,2024-12-01 00:00:00+00:00,75,74.3,0,1,0.1334,2,annual,bank,west
C0001012,2024-12-01 00:00:00+00:00,72,78.49,0,0,0.2908,2,annual,card,east
C0001049,2024-12-01 00:00:00+00:00,82,21.51,1,0,0.168,0,month-to-month,bank,north
C0001095,2024-12-01 00:00:00+00:00,65,53.66,0,0,-0.2689,1,annual,bank,east
C0001114,2024-12-01 00:00:00+00:00,93,81.99,0,1,0.3181,2,month-to-month,card,north
C0001123,2024-12-01 00:00:00+00:00,20,73.71,0,0,0.1668,2,annual,check,north
C0001179,2024-12-01 00:00:00+00:00,70,62.31,1,0,0.1063,1,month-to-month,card,west
C0001226,2024-12-01 00:00:00+00:00,56,96.23,1,0,-0.2802,0,annual,card,north
C0001236,2024-12-01 00:00:00+00:00,32,55.55,3,0,-0.1459,0,month-to-month,card,west
C0001259,2024-12-01 00:00:00+00:00,21,70.65,1,0,0.0981,1,annual,bank,south
C0001353,2024-12-01 00:00:00+00:00,89,98.79,1,0,0.3799,0,annual,bank,west
C0001355,2024-12-01 00:00:00+00:00,110,98.47,2,0,-0.1616,1,month-to-month,card,west
C0001360,2024-12-01 00:00:00+00:00,42,40.37,0,0,-0.0645,0,month-to-month,bank,east
C0001446,2024-12-01 00:00:00+00:00,26,59.28,0,0,-0.0858,1,annual,card,north
C0001464,2024-12-01 00:00:00+00:00,8,72.0,2,0,0.1132,2,month-to-month,card,east
C0001483,2024-12-01 00:00:00+00:00,118,116.94,0,0,0.0869,0,annual,card,west
C0001518,2024-12-01 00:00:00+00:00,57,88.85,4,0,0.0217,1,month-to-month,card,west
C0001564,2024-12-01 00:00:00+00:00,35,82.09,1,0,-0.5716,2,month-to-month,bank,east
C0001578,2024-12-01 00:00:00+00:00,29,78.6,1,0,0.3577,2,month-to-month,card,west
C0001584,2024-12-01 00:00:00+00:00,118,37.65,2,0,0.2005,1,two-year,card,south
C0001590,2024-12-01 00:00:00+00:00,96,53.46,1,0,-0.1184,0,month-to-month,card,west
C0001653,2024-12-01 00:00:00+00:00,10,15.0,1,0,0.1587,3,month-to-month,card,north
C0001709,2024-12-01 00:00:00+00:00,88,83.88,1,1,0.5431,1,month-to-month,bank,east
C0001730,2024-12-01 00:00:00+00:00,55,100.85,2,0,0.4215,0,month-to-month,card,east
C0001775,2024-12-01 00:00:00+00:00,51,74.42,2,0,0.2837,0,two-year,bank,north
C0001807,2024-12-01 00:00:00+00:00,101,99.72,1,1,-0.0865,0,month-to-month,check,south
C0001817,2024-12-01 00:00:00+00:00,117,114.86,1,0,-0.3485,1,annual,card,south
C0001818,2024-12-01 00:00:00+00:00,113,77.61,1,0,0.1461,1,month-to-month,card,east
C0001841,2024-12-01 00:00:00+00:00,75,64.39,0,1,-0.0998,3,month-to-month,check,west
C0001855,2024-12-01 00:00:00+00:00,89,64.22,0,1,-0.0912,1,month-to-month,card,south
C0001879,2024-12-01 00:00:00+00:00,36,100.78,2,1,0.3104,1,month-to-month,bank,west
C0001893,2024-12-01 00:00:00+00:00,81,82.15,2,0,-0.1141,1,two-year,card,west
C0001918,2024-12-01 00:00:00+00:00,44,57.59,0,0,-0.5714,0,annual,check,east
C0001951,2024-12-01 00:00:00+00:00,89,114.86,2,0,0.3146,0,annual,bank,north
C0001986,2024-12-01 00:00:00+00:00,49,46.87,0,0,-0.0905,1,month-to-month,card,south
C0001998,2024-12-01 00:00:00+00:00,32,49.72,1,0,0.0452,0,annual,card,south
C0002103,2024-12-01 00:00:00+00:00,65,91.84,2,0,-0.21,2,month-to-month,bank,west
C0002111,2024-12-01 00:00:00+00:00,10,58.77,0,0,-0.1493,3,month-to-month,bank,east
C0002133,2024-12-01 00:00:00+00:00,59,67.91,1,0,-0.4485,0,annual,check,south
C0002149,2024-12-01 00:00:00+00:00,66,85.63,0,2,0.2342,0,annual,card,west
C0002153,2024-12-01 00:00:00+00:00,35,97.75,0,0,0.0836,0,annual,bank,south
C0002183,2024-12-01 00:00:00+00:00,29,50.64,3,0,-0.0982,0,annual,bank,west
C0002210,2024-12-01 00:00:00+00:00,106,110.18,1,0,0.1484,0,month-to-month,check,west
C0002213,2024-12-01 00:00:00+00:00,53,108.58,0,0,-0.4489,1,annual,check,east
C0002294,2024-12-01 00:00:00+00:00,34,93.04,1,1,0.0563,0,month-to-month,card,west
C0002306,2024-12-01 00:00:00+00:00,32,74.63,2,1,-0.2221,2,month-to-month,card,west
C0002328,2024-12-01 00:00:00+00:00,30,83.73,1,0,0.1233,2,annual,card,north
C0002344,2024-12-01 00:00:00+00:00,80,75.38,1,0,-0.237,1,annual,bank,east
C0002371,2024-12-01 00:00:00+00:00,91,55.76,2,1,-0.4188,0,two-year,bank,north
C0002381,2024-12-01 00:00:00+00:00,10,33.81,1,1,-0.2399,0,month-to-month,card,south
C0002382,2024-12-01 00:00:00+00:00,72,15.0,0,1,0.0857,2,month-to-month,bank,north
C0002456,2024-12-01 00:00:00+00:00,44,42.72,0,1,-0.0845,1,two-year,card,north
C0002488,2024-12-01 00:00:00+00:00,65,61.13,1,1,-0.0013,0,annual,card,west
C0002497,2024-12-01 00:00:00+00:00,76,87.35,1,0,-0.0217,0,month-to-month,card,east
C0002508,2024-12-01 00:00:00+00:00,72,153.49,0,1,-0.1317,2,month-to-month,card,south
C0002515,2024-12-01 00:00:00+00:00,13,55.04,1,0,0.0123,1,annual,card,east
C0002531,2024-12-01 00:00:00+00:00,112,32.42,1,0,0.014,1,month-to-month,bank,south
C0002548,2024-12-01 00:00:00+00:00,109,60.53,1,0,0.4129,1,annual,bank,east
C0002578,2024-12-01 00:00:00+00:00,100,88.36,2,1,-0.1643,2,annual,bank,south
C0002613,2024-12-01 00:00:00+00:00,70,97.87,2,0,-0.2904,1,month-to-month,bank,west
C0002641,2024-12-01 00:00:00+00:00,114,100.01,2,0,0.272,1,month-to-month,check,east
C0002713,2024-12-01 00:00:00+00:00,20,58.63,1,0,-0.0311,0,month-to-month,card,east
C0002718,2024-12-01 00:00:00+00:00,48,61.24,4,2,-0.3842,1,annual,card,north
C0002748,2024-12-01 00:00:00+00:00,96,80.51,4,0,-0.0038,3,annual,check,north
C0002750,2024-12-01 00:00:00+00:00,87,90.54,2,1,-0.0057,1,month-to-month,check,east
C0002764,2024-12-01 00:00:00+00:00,112,66.4,1,0,0.4034,1,month-to-month,card,west
C0002880,2024-12-01 00:00:00+00:00,69,66.11,1,0,-0.3359,2,month-to-month,card,north
C0002913,2024-12-01 00:00:00+00:00,59,80.17,3,0,0.1781,0,month-to-month,card,west
C0002930,2024-12-01 00:00:00+00:00,26,48.59,0,0,-0.216,1,month-to-month,bank,north
C0002938,2024-12-01 00:00:00+00:00,43,105.92,3,0,-0.2553,1,month-to-month,card,east
C0002942,2024-12-01 00:00:00+00:00,59,82.04,2,0,0.2983,1,annual,bank,north
C0002997,2024-12-01 00:00:00+00:00,61,71.75,4,2,0.0761,1,month-to-month,bank,south
C0000140,2025-01-01 00:00:00+00:00,119,95.04,4,0,0.0223,1,two-year,card,north
C0000207,2025-01-01 00:00:00+00:00,115,108.06,1,1,0.6217,3,annual,bank,east
C0000378,2025-01-01 00:00:00+00:00,74,44.86,1,0,-0.0206,1,month-to-month,check,east
C0000392,2025-01-01 00:00:00+00:00,75,82.57,1,1,-0.1051,1,annual,card,east
C0000434,2025-01-01 00:00:00+00:00,6,89.07,0,1,0.135,1,annual,card,north
C0000450,2025-01-01 00:00:00+00:00,73,77.31,1,1,-0.2146,0,month-to-month,card,north
C0000478,2025-01-01 00:00:00+00:00,94,53.68,0,0,-0.0267,0,two-year,bank,west
C0000518,2025-01-01 00:00:00+00:00,78,48.56,1,0,0.1945,0,annual,bank,east
C0000615,2025-01-01 00:00:00+00:00,61,39.22,1,0,0.1429,1,month-to-month,bank,east
C0000633,2025-01-01 00:00:00+00:00,30,135.06,1,1,0.2676,2,annual,card,east
C0000645,2025-01-01 00:00:00+00:00,54,73.28,2,0,0.151,0,month-to-month,check,north
C0000658,2025-01-01 00:00:00+00:00,93,76.94,2,0,0.1057,0,month-to-month,check,west
C0000660,2025-01-01 00:00:00+00:00,70,78.15,2,0,-0.3156,0,annual,check,north
C0000665,2025-01-01 00:00:00+00:00,59,117.5,1,1,0.2392,1,month-to-month,bank,east
C0000671,2025-01-01 00:00:00+00:00,58,26.74,0,0,-0.159,2,month-to-month,bank,north
C0000680,2025-01-01 00:00:00+00:00,8,22.7,1,1,0.108,0,annual,check,south
C0000728,2025-01-01 00:00:00+00:00,41,123.81,1,0,0.5415,2,month-to-month,check,south
C0000731,2025-01-01 00:00:00+00:00,99,18.21,1,0,0.122,1,month-to-month,bank,west
C0000746,2025-01-01 00:00:00+00:00,82,46.81,0,1,0.3193,2,annual,card,south
C0000787,2025-01-01 00:00:00+00:00,47,53.15,1,1,0.2731,1,annual,card,south
C0000794,2025-01-01 00:00:00+00:00,41,69.1,0,1,0.3512,0,month-to-month,card,south
C0000805,2025-01-01 00:00:00+00:00,115,76.07,0,1,-0.363,3,two-year,card,south
C0000822,2025-01-01 00:00:00+00:00,33,74.98,0,0,0.1349,0,month-to-month,bank,east
C0000826,2025-01-01 00:00:00+00:00,92,84.48,0,0,-0.0214,1,month-to-month,bank,west
C0000829,2025-01-01 00:00:00+00:00,22,71.17,3,0,0.0414,0,month-to-month,check,north
C0000830,2025-01-01 00:00:00+00:00,87,89.12,2,0,-0.5742,1,month-to-month,card,south
C0000939,2025-01-01 00:00:00+00:00,77,95.5,1,1,-0.3118,2,month-to-month,card,west
C0000941,2025-01-01 00:00:00+00:00,83,15.0,0,0,0.117,2,two-year,card,west
C0000963,2025-01-01 00:00:00+00:00,27,57.71,0,0,-0.388,0,annual,card,north
C0001013,2025-01-01 00:00:00+00:00,51,103.73,1,0,0.0532,1,annual,bank,east
C0001054,2025-01-01 00:00:00+00:00,101,57.36,2,1,0.0011,3,annual,card,east
C0001142,2025-01-01 00:00:00+00:00,56,62.98,0,0,0.065,1,annual,card,east
C0001195,2025-01-01 00:00:00+00:00,21,101.86,0,0,-0.5649,1,month-to-month,card,east
C0001216,2025-01-01 00:00:00+00:00,78,73.14,4,0,0.0125,0,annual,bank,north
C0001250,2025-01-01 00:00:00+00:00,96,117.67,1,1,0.1242,2,month-to-month,bank,south
C0001283,2025-01-01 00:00:00+00:00,30,52.49,2,0,-0.1416,0,two-year,bank,west
C0001295,2025-01-01 00:00:00+00:00,119,34.56,0,0,-0.0348,1,two-year,card,east
C0001344,2025-01-01 00:00:00+00:00,26,80.55,1,0,0.3106,1,month-to-month,card,south
C0001349,2025-01-01 00:00:00+00:00,35,77.27,1,0,0.0536,2,month-to-month,bank,south
C0001401,2025-01-01 00:00:00+00:00,3,45.14,3,0,0.1012,1,two-year,check,west
C0001413,2025-01-01 00:00:00+00:00,70,110.24,0,0,-0.0661,0,month-to-month,bank,north
C0001419,2025-01-01 00:00:00+00:00,97,70.96,1,1,0.1521,0,annual,bank,south
C0001476,2025-01-01 00:00:00+00:00,120,68.48,2,0,0.0661,1,month-to-month,bank,west
C0001502,2025-01-01 00:00:00+00:00,9,56.76,2,1,-0.2818,2,month-to-month,card,south
C0001593,2025-01-01 00:00:00+00:00,101,97.06,1,0,-0.1349,1,month-to-month,bank,south
C0001607,2025-01-01 00:00:00+00:00,114,56.19,2,1,-0.4399,1,annual,check,west
C0001620,2025-01-01 00:00:00+00:00,19,86.25,1,0,-0.2,2,month-to-month,check,east
C0001628,2025-01-01 00:00:00+00:00,34,47.74,0,0,0.2373,0,annual,card,west
C0001630,2025-01-01 00:00:00+00:00,81,75.04,0,0,0.188,4,month-to-month,card,east
C0001660,2025-01-01 00:00:00+00:00,25,64.47,2,0,0.1836,3,annual,card,south
C0001665,2025-01-01 00:00:00+00:00,102,87.36,0,0,-0.4854,1,month-to-month,card,north
C0001668,2025-01-01 00:00:00+00:00,22,55.9,2,1,-0.5985,0,month-to-month,card,south
C0001695,2025-01-01 00:00:00+00:00,2,110.56,1,0,0.3779,0,month-to-month,bank,east
C0001719,2025-01-01 00:00:00+00:00,70,75.92,3,0,0.1735,0,two-year,card,north
C0001785,2025-01-01 00:00:00+00:00,114,63.48,1,1,-0.3418,0,month-to-month,check,east
C0001827,2025-01-01 00:00:00+00:00,25,106.81,2,0,0.0073,1,month-to-month,bank,west
C0001868,2025-01-01 00:00:00+00:00,28,127.69,1,0,0.1029,1,month-to-month,card,east
C0001877,2025-01-01 00:00:00+00:00,13,65.85,2,1,0.1725,2,annual,card,south
C0001898,2025-01-01 00:00:00+00:00,71,100.12,0,0,-0.2441,0,annual,check,west
C0001930,2025-01-01 00:00:00+00:00,7,103.03,2,0,-0.07,1,month-to-month,bank,west
C0001938,2025-01-01 00:00:00+00:00,106,77.46,1,0,-0.1585,1,annual,bank,west
C0001939,2025-01-01 00:00:00+00:00,78,68.84,1,0,-0.167,1,annual,card,east
C0001976,2025-01-01 00:00:00+00:00,30,63.58,1,0,-0.1359,1,two-year,card,west
C0002025,2025-01-01 00:00:00+00:00,92,51.07,1,0,-0.264,0,month-to-month,check,north
C0002029,2025-01-01 00:00:00+00:00,14,60.15,1,1,-0.372,0,month-to-month,card,west
C0002032,2025-01-01 00:00:00+00:00,55,90.36,2,0,0.0824,0,annual,bank,south
C0002041,2025-01-01 00:00:00+00:00,14,51.71,1,1,0.0316,2,month-to-month,bank,south
C0002060,2025-01-01 00:00:00+00:00,33,110.55,1,0,0.6806,0,annual,bank,east
C0002185,2025-01-01 00:00:00+00:00,100,79.33,1,0,-0.3751,2,annual,card,west
C0002192,2025-01-01 00:00:00+00:00,110,39.98,1,0,-0.2813,0,annual,card,west
C0002290,2025-01-01 00:00:00+00:00,88,96.18,0,0,0.0036,2,annual,card,east
C0002295,2025-01-01 00:00:00+00:00,49,81.57,2,1,0.0962,0,annual,card,north
C0002347,2025-01-01 00:00:00+00:00,69,78.55,3,1,0.2179,0,month-to-month,card,west
C0002365,2025-01-01 00:00:00+00:00,3,73.38,1,0,-0.0594,1,month-to-month,bank,north
C0002376,2025-01-01 00:00:00+00:00,40,90.02,0,0,-0.0753,0,annual,card,east
C0002378,2025-01-01 00:00:00+00:00,108,98.99,3,1,0.0445,0,month-to-month,bank,north
C0002383,2025-01-01 00:00:00+00:00,38,50.76,0,3,0.0936,3,annual,card,east
C0002393,2025-01-01 00:00:00+00:00,69,43.85,2,0,-0.5429,1,annual,bank,south
C0002452,2025-01-01 00:00:00+00:00,65,80.06,0,0,-0.1411,1,month-to-month,card,east
C0002469,2025-01-01 00:00:00+00:00,102,89.56,0,0,-0.4326,1,month-to-month,card,north
C0002535,2025-01-01 00:00:00+00:00,5,83.32,2,0,-0.0555,1,month-to-month,card,north
C0002564,2025-01-01 00:00:00+00:00,48,66.28,1,0,0.2319,0,two-year,card,south
C0002567,2025-01-01 00:00:00+00:00,107,49.86,0,0,0.0226,0,annual,card,north
C0002572,2025-01-01 00:00:00+00:00,50,26.26,1,0,0.5239,1,annual,card,west
C0002588,2025-01-01 00:00:00+00:00,69,111.27,0,0,-0.205,1,month-to-month,bank,east
C0002592,2025-01-01 00:00:00+00:00,95,75.75,3,3,-0.0817,1,two-year,check,east
C0002662,2025-01-01 00:00:00+00:00,49,46.78,1,0,-0.058,0,month-to-month,bank,north
C0002680,2025-01-01 00:00:00+00:00,23,99.48,2,0,-0.3882,1,month-to-month,card,east
C0002685,2025-01-01 00:00:00+00:00,68,113.74,3,1,0.5134,0,month-to-month,bank,east
C0002705,2025-01-01 00:00:00+00:00,45,69.22,4,0,0.2853,0,month-to-month,card,south
C0002715,2025-01-01 00:00:00+00:00,113,97.47,1,0,0.4279,1,month-to-month,card,north
C0002716,2025-01-01 00:00:00+00:00,63,41.71,2,1,0.2142,1,month-to-month,card,west
C0002774,2025-01-01 00:00:00+00:00,25,88.27,1,0,-0.1105,4,annual,card,east
C0002792,2025-01-01 00:00:00+00:00,50,106.39,5,0,0.3691,2,annual,card,east
C0002864,2025-01-01 00:00:00+00:00,95,72.39,1,0,-0.3274,0,month-to-month,card,north
C0002927,2025-01-01 00:00:00+00:00,74,63.77,1,1,-0.13,1,month-to-month,card,south
C0002943,2025-01-01 00:00:00+00:00,34,40.16,0,1,-0.2965,0,month-to-month,card,west
C0002995,2025-01-01 00:00:00+00:00,100,29.27,1,1,0.0367,1,two-year,card,south
C0000043,2025-02-01 00:00:00+00:00,7,66.9,0,0,0.2084,0,month-to-month,card,north
C0000057,2025-02-01 00:00:00+00:00,106,108.71,1,2,0.4711,1,month-to-month,bank,east
C0000075,2025-02-01 00:00:00+00:00,60,57.23,1,0,-0.0729,2,two-year,bank,east
C0000076,2025-02-01 00:00:00+00:00,59,34.99,0,0,-0.396,0,month-to-month,card,north
C0000080,2025-02-01 00:00:00+00:00,34,65.46,0,1,-0.2933,0,two-year,check,south
C0000082,2025-02-01 00:00:00+00:00,89,75.49,0,0,-0.0388,3,annual,card,south
C0000088,2025-02-01 00:00:00+00:00,60,75.28,1,0,0.0692,0,month-to-month,card,east
C0000105,2025-02-01 00:00:00+00:00,34,124.31,1,1,-0.1472,0,two-year,card,east
C0000115,2025-02-01 00:00:00+00:00,30,64.92,2,1,-0.3734,0,month-to-month,card,south
C0000143,2025-02-01 00:00:00+00:00,109,107.68,2,0,-0.1373,2,month-to-month,bank,east
C0000232,2025-02-01 00:00:00+00:00,84,79.3,1,1,-0.0598,1,month-to-month,card,north
C0000236,2025-02-01 00:00:00+00:00,57,90.33,0,0,0.4299,1,two-year,card,west
C0000283,2025-02-01 00:00:00+00:00,19,54.58,1,0,-0.3743,2,month-to-month,check,west
C0000315,2025-02-01 00:00:00+00:00,119,87.8,0,0,-0.103,1,month-to-month,bank,north
C0000414,2025-02-01 00:00:00+00:00,82,55.55,2,0,-0.3089,2,two-year,card,south
C0000427,2025-02-01 00:00:00+00:00,13,82.59,3,0,0.0209,0,two-year,card,south
C0000441,2025-02-01 00:00:00+00:00,106,81.67,1,0,-0.0667,1,month-to-month,card,west
C0000449,2025-02-01 00:00:00+00:00,6,41.78,0,0,0.1629,0,month-to-month,bank,north
C0000479,2025-02-01 00:00:00+00:00,52,65.65,1,0,-0.0287,3,month-to-month,card,west
C0000526,2025-02-01 00:00:00+00:00,77,93.05,2,0,0.1385,3,month-to-month,card,east
C0000549,2025-02-01 00:00:00+00:00,69,47.39,3,0,-0.3745,0,month-to-month,bank,north
C0000559,2025-02-01 00:00:00+00:00,29,99.08,0,1,-0.3198,1,annual,card,east
C0000560,2025-02-01 00:00:00+00:00,3,53.76,1,0,-0.4087,1,month-to-month,card,south
C0000581,2025-02-01 00:00:00+00:00,73,77.4,1,0,0.1641,1,month-to-month,bank,west
C0000587,2025-02-01 00:00:00+00:00,103,80.36,1,0,0.1309,1,month-to-month,bank,north
C0000682,2025-02-01 00:00:00+00:00,77,94.31,0,1,0.0295,0,annual,card,north
C0000707,2025-02-01 00:00:00+00:00,47,70.63,0,1,0.1722,0,two-year,card,south
C0000734,2025-02-01 00:00:00+00:00,101,30.03,3,1,0.0261,2,month-to-month,card,east
C0000769,2025-02-01 00:00:00+00:00,17,37.34,1,1,-0.0246,0,month-to-month,card,north
C0000877,2025-02-01 00:00:00+00:00,95,111.57,0,0,-0.1479,2,month-to-month,bank,west
C0000879,2025-02-01 00:00:00+00:00,77,76.67,2,0,-0.5206,0,month-to-month,bank,south
C0000880,2025-02-01 00:00:00+00:00,84,72.08,0,1,-0.1265,1,month-to-month,card,west
C0000928,2025-02-01 00:00:00+00:00,5,66.79,2,0,-0.3317,1,month-to-month,check,north
C0000933,2025-02-01 00:00:00+00:00,31,85.05,1,0,-0.0032,2,annual,bank,west
C0000942,2025-02-01 00:00:00+00:00,91,94.54,1,1,0.2564,2,month-to-month,card,east
C0001017,2025-02-01 00:00:00+00:00,59,74.21,1,1,-0.1304,0,annual,card,south
C0001021,2025-02-01 00:00:00+00:00,32,56.99,3,0,-0.1741,0,two-year,card,west
C0001062,2025-02-01 00:00:00+00:00,108,54.99,1,0,-0.0396,0,month-to-month,bank,east
C0001080,2025-02-01 00:00:00+00:00,105,91.3,1,1,0.0533,2,month-to-month,bank,north
C0001086,2025-02-01 00:00:00+00:00,45,52.07,0,0,-0.0678,0,two-year,card,east
C0001098,2025-02-01 00:00:00+00:00,20,102.36,1,1,-0.0767,1,month-to-month,bank,south
C0001129,2025-02-01 00:00:00+00:00,94,34.58,3,0,-0.0215,3,month-to-month,card,east
C0001169,2025-02-01 00:00:00+00:00,67,59.91,0,0,0.0488,0,month-to-month,bank,west
C0001207,2025-02-01 00:00:00+00:00,107,54.33,0,0,0.0181,0,annual,card,south
C0001212,2025-02-01 00:00:00+00:00,83,27.45,0,0,0.2875,0,month-to-month,bank,east
C0001270,2025-02-01 00:00:00+00:00,49,86.66,2,1,-0.1294,0,month-to-month,check,east
C0001378,2025-02-01 00:00:00+00:00,40,29.11,0,0,0.2735,0,month-to-month,card,west
C0001384,2025-02-01 00:00:00+00:00,58,91.18,0,1,-0.2361,2,month-to-month,bank,north
C0001387,2025-02-01 00:00:00+00:00,57,80.94,1,0,-0.0087,0,two-year,bank,south
C0001438,2025-02-01 00:00:00+00:00,43,119.43,0,2,-0.0338,1,annual,card,north
C0001454,2025-02-01 00:00:00+00:00,27,79.76,3,0,-0.0817,1,month-to-month,card,east
C0001471,2025-02-01 00:00:00+00:00,23,100.78,0,0,-0.1932,2,month-to-month,card,east
C0001498,2025-02-01 00:00:00+00:00,68,55.59,1,0,-0.0404,0,month-to-month,card,north
C0001611,2025-02-01 00:00:00+00:00,25,122.33,0,0,-0.1537,0,month-to-month,bank,south
C0001694,2025-02-01 00:00:00+00:00,120,56.98,0,0,-0.3148,1,month-to-month,bank,north
C0001705,2025-02-01 00:00:00+00:00,60,79.29,1,0,-0.5583,0,month-to-month,card,west
C0001716,2025-02-01 00:00:00+00:00,97,49.99,1,1,-0.14,3,month-to-month,bank,west
C0001773,2025-02-01 00:00:00+00:00,30,51.32,0,2,0.1294,1,annual,card,north
C0001805,2025-02-01 00:00:00+00:00,25,76.34,0,0,0.1976,3,two-year,card,south
C0001812,2025-02-01 00:00:00+00:00,66,78.08,0,0,-0.3677,2,month-to-month,check,west
C0001820,2025-02-01 00:00:00+00:00,97,86.86,0,0,0.0715,0,month-to-month,bank,west
C0001909,2025-02-01 00:00:00+00:00,42,75.6,0,2,-0.1462,1,annual,check,south
C0001934,2025-02-01 00:00:00+00:00,38,102.82,0,1,-0.1528,1,month-to-month,card,south
C0002022,2025-02-01 00:00:00+00:00,28,92.73,1,0,-0.3549,3,month-to-month,bank,north
C0002163,2025-02-01 00:00:00+00:00,5,38.22,3,0,-0.2781,0,annual,bank,north
C0002235,2025-02-01 00:00:00+00:00,62,112.16,1,1,-0.2631,1,annual,bank,east
C0002401,2025-02-01 00:00:00+00:00,119,98.81,2,0,-0.2944,2,month-to-month,card,south
C0002464,2025-02-01 00:00:00+00:00,43,69.1,2,0,0.0376,0,month-to-month,card,east
C0002524,2025-02-01 00:00:00+00:00,35,96.86,2,1,0.2567,1,month-to-month,card,west
C0002527,2025-02-01 00:00:00+00:00,3,87.77,1,0,-0.321,0,month-to-month,card,north
C0002546,2025-02-01 00:00:00+00:00,35,44.8,2,1,0.1747,1,month-to-month,bank,east
C0002547,2025-02-01 00:00:00+00:00,75,15.0,1,0,0.1657,0,annual,card,east
C0002632,2025-02-01 00:00:00+00:00,27,85.6,2,1,-0.0285,0,month-to-month,card,east
C0002761,2025-02-01 00:00:00+00:00,23,56.14,1,0,0.0482,1,month-to-month,card,west
C0002826,2025-02-01 00:00:00+00:00,119,47.91,1,1,-0.3626,2,month-to-month,card,north
C0002877,2025-02-01 00:00:00+00:00,28,49.45,1,0,-0.6978,2,month-to-month,card,north
C0002905,2025-02-01 00:00:00+00:00,95,48.61,2,1,0.4279,3,month-to-month,card,west
C0002917,2025-02-01 00:00:00+00:00,61,72.67,1,0,-0.2455,3,annual,card,north
C0002966,2025-02-01 00:00:00+00:00,16,83.35,1,1,-0.3102,1,month-to-month,card,east
C0002969,2025-02-01 00:00:00+00:00,56,21.79,1,1,0.2019,3,annual,check,west
C0002980,2025-02-01 00:00:00+00:00,81,104.8,0,1,-0.0356,0,month-to-month,bank,west
C0000005,2025-03-01 00:00:00+00:00,56,32.48,1,0,-0.1668,1,month-to-month,card,east
C0000033,2025-03-01 00:00:00+00:00,35,43.34,1,0,0.1927,2,annual,card,north
C0000034,2025-03-01 00:00:00+00:00,28,98.08,4,0,-0.0733,0,annual,card,south
C0000048,2025-03-01 00:00:00+00:00,91,87.06,1,0,0.0072,1,month-to-month,card,west
C0000049,2025-03-01 00:00:00+00:00,92,109.66,2,0,0.3158,2,month-to-month,bank,south
C0000070,2025-03-01 00:00:00+00:00,107,48.93,1,1,-0.0278,0,two-year,card,north
C0000100,2025-03-01 00:00:00+00:00,58,90.46,1,0,-0.371,1,annual,card,north
C0000130,2025-03-01 00:00:00+00:00,80,53.51,2,0,0.1625,1,month-to-month,card,east
C0000176,2025-03-01 00:00:00+00:00,78,88.45,1,0,0.446,1,month-to-month,bank,south
C0000252,2025-03-01 00:00:00+00:00,64,92.77,1,0,-0.1567,1,month-to-month,card,east
C0000266,2025-03-01 00:00:00+00:00,18,80.35,3,0,-0.1379,2,annual,bank,south
C0000270,2025-03-01 00:00:00+00:00,36,76.23,1,0,-0.3335,1,month-to-month,bank,east
C0000323,2025-03-01 00:00:00+00:00,107,80.83,2,1,0.0285,1,month-to-month,card,north
C0000339,2025-03-01 00:00:00+00:00,52,79.58,1,0,-0.0017,0,month-to-month,bank,north
C0000344,2025-03-01 00:00:00+00:00,2,47.0,1,0,0.0726,1,two-year,card,north
C0000385,2025-03-01 00:00:00+00:00,23,81.47,0,1,0.0982,2,annual,bank,west
C0000408,2025-03-01 00:00:00+00:00,42,39.06,2,2,0.0791,2,annual,bank,south
C0000436,2025-03-01 00:00:00+00:00,48,69.28,0,0,0.0331,2,annual,card,south
C0000516,2025-03-01 00:00:00+00:00,47,53.8,1,0,-0.1031,2,month-to-month,bank,south
C0000525,2025-03-01 00:00:00+00:00,103,48.95,0,1,0.4019,0,month-to-month,card,east
C0000564,2025-03-01 00:00:00+00:00,2,85.01,3,0,-0.1438,2,annual,card,north
C0000617,2025-03-01 00:00:00+00:00,33,107.45,0,1,-0.274,1,month-to-month,card,north
C0000675,2025-03-01 00:00:00+00:00,56,24.92,1,0,0.3081,0,two-year,card,north
C0000715,2025-03-01 00:00:00+00:00,97,66.44,2,0,0.0227,2,month-to-month,card,east
C0000738,2025-03-01 00:00:00+00:00,33,68.76,1,0,-0.0066,2,month-to-month,check,south
C0000770,2025-03-01 00:00:00+00:00,79,101.22,1,0,0.231,0,month-to-month,bank,south
C0000828,2025-03-01 00:00:00+00:00,110,81.59,1,0,0.0271,1,month-to-month,card,north
C0000843,2025-03-01 00:00:00+00:00,70,72.84,0,0,-0.1241,0,month-to-month,card,north
C0000868,2025-03-01 00:00:00+00:00,2,140.5,1,0,0.008,0,month-to-month,card,north
C0000922,2025-03-01 00:00:00+00:00,59,49.54,0,0,-0.2801,2,month-to-month,bank,east
C0001000,2025-03-01 00:00:00+00:00,49,98.81,1,0,0.3167,1,annual,card,south
C0001040,2025-03-01 00:00:00+00:00,1,56.37,0,0,-0.2201,3,month-to-month,card,south
C0001052,2025-03-01 00:00:00+00:00,43,113.38,3,0,-0.0522,0,annual,card,west
C0001105,2025-03-01 00:00:00+00:00,83,95.58,0,0,-0.2496,2,annual,card,west
C0001178,2025-03-01 00:00:00+00:00,67,93.98,0,0,-0.3714,1,two-year,check,east
C0001181,2025-03-01 00:00:00+00:00,114,95.41,1,0,0.0255,1,month-to-month,card,south
C0001198,2025-03-01 00:00:00+00:00,7,119.82,2,0,0.277,0,month-to-month,check,east
C0001233,2025-03-01 00:00:00+00:00,6,27.67,0,0,0.1106,2,month-to-month,card,north
C0001247,2025-03-01 00:00:00+00:00,98,97.64,3,0,0.1387,0,month-to-month,bank,south
C0001278,2025-03-01 00:00:00+00:00,87,91.15,0,0,-0.2128,1,month-to-month,card,east
C0001307,2025-03-01 00:00:00+00:00,38,48.67,1,3,0.2279,1,two-year,card,west
C0001322,2025-03-01 00:00:00+00:00,40,83.89,4,0,0.2265,0,two-year,bank,north
C0001352,2025-03-01 00:00:00+00:00,87,116.19,0,1,-0.3407,1,month-to-month,card,north
C0001372,2025-03-01 00:00:00+00:00,3,89.85,1,0,0.0591,0,month-to-month,bank,east
C0001375,2025-03-01 00:00:00+00:00,112,43.56,0,0,0.171,0,annual,bank,west
C0001382,2025-03-01 00:00:00+00:00,48,106.76,1,0,0.4338,0,month-to-month,bank,east
C0001407,2025-03-01 00:00:00+00:00,9,63.34,2,0,0.039,2,annual,bank,south
C0001418,2025-03-01 00:00:00+00:00,113,85.63,0,2,-0.1706,0,month-to-month,bank,east
C0001428,2025-03-01 00:00:00+00:00,118,41.33,0,0,-0.1912,0,annual,check,west
C0001514,2025-03-01 00:00:00+00:00,70,71.06,0,0,0.5102,1,annual,bank,west
C0001534,2025-03-01 00:00:00+00:00,118,68.4,0,0,-0.0609,1,annual,card,west
C0001550,2025-03-01 00:00:00+00:00,14,69.24,1,1,-0.1656,0,month-to-month,check,west
C0001556,2025-03-01 00:00:00+00:00,22,45.26,1,0,0.3223,1,month-to-month,check,south
C0001604,2025-03-01 00:00:00+00:00,48,78.96,1,1,-0.213,2,month-to-month,bank,north
C0001663,2025-03-01 00:00:00+00:00,79,87.25,1,0,-0.1086,2,two-year,card,east
C0001683,2025-03-01 00:00:00+00:00,75,15.0,1,0,0.1065,2,two-year,card,east
C0001702,2025-03-01 00:00:00+00:00,15,84.13,0,2,-0.0877,3,annual,card,north
C0001744,2025-03-01 00:00:00+00:00,12,56.41,1,1,0.1591,0,month-to-month,bank,south
C0001759,2025-03-01 00:00:00+00:00,85,85.61,1,0,-0.1555,0,month-to-month,bank,east
C0001761,2025-03-01 00:00:00+00:00,111,82.22,2,2,-0.1955,0,annual,check,north
C0001781,2025-03-01 00:00:00+00:00,100,55.16,6,2,-0.1684,0,annual,bank,east
C0001786,2025-03-01 00:00:00+00:00,64,85.27,1,0,0.3716,0,annual,check,west
C0001829,2025-03-01 00:00:00+00:00,107,15.0,1,0,0.1692,0,annual,check,east
C0001844,2025-03-01 00:00:00+00:00,64,64.64,0,0,-0.1476,0,annual,bank,west
C0001859,2025-03-01 00:00:00+00:00,100,39.49,1,0,-0.0405,1,month-to-month,bank,west
C0001901,2025-03-01 00:00:00+00:00,92,17.35,2,0,-0.3531,1,two-year,card,east
C0001923,2025-03-01 00:00:00+00:00,4,63.76,0,0,0.257,0,annual,card,south
C0001999,2025-03-01 00:00:00+00:00,80,129.93,2,1,-0.0445,1,annual,card,east
C0002030,2025-03-01 00:00:00+00:00,55,51.01,0,1,0.0436,0,month-to-month,bank,north
C0002076,2025-03-01 00:00:00+00:00,52,152.59,1,1,-0.418,2,month-to-month,card,west
C0002091,2025-03-01 00:00:00+00:00,90,76.81,0,1,0.068,1,two-year,check,east
C0002119,2025-03-01 00:00:00+00:00,67,57.79,2,0,-0.0078,0,month-to-month,card,south
C0002122,2025-03-01 00:00:00+00:00,37,78.1,1,0,-0.199,3,month-to-month,card,east
C0002160,2025-03-01 00:00:00+00:00,101,29.53,2,0,-0.4079,1,two-year,bank,south
C0002190,2025-03-01 00:00:00+00:00,119,101.93,1,0,-0.1322,1,annual,bank,south
C0002216,2025-03-01 00:00:00+00:00,109,92.61,3,0,-0.1591,1,annual,card,west
C0002228,2025-03-01 00:00:00+00:00,5,58.5,1,0,-0.5641,1,annual,check,west
C0002252,2025-03-01 00:00:00+00:00,114,80.09,1,0,-0.1011,1,annual,card,east
C0002293,2025-03-01 00:00:00+00:00,19,78.84,0,0,-0.0219,0,annual,bank,west
C0002301,2025-03-01 00:00:00+00:00,73,74.68,0,0,-0.4366,1,annual,bank,north
C0002319,2025-03-01 00:00:00+00:00,67,72.66,0,1,-0.3269,1,month-to-month,check,north
C0002396,2025-03-01 00:00:00+00:00,32,67.81,0,0,-0.1465,1,month-to-month,bank,east
C0002403,2025-03-01 00:00:00+00:00,23,71.82,2,0,-0.1759,4,annual,bank,north
C0002477,2025-03-01 00:00:00+00:00,40,99.78,1,0,-0.2136,0,month-to-month,card,east
C0002570,2025-03-01 00:00:00+00:00,24,54.33,1,1,-0.0501,0,annual,bank,west
C0002585,2025-03-01 00:00:00+00:00,91,69.21,0,0,-0.1353,1,month-to-month,bank,south
C0002684,2025-03-01 00:00:00+00:00,34,99.74,3,0,0.0778,0,annual,card,east
C0002687,2025-03-01 00:00:00+00:00,38,105.67,0,0,0.0646,1,month-to-month,bank,north
C0002693,2025-03-01 00:00:00+00:00,102,80.32,1,0,-0.1854,1,two-year,card,north
C0002758,2025-03-01 00:00:00+00:00,55,45.07,3,0,0.0175,2,month-to-month,bank,west
C0002769,2025-03-01 00:00:00+00:00,82,90.88,1,1,-0.0911,0,month-to-month,bank,south
C0002817,2025-03-01 00:00:00+00:00,87,62.86,1,1,0.2747,2,month-to-month,card,east
C0002827,2025-03-01 00:00:00+00:00,11,52.14,1,0,-0.1478,1,annual,bank,north
C0002833,2025-03-01 00:00:00+00:00,106,41.44,2,0,0.3263,0,annual,bank,south
C0002872,2025-03-01 00:00:00+00:00,37,79.07,4,0,-0.197,0,annual,bank,north
C0002882,2025-03-01 00:00:00+00:00,86,72.34,1,0,0.0816,0,two-year,card,east
C0002884,2025-03-01 00:00:00+00:00,116,44.36,0,0,-0.2815,0,month-to-month,check,north
C0002886,2025-03-01 00:00:00+00:00,4,90.16,3,0,0.1615,1,month-to-month,card,south
C0002901,2025-03-01 00:00:00+00:00,106,32.74,2,0,-0.0566,0,month-to-month,bank,north
C0002916,2025-03-01 00:00:00+00:00,75,66.85,2,0,-0.486,1,annual,bank,west
C0002928,2025-03-01 00:00:00+00:00,57,45.57,0,0,-0.1831,0,month-to-month,bank,south
C0002951,2025-03-01 00:00:00+00:00,83,26.36,0,1,-0.1581,1,two-year,card,north
C0002961,2025-03-01 00:00:00+00:00,18,66.58,2,0,-0.0055,2,annual,card,south
C0002979,2025-03-01 00:00:00+00:00,7,119.06,3,0,0.0802,1,month-to-month,check,east
C0000054,2025-04-01 00:00:00+00:00,98,66.03,2,0,0.1408,2,month-to-month,check,south
C0000091,2025-04-01 00:00:00+00:00,71,92.92,0,0,-0.5682,0,annual,bank,north
C0000092,2025-04-01 00:00:00+00:00,49,84.1,0,0,0.3637,5,month-to-month,card,south
C0000107,2025-04-01 00:00:00+00:00,85,81.84,0,0,-0.1069,1,annual,bank,east
C0000109,2025-04-01 00:00:00+00:00,57,92.5,1,0,0.2286,0,month-to-month,bank,north
C0000125,2025-04-01 00:00:00+00:00,11,84.89,1,1,0.1087,1,month-to-month,card,east
C0000165,2025-04-01 00:00:00+00:00,82,55.68,1,0,0.1229,0,two-year,card,north
C0000173,2025-04-01 00:00:00+00:00,77,117.18,1,1,-0.0612,3,month-to-month,card,south
C0000202,2025-04-01 00:00:00+00:00,22,96.78,1,0,-0.0576,2,month-to-month,check,south
C0000228,2025-04-01 00:00:00+00:00,100,104.0,1,0,0.2722,1,month-to-month,bank,east
C0000257,2025-04-01 00:00:00+00:00,120,103.67,1,0,-0.0997,0,two-year,bank,north
C0000326,2025-04-01 00:00:00+00:00,30,36.69,2,0,0.0349,0,two-year,card,east
C0000360,2025-04-01 00:00:00+00:00,103,59.57,2,0,0.2628,0,annual,check,east
C0000372,2025-04-01 00:00:00+00:00,32,124.68,1,1,-0.0222,0,two-year,card,east
C0000391,2025-04-01 00:00:00+00:00,37,61.87,2,0,-0.0278,2,month-to-month,card,north
C0000443,2025-04-01 00:00:00+00:00,89,93.05,0,0,-0.0677,0,month-to-month,bank,south
C0000469,2025-04-01 00:00:00+00:00,47,35.67,1,1,-0.2538,0,month-to-month,card,north
C0000472,2025-04-01 00:00:00+00:00,29,98.29,1,0,-0.131,3,annual,bank,east
C0000487,2025-04-01 00:00:00+00:00,97,113.57,1,2,-0.1444,1,annual,card,south
C0000493,2025-04-01 00:00:00+00:00,96,85.58,3,0,-0.0623,0,two-year,card,west
C0000582,2025-04-01 00:00:00+00:00,74,50.21,1,0,0.011,0,month-to-month,check,south
C0000591,2025-04-01 00:00:00+00:00,95,115.76,1,0,0.0371,2,two-year,card,north
C0000602,2025-04-01 00:00:00+00:00,86,79.86,0,0,0.1224,3,annual,card,south
C0000608,2025-04-01 00:00:00+00:00,5,61.46,2,0,0.0792,1,annual,bank,north
C0000626,2025-04-01 00:00:00+00:00,49,80.99,2,0,0.2512,3,month-to-month,check,south
C0000655,2025-04-01 00:00:00+00:00,42,118.3,1,1,-0.3944,0,two-year,card,south
C0000708,2025-04-01 00:00:00+00:00,16,79.41,1,0,-0.0532,0,annual,card,west
C0000747,2025-04-01 00:00:00+00:00,97,59.58,0,0,0.2044,3,month-to-month,bank,west
C0000765,2025-04-01 00:00:00+00:00,73,100.0,1,2,0.0307,2,month-to-month,card,west
C0000840,2025-04-01 00:00:00+00:00,77,84.4,2,1,-0.0313,1,month-to-month,bank,north
C0000883,2025-04-01 00:00:00+00:00,22,70.67,1,0,-0.1152,1,month-to-month,check,east
C0000887,2025-04-01 00:00:00+00:00,91,56.57,0,1,0.2512,0,month-to-month,card,west
C0000910,2025-04-01 00:00:00+00:00,70,92.69,1,0,0.3443,1,annual,bank,south
C0000958,2025-04-01 00:00:00+00:00,7,73.62,6,1,0.219,1,month-to-month,check,east
C0000967,2025-04-01 00:00:00+00:00,113,37.3,1,1,0.0679,3,annual,card,south
C0000975,2025-04-01 00:00:00+00:00,20,83.59,0,0,0.1831,0,month-to-month,card,south
C0001023,2025-04-01 00:00:00+00:00,92,88.74,2,0,-0.3767,1,two-year,bank,west
C0001033,2025-04-01 00:00:00+00:00,34,66.31,1,2,0.1808,3,two-year,card,south
C0001118,2025-04-01 00:00:00+00:00,38,105.76,0,1,-0.0288,2,annual,card,east
C0001126,2025-04-01 00:00:00+00:00,31,124.04,1,0,0.1654,0,month-to-month,check,east
C0001131,2025-04-01 00:00:00+00:00,33,105.36,0,0,0.2242,1,month-to-month,bank,south
C0001298,2025-04-01 00:00:00+00:00,70,76.1,1,1,-0.1296,3,month-to-month,bank,west
C0001302,2025-04-01 00:00:00+00:00,75,90.08,1,0,0.099,1,month-to-month,card,west
C0001304,2025-04-01 00:00:00+00:00,46,84.88,1,0,-0.3898,0,month-to-month,bank,south
C0001363,2025-04-01 00:00:00+00:00,30,74.64,0,0,-0.2301,3,annual,bank,north
C0001390,2025-04-01 00:00:00+00:00,34,38.29,1,0,0.1239,0,two-year,check,east
C0001547,2025-04-01 00:00:00+00:00,13,49.77,5,0,0.165,2,month-to-month,check,south
C0001558,2025-04-01 00:00:00+00:00,54,59.78,0,2,0.0411,0,month-to-month,card,north
C0001570,2025-04-01 00:00:00+00:00,7,22.08,2,0,0.2072,2,month-to-month,bank,south
C0001583,2025-04-01 00:00:00+00:00,38,70.52,1,0,-0.2281,1,month-to-month,card,east
C0001585,2025-04-01 00:00:00+00:00,78,69.3,1,0,-0.0214,0,two-year,bank,north
C0001693,2025-04-01 00:00:00+00:00,79,92.63,1,1,-0.0511,1,month-to-month,bank,east
C0001780,2025-04-01 00:00:00+00:00,110,115.39,2,0,0.254,0,annual,bank,north
C0001843,2025-04-01 00:00:00+00:00,15,40.43,0,1,0.1924,1,annual,bank,east
C0001873,2025-04-01 00:00:00+00:00,111,69.59,2,0,-0.2025,0,month-to-month,card,south
C0001992,2025-04-01 00:00:00+00:00,8,63.08,4,0,-0.1887,0,month-to-month,card,west
C0002008,2025-04-01 00:00:00+00:00,104,120.36,3,1,0.099,0,month-to-month,card,west
C0002018,2025-04-01 00:00:00+00:00,7,55.83,0,1,-0.6171,0,month-to-month,card,west
C0002046,2025-04-01 00:00:00+00:00,12,67.63,3,1,-0.1522,1,annual,card,west
C0002225,2025-04-01 00:00:00+00:00,116,67.9,0,0,0.1365,0,month-to-month,bank,west
C0002253,2025-04-01 00:00:00+00:00,50,84.97,0,0,0.1916,1,month-to-month,check,south
C0002259,2025-04-01 00:00:00+00:00,43,69.98,1,1,0.2105,0,month-to-month,bank,west
C0002282,2025-04-01 00:00:00+00:00,25,15.0,1,0,-0.1944,0,month-to-month,bank,north
C0002374,2025-04-01 00:00:00+00:00,114,37.56,0,0,0.2992,1,annual,card,south
C0002480,2025-04-01 00:00:00+00:00,9,93.41,1,0,-0.4166,1,month-to-month,card,south
C0002487,2025-04-01 00:00:00+00:00,43,30.78,0,1,0.007,0,two-year,card,north
C0002493,2025-04-01 00:00:00+00:00,84,44.67,0,2,-0.1336,1,month-to-month,bank,east
C0002502,2025-04-01 00:00:00+00:00,55,74.44,1,0,0.297,0,month-to-month,bank,east
C0002506,2025-04-01 00:00:00+00:00,62,141.27,3,0,-0.1678,2,annual,card,west
C0002571,2025-04-01 00:00:00+00:00,42,80.51,2,0,0.1,1,month-to-month,bank,west
C0002670,2025-04-01 00:00:00+00:00,20,54.5,2,0,0.1369,2,month-to-month,bank,north
C0002760,2025-04-01 00:00:00+00:00,59,21.91,1,0,0.1532,0,annual,card,east
C0002809,2025-04-01 00:00:00+00:00,101,44.59,1,0,0.3735,0,month-to-month,check,south
C0002843,2025-04-01 00:00:00+00:00,26,86.67,0,0,0.1655,0,annual,card,west
C0002873,2025-04-01 00:00:00+00:00,103,79.15,4,0,0.4357,1,two-year,card,west
C0002946,2025-04-01 00:00:00+00:00,75,84.72,1,0,0.2497,0,annual,card,west
C0002983,2025-04-01 00:00:00+00:00,4,113.7,1,0,-0.2839,1,month-to-month,bank,west
C0002984,2025-04-01 00:00:00+00:00,13,48.37,0,0,-0.1576,1,annual,card,south
C0002991,2025-04-01 00:00:00+00:00,112,72.59,0,0,-0.0116,0,annual,check,north
C0000029,2025-05-01 00:00:00+00:00,26,108.41,2,0,0.1553,1,annual,bank,north
C0000041,2025-05-01 00:00:00+00:00,6,136.27,1,2,-0.0854,1,annual,bank,north
C0000066,2025-05-01 00:00:00+00:00,115,73.03,0,0,0.0819,1,annual,card,north
C0000121,2025-05-01 00:00:00+00:00,12,91.64,1,0,0.4681,1,month-to-month,bank,west
C0000146,2025-05-01 00:00:00+00:00,52,66.27,1,1,-0.3677,0,two-year,card,east
C0000239,2025-05-01 00:00:00+00:00,77,77.11,2,0,0.3476,2,annual,card,south
C0000264,2025-05-01 00:00:00+00:00,38,77.6,0,0,-0.1597,0,annual,check,east
C0000282,2025-05-01 00:00:00+00:00,112,55.65,3,0,-0.0166,1,month-to-month,card,south
C0000388,2025-05-01 00:00:00+00:00,104,64.96,0,0,0.0608,0,annual,card,west
C0000452,2025-05-01 00:00:00+00:00,58,74.42,1,0,0.121,3,annual,card,south
C0000470,2025-05-01 00:00:00+00:00,50,87.57,0,0,-0.2226,0,month-to-month,bank,south
C0000500,2025-05-01 00:00:00+00:00,113,93.44,1,1,-0.0522,2,two-year,card,west
C0000523,2025-05-01 00:00:00+00:00,109,90.27,2,0,-0.1425,0,month-to-month,card,south
C0000533,2025-05-01 00:00:00+00:00,3,104.61,0,0,0.0963,0,month-to-month,check,south
C0000544,2025-05-01 00:00:00+00:00,91,95.67,1,2,0.1354,1,annual,card,west
C0000577,2025-05-01 00:00:00+00:00,48,78.52,3,0,-0.0403,1,annual,bank,south
C0000597,2025-05-01 00:00:00+00:00,31,53.06,1,0,-0.1495,1,two-year,bank,south
C0000625,2025-05-01 00:00:00+00:00,119,64.5,2,0,-0.3196,1,two-year,bank,north
C0000635,2025-05-01 00:00:00+00:00,120,104.04,0,0,0.147,0,two-year,bank,north
C0000649,2025-05-01 00:00:00+00:00,3,75.68,1,1,0.1953,1,annual,bank,south
C0000668,2025-05-01 00:00:00+00:00,6,98.93,1,0,0.0528,0,two-year,card,west
C0000691,2025-05-01 00:00:00+00:00,97,65.0,0,0,0.0195,1,annual,card,south
C0000693,2025-05-01 00:00:00+00:00,44,65.42,0,1,-0.292,0,annual,bank,east
C0000719,2025-05-01 00:00:00+00:00,50,98.42,1,0,-0.0079,0,month-to-month,bank,east
C0000763,2025-05-01 00:00:00+00:00,1,82.9,1,0,-0.1563,1,annual,card,east
C0000927,2025-05-01 00:00:00+00:00,31,62.76,1,0,0.2612,2,two-year,card,west
C0000983,2025-05-01 00:00:00+00:00,9,78.34,3,0,-0.0354,2,month-to-month,check,south
C0001097,2025-05-01 00:00:00+00:00,104,56.62,0,1,0.0426,3,month-to-month,card,east
C0001117,2025-05-01 00:00:00+00:00,64,58.42,2,1,0.1536,1,two-year,card,south
C0001119,2025-05-01 00:00:00+00:00,120,49.34,1,0,0.0565,1,month-to-month,bank,west
C0001146,2025-05-01 00:00:00+00:00,91,23.75,0,0,0.1582,3,two-year,bank,east
C0001162,2025-05-01 00:00:00+00:00,21,34.82,1,2,-0.1134,0,two-year,bank,east
C0001204,2025-05-01 00:00:00+00:00,41,108.15,2,0,0.0603,1,month-to-month,card,north
C0001205,2025-05-01 00:00:00+00:00,1,72.84,1,0,0.0155,1,month-to-month,bank,north
C0001211,2025-05-01 00:00:00+00:00,69,71.33,2,0,0.2148,1,two-year,card,west
C0001272,2025-05-01 00:00:00+00:00,29,69.93,1,1,0.3165,0,month-to-month,card,west
C0001288,2025-05-01 00:00:00+00:00,43,39.85,1,0,-0.0852,1,month-to-month,card,north
C0001305,2025-05-01 00:00:00+00:00,26,72.27,2,0,-0.2071,0,month-to-month,card,north
C0001308,2025-05-01 00:00:00+00:00,12,107.79,1,0,0.5251,2,two-year,bank,east
C0001321,2025-05-01 00:00:00+00:00,61,51.13,1,0,-0.1637,0,month-to-month,bank,east
C0001334,2025-05-01 00:00:00+00:00,50,105.29,1,0,-0.0099,0,month-to-month,card,north
C0001368,2025-05-01 00:00:00+00:00,109,57.67,0,1,0.2659,0,month-to-month,bank,north
C0001417,2025-05-01 00:00:00+00:00,36,30.61,3,1,0.2819,0,month-to-month,card,west
C0001431,2025-05-01 00:00:00+00:00,16,90.82,2,0,-0.1508,0,annual,card,east
C0001459,2025-05-01 00:00:00+00:00,28,75.04,1,0,0.0162,1,two-year,card,north
C0001461,2025-05-01 00:00:00+00:00,70,81.27,0,1,-0.1452,3,month-to-month,card,north
C0001491,2025-05-01 00:00:00+00:00,39,90.69,2,0,0.13,2,month-to-month,bank,south
C0001497,2025-05-01 00:00:00+00:00,22,104.16,2,0,0.1228,0,month-to-month,card,south
C0001531,2025-05-01 00:00:00+00:00,50,60.4,3,0,0.0838,3,month-to-month,card,south
C0001536,2025-05-01 00:00:00+00:00,117,50.76,0,0,-0.0203,0,month-to-month,bank,east
C0001579,2025-05-01 00:00:00+00:00,114,85.96,1,0,0.1059,2,month-to-month,bank,west
C0001580,2025-05-01 00:00:00+00:00,60,60.44,3,1,-0.4307,0,two-year,card,north
C0001652,2025-05-01 00:00:00+00:00,69,97.07,0,1,0.0256,1,month-to-month,card,east
C0001751,2025-05-01 00:00:00+00:00,35,71.37,0,1,0.2894,2,month-to-month,bank,east
C0001798,2025-05-01 00:00:00+00:00,56,60.77,0,0,-0.2232,1,month-to-month,bank,north
C0001806,2025-05-01 00:00:00+00:00,116,61.6,0,0,0.2503,0,annual,bank,east
C0001836,2025-05-01 00:00:00+00:00,67,92.42,0,2,-0.0449,0,month-to-month,bank,south
C0001870,2025-05-01 00:00:00+00:00,9,75.05,3,0,0.2887,1,annual,bank,south
C0001933,2025-05-01 00:00:00+00:00,55,50.58,0,0,-0.2261,0,annual,card,south
C0001946,2025-05-01 00:00:00+00:00,16,44.07,2,1,-0.2352,1,two-year,card,east
C0001980,2025-05-01 00:00:00+00:00,63,71.97,1,0,0.1666,0,annual,card,west
C0002000,2025-05-01 00:00:00+00:00,98,36.25,1,0,0.2515,1,month-to-month,card,north
C0002040,2025-05-01 00:00:00+00:00,81,79.14,1,0,-0.3761,0,month-to-month,card,west
C0002112,2025-05-01 00:00:00+00:00,96,52.84,3,0,0.199,2,annual,bank,south
C0002114,2025-05-01 00:00:00+00:00,45,99.98,3,1,0.0258,0,annual,check,north
C0002130,2025-05-01 00:00:00+00:00,8,71.54,1,0,0.234,0,month-to-month,card,east
C0002174,2025-05-01 00:00:00+00:00,34,65.82,3,0,0.0403,1,month-to-month,card,north
C0002200,2025-05-01 00:00:00+00:00,67,52.68,1,0,0.4456,0,annual,card,east
C0002237,2025-05-01 00:00:00+00:00,37,82.8,2,0,0.6404,3,month-to-month,bank,east
C0002341,2025-05-01 00:00:00+00:00,34,53.92,2,1,-0.1277,0,annual,card,west
C0002367,2025-05-01 00:00:00+00:00,108,109.89,1,1,0.1376,1,month-to-month,card,north
C0002422,2025-05-01 00:00:00+00:00,67,55.33,1,2,-0.1418,0,annual,card,south
C0002449,2025-05-01 00:00:00+00:00,55,87.52,2,0,0.0877,1,annual,card,east
C0002473,2025-05-01 00:00:00+00:00,21,88.21,0,0,0.1159,0,month-to-month,bank,north
C0002498,2025-05-01 00:00:00+00:00,34,51.47,1,0,-0.5593,3,two-year,card,west
C0002513,2025-05-01 00:00:00+00:00,51,45.81,2,0,-0.0327,1,month-to-month,bank,west
C0002517,2025-05-01 00:00:00+00:00,28,76.86,0,0,-0.1562,3,month-to-month,card,east
C0002522,2025-05-01 00:00:00+00:00,52,71.74,1,0,-0.2956,1,month-to-month,card,east
C0002582,2025-05-01 00:00:00+00:00,5,123.62,2,1,0.0148,1,two-year,card,west
C0002612,2025-05-01 00:00:00+00:00,14,66.38,1,0,0.3773,2,month-to-month,card,south
C0002636,2025-05-01 00:00:00+00:00,4,125.47,3,0,0.3022,1,two-year,card,north
C0002673,2025-05-01 00:00:00+00:00,74,65.13,0,0,-0.0543,1,month-to-month,bank,north
C0002675,2025-05-01 00:00:00+00:00,31,88.92,0,1,-0.1358,0,two-year,card,north
C0002691,2025-05-01 00:00:00+00:00,36,62.38,4,0,-0.0045,2,annual,card,south
C0002720,2025-05-01 00:00:00+00:00,54,70.57,4,0,-0.1822,0,two-year,bank,west
C0002746,2025-05-01 00:00:00+00:00,37,63.68,1,1,0.0994,1,month-to-month,bank,south
C0002754,2025-05-01 00:00:00+00:00,62,105.59,0,0,-0.088,1,month-to-month,card,south
C0002766,2025-05-01 00:00:00+00:00,101,63.19,0,0,0.1908,0,annual,check,north
C0002824,2025-05-01 00:00:00+00:00,78,102.78,1,0,-0.0435,1,month-to-month,card,west
C0002849,2025-05-01 00:00:00+00:00,11,52.37,1,0,0.6973,0,annual,bank,east
C0002962,2025-05-01 00:00:00+00:00,27,55.98,1,0,-0.2873,0,two-year,bank,east
C0002996,2025-05-01 00:00:00+00:00,13,35.81,0,0,-0.0216,1,annual,card,west
C0000090,2025-06-01 00:00:00+00:00,78,93.39,0,1,-0.1532,2,month-to-month,card,south
C0000099,2025-06-01 00:00:00+00:00,28,58.39,1,1,0.2526,0,month-to-month,bank,east
C0000174,2025-06-01 00:00:00+00:00,12,20.78,1,0,-0.1043,1,annual,card,north
C0000193,2025-06-01 00:00:00+00:00,87,80.3,1,0,-0.3868,0,annual,card,north
C0000235,2025-06-01 00:00:00+00:00,91,60.56,1,0,0.1849,2,month-to-month,card,west
C0000259,2025-06-01 00:00:00+00:00,112,80.64,1,0,-0.0753,0,month-to-month,card,west
C0000321,2025-06-01 00:00:00+00:00,66,89.17,4,1,-0.2562,0,annual,check,south
C0000332,2025-06-01 00:00:00+00:00,74,84.47,0,0,0.5099,0,month-to-month,card,east
C0000350,2025-06-01 00:00:00+00:00,41,19.98,2,0,-0.292,1,annual,bank,east
C0000380,2025-06-01 00:00:00+00:00,15,82.19,0,0,0.0372,0,annual,bank,south
C0000383,2025-06-01 00:00:00+00:00,49,97.17,2,0,0.0007,1,month-to-month,check,west
C0000412,2025-06-01 00:00:00+00:00,11,74.47,1,0,0.1755,0,month-to-month,bank,west
C0000423,2025-06-01 00:00:00+00:00,51,32.48,1,1,-0.5504,2,annual,bank,east
C0000447,2025-06-01 00:00:00+00:00,57,93.47,2,0,-0.2639,1,two-year,bank,south
C0000457,2025-06-01 00:00:00+00:00,47,89.62,1,3,-0.0991,2,two-year,card,south
C0000466,2025-06-01 00:00:00+00:00,81,90.94,1,0,-0.2322,2,annual,bank,south
C0000488,2025-06-01 00:00:00+00:00,115,69.22,2,0,-0.1061,0,two-year,check,north
C0000519,2025-06-01 00:00:00+00:00,52,79.88,2,0,0.3579,4,month-to-month,card,west
C0000539,2025-06-01 00:00:00+00:00,112,85.8,2,0,0.0191,0,two-year,check,east
C0000607,2025-06-01 00:00:00+00:00,113,63.46,0,0,0.3005,1,annual,card,west
C0000636,2025-06-01 00:00:00+00:00,9,91.22,0,0,0.1353,1,month-to-month,card,north
C0000666,2025-06-01 00:00:00+00:00,60,68.52,1,0,0.0319,0,month-to-month,card,east
C0000720,2025-06-01 00:00:00+00:00,34,119.17,3,0,0.191,1,annual,card,south
C0000776,2025-06-01 00:00:00+00:00,67,74.55,2,0,-0.1473,0,month-to-month,card,east
C0000796,2025-06-01 00:00:00+00:00,16,56.25,0,0,-0.0962,2,annual,check,west
C0000804,2025-06-01 00:00:00+00:00,13,102.26,0,1,0.0473,1,annual,check,south
C0000808,2025-06-01 00:00:00+00:00,70,98.57,1,0,-0.3443,0,two-year,check,south
C0000882,2025-06-01 00:00:00+00:00,41,53.02,1,0,0.1987,1,two-year,bank,north
C0000912,2025-06-01 00:00:00+00:00,119,53.02,2,0,-0.4431,0,annual,bank,north
C0000982,2025-06-01 00:00:00+00:00,98,117.66,2,0,-0.0345,2,month-to-month,check,east
C0001029,2025-06-01 00:00:00+00:00,52,49.49,0,0,0.2207,2,month-to-month,card,west
C0001037,2025-06-01 00:00:00+00:00,86,46.26,5,0,-0.4601,1,annual,bank,east
C0001038,2025-06-01 00:00:00+00:00,60,93.75,1,0,-0.004,0,two-year,bank,west
C0001073,2025-06-01 00:00:00+00:00,43,111.78,0,0,-0.0008,1,annual,card,north
C0001091,2025-06-01 00:00:00+00:00,61,44.83,1,0,-0.4948,2,month-to-month,card,south
C0001150,2025-06-01 00:00:00+00:00,87,95.03,1,1,0.4293,1,month-to-month,card,west
C0001153,2025-06-01 00:00:00+00:00,54,62.92,2,1,0.1592,4,month-to-month,card,east
C0001158,2025-06-01 00:00:00+00:00,36,67.42,1,0,0.1921,0,annual,check,south
C0001201,2025-06-01 00:00:00+00:00,45,69.7,1,1,-0.0751,1,two-year,bank,north
C0001325,2025-06-01 00:00:00+00:00,66,72.17,1,0,-0.2867,2,month-to-month,card,north
C0001369,2025-06-01 00:00:00+00:00,35,83.67,0,0,0.1551,3,two-year,bank,south
C0001395,2025-06-01 00:00:00+00:00,89,67.68,2,0,0.0941,2,month-to-month,card,east
C0001442,2025-06-01 00:00:00+00:00,6,83.73,1,0,0.2659,3,annual,card,east
C0001525,2025-06-01 00:00:00+00:00,90,155.18,2,0,-0.2851,1,annual,card,south
C0001528,2025-06-01 00:00:00+00:00,29,82.04,0,0,-0.3068,1,annual,check,west
C0001555,2025-06-01 00:00:00+00:00,114,116.08,0,0,0.1785,0,month-to-month,card,north
C0001560,2025-06-01 00:00:00+00:00,111,56.53,2,1,0.1686,0,month-to-month,card,south
C0001567,2025-06-01 00:00:00+00:00,51,15.0,2,0,0.0878,0,two-year,card,north
C0001594,2025-06-01 00:00:00+00:00,30,77.85,2,1,-0.0797,0,month-to-month,bank,south
C0001654,2025-06-01 00:00:00+00:00,18,70.67,1,2,-0.3066,1,month-to-month,card,east
C0001739,2025-06-01 00:00:00+00:00,39,99.21,4,0,-0.131,4,annual,card,east
C0001756,2025-06-01 00:00:00+00:00,97,80.04,0,0,-0.0269,0,month-to-month,card,north
C0001779,2025-06-01 00:00:00+00:00,39,61.85,2,0,0.174,0,month-to-month,card,north
C0001876,2025-06-01 00:00:00+00:00,74,107.46,2,1,-0.2973,1,month-to-month,bank,north
C0001907,2025-06-01 00:00:00+00:00,62,89.14,1,1,-0.1244,2,annual,card,east
C0001949,2025-06-01 00:00:00+00:00,114,51.66,2,0,0.218,4,annual,card,north
C0001965,2025-06-01 00:00:00+00:00,59,75.91,2,0,-0.1717,0,annual,card,south
C0002031,2025-06-01 00:00:00+00:00,57,72.93,1,0,0.0753,0,month-to-month,card,east
C0002047,2025-06-01 00:00:00+00:00,70,101.73,0,0,-0.3524,2,annual,check,north
C0002093,2025-06-01 00:00:00+00:00,8,86.28,0,1,-0.1659,0,month-to-month,card,east
C0002100,2025-06-01 00:00:00+00:00,16,81.04,3,1,-0.1145,1,month-to-month,card,south
C0002110,2025-06-01 00:00:00+00:00,54,110.94,2,2,0.2245,1,month-to-month,card,west
C0002164,2025-06-01 00:00:00+00:00,63,33.18,1,1,0.1417,2,month-to-month,bank,south
C0002165,2025-06-01 00:00:00+00:00,68,60.51,0,2,-0.0905,0,annual,card,west
C0002201,2025-06-01 00:00:00+00:00,47,62.84,0,0,0.1398,1,month-to-month,card,south
C0002246,2025-06-01 00:00:00+00:00,15,107.97,1,0,-0.1831,0,month-to-month,card,north
C0002265,2025-06-01 00:00:00+00:00,60,95.31,0,1,-0.0291,3,month-to-month,bank,north
C0002277,2025-06-01 00:00:00+00:00,56,74.15,1,0,0.2397,0,month-to-month,check,north
C0002280,2025-06-01 00:00:00+00:00,70,65.27,1,0,-0.0782,1,two-year,bank,west
C0002355,2025-06-01 00:00:00+00:00,10,82.83,0,0,-0.1064,2,annual,bank,east
C0002358,2025-06-01 00:00:00+00:00,102,65.75,3,0,-0.0271,2,two-year,card,east
C0002425,2025-06-01 00:00:00+00:00,115,67.21,1,0,-0.0876,0,two-year,check,west
C0002451,2025-06-01 00:00:00+00:00,95,92.71,1,1,0.1343,1,annual,card,north
C0002470,2025-06-01 00:00:00+00:00,84,39.62,1,0,-0.2977,2,annual,bank,south
C0002501,2025-06-01 00:00:00+00:00,105,65.33,1,1,-0.1925,3,month-to-month,card,west
C0002519,2025-06-01 00:00:00+00:00,54,120.01,2,0,-0.5536,1,month-to-month,card,east
C0002520,2025-06-01 00:00:00+00:00,9,104.55,2,0,0.2389,0,month-to-month,card,north
C0002651,2025-06-01 00:00:00+00:00,90,83.55,2,0,-0.2636,0,annual,check,south
C0002666,2025-06-01 00:00:00+00:00,16,73.93,0,0,-0.2,0,two-year,bank,north
C0002694,2025-06-01 00:00:00+00:00,51,60.33,1,0,-0.0548,2,month-to-month,bank,east
C0002794,2025-06-01 00:00:00+00:00,39,38.85,1,0,-0.1075,3,month-to-month,card,north
C0002866,2025-06-01 00:00:00+00:00,104,71.81,1,0,-0.1402,0,two-year,bank,west
C0002890,2025-06-01 00:00:00+00:00,34,99.0,1,0,-0.1189,0,month-to-month,bank,west
C0002895,2025-06-01 00:00:00+00:00,42,78.86,1,0,0.0454,0,month-to-month,bank,south
C0002912,2025-06-01 00:00:00+00:00,8,60.46,1,0,-0.3175,2,annual,card,south
C0002921,2025-06-01 00:00:00+00:00,104,67.6,3,0,-0.062,1,month-to-month,bank,east
C0000073,2025-07-01 00:00:00+00:00,26,74.59,1,0,-0.1935,0,two-year,bank,south
C0000093,2025-07-01 00:00:00+00:00,100,80.33,0,1,-0.2977,0,month-to-month,card,east
C0000113,2025-07-01 00:00:00+00:00,25,71.74,2,1,-0.2985,2,month-to-month,card,east
C0000141,2025-07-01 00:00:00+00:00,91,19.92,0,0,0.3264,0,month-to-month,bank,west
C0000177,2025-07-01 00:00:00+00:00,39,60.05,3,1,-0.0081,0,month-to-month,card,west
C0000178,2025-07-01 00:00:00+00:00,108,63.47,2,0,-0.0737,0,month-to-month,bank,south
C0000188,2025-07-01 00:00:00+00:00,32,76.5,2,0,-0.1539,1,annual,bank,east
C0000214,2025-07-01 00:00:00+00:00,84,97.81,3,0,-0.5106,1,month-to-month,bank,east
C0000224,2025-07-01 00:00:00+00:00,82,73.51,0,1,-0.1722,2,annual,bank,east
C0000305,2025-07-01 00:00:00+00:00,84,32.82,1,0,-0.0008,3,annual,bank,south
C0000334,2025-07-01 00:00:00+00:00,72,83.54,1,0,-0.0815,1,month-to-month,card,south
C0000336,2025-07-01 00:00:00+00:00,35,80.2,1,0,0.2209,0,month-to-month,bank,south
C0000345,2025-07-01 00:00:00+00:00,103,115.21,1,0,0.2942,0,annual,card,west
C0000387,2025-07-01 00:00:00+00:00,22,84.26,0,0,0.0139,0,month-to-month,bank,west
C0000394,2025-07-01 00:00:00+00:00,47,85.96,0,0,-0.101,2,month-to-month,card,north
C0000437,2025-07-01 00:00:00+00:00,25,97.48,0,0,-0.0777,2,month-to-month,bank,west
C0000453,2025-07-01 00:00:00+00:00,61,63.81,0,0,-0.0622,0,month-to-month,card,south
C0000467,2025-07-01 00:00:00+00:00,89,106.05,1,0,-0.0041,0,two-year,card,east
C0000550,2025-07-01 00:00:00+00:00,94,119.63,0,1,0.172,1,two-year,bank,east
C0000551,2025-07-01 00:00:00+00:00,25,51.35,1,0,-0.213,3,month-to-month,check,south
C0000598,2025-07-01 00:00:00+00:00,45,29.99,1,0,0.2542,3,month-to-month,bank,north
C0000613,2025-07-01 00:00:00+00:00,50,99.22,0,0,0.1098,0,annual,bank,west
C0000614,2025-07-01 00:00:00+00:00,93,58.46,1,0,-0.1489,0,two-year,card,north
C0000694,2025-07-01 00:00:00+00:00,17,108.67,1,1,0.5012,0,two-year,card,east
C0000696,2025-07-01 00:00:00+00:00,31,84.13,2,0,0.1897,1,month-to-month,bank,south
C0000730,2025-07-01 00:00:00+00:00,103,60.07,2,0,-0.1672,2,month-to-month,bank,east
C0000732,2025-07-01 00:00:00+00:00,115,103.97,1,0,0.1028,1,annual,bank,west
C0000778,2025-07-01 00:00:00+00:00,41,102.7,1,1,0.5003,1,month-to-month,bank,north
C0000780,2025-07-01 00:00:00+00:00,106,49.74,1,0,0.0191,0,month-to-month,card,south
C0000835,2025-07-01 00:00:00+00:00,4,67.9,1,0,0.2673,1,annual,card,west
C0000839,2025-07-01 00:00:00+00:00,54,50.66,2,0,0.0157,0,month-to-month,card,south
C0000852,2025-07-01 00:00:00+00:00,73,104.1,3,0,-0.2373,1,month-to-month,card,north
C0000923,2025-07-01 00:00:00+00:00,88,103.85,0,0,0.342,0,annual,card,north
C0000993,2025-07-01 00:00:00+00:00,77,30.95,0,1,-0.0413,1,month-to-month,check,north
C0001004,2025-07-01 00:00:00+00:00,63,165.52,1,0,-0.0471,0,annual,check,north
C0001016,2025-07-01 00:00:00+00:00,82,47.76,0,0,-0.1711,1,annual,card,west
C0001035,2025-07-01 00:00:00+00:00,86,50.71,1,0,-0.487,0,month-to-month,bank,south
C0001047,2025-07-01 00:00:00+00:00,19,56.95,1,1,0.2002,2,two-year,bank,west
C0001081,2025-07-01 00:00:00+00:00,91,109.18,2,0,0.1172,2,annual,bank,north
C0001147,2025-07-01 00:00:00+00:00,19,52.5,1,0,-0.2198,1,month-to-month,check,east
C0001171,2025-07-01 00:00:00+00:00,69,118.55,1,1,-0.1217,0,month-to-month,card,west
C0001174,2025-07-01 00:00:00+00:00,105,65.93,1,1,0.0808,0,annual,card,south
C0001183,2025-07-01 00:00:00+00:00,73,80.28,2,0,0.3004,1,month-to-month,card,south
C0001230,2025-07-01 00:00:00+00:00,106,73.16,1,0,0.0213,1,two-year,card,north
C0001263,2025-07-01 00:00:00+00:00,119,67.6,0,0,0.1233,1,month-to-month,card,east
C0001291,2025-07-01 00:00:00+00:00,107,88.1,0,0,-0.0771,0,month-to-month,card,south
C0001336,2025-07-01 00:00:00+00:00,26,81.18,4,1,-0.2807,1,two-year,card,north
C0001347,2025-07-01 00:00:00+00:00,90,77.1,2,0,0.1882,0,month-to-month,bank,north
C0001367,2025-07-01 00:00:00+00:00,18,82.65,2,1,0.1337,0,month-to-month,card,west
C0001415,2025-07-01 00:00:00+00:00,44,124.6,2,0,-0.0103,0,month-to-month,bank,west
C0001488,2025-07-01 00:00:00+00:00,107,88.77,4,0,0.053,1,month-to-month,bank,west
C0001539,2025-07-01 00:00:00+00:00,87,79.15,1,1,0.0383,0,month-to-month,bank,north
C0001546,2025-07-01 00:00:00+00:00,42,103.19,0,0,0.0777,0,annual,card,east
C0001551,2025-07-01 00:00:00+00:00,68,83.71,2,1,-0.346,2,annual,bank,east
C0001586,2025-07-01 00:00:00+00:00,64,103.77,0,1,-0.2032,3,month-to-month,card,south
C0001651,2025-07-01 00:00:00+00:00,69,77.15,1,1,-0.1504,1,annual,card,west
C0001678,2025-07-01 00:00:00+00:00,109,53.11,0,1,-0.1277,0,two-year,card,north
C0001681,2025-07-01 00:00:00+00:00,8,111.15,1,0,0.0429,1,month-to-month,card,north
C0001711,2025-07-01 00:00:00+00:00,119,94.59,2,0,0.1724,3,annual,check,east
C0001727,2025-07-01 00:00:00+00:00,112,85.14,2,1,0.0174,0,two-year,bank,west
C0001749,2025-07-01 00:00:00+00:00,97,76.57,1,1,0.1227,0,annual,check,north
C0001778,2025-07-01 00:00:00+00:00,22,94.31,0,0,0.0667,2,annual,card,east
C0001802,2025-07-01 00:00:00+00:00,38,106.75,3,0,-0.0388,0,month-to-month,card,east
C0001826,2025-07-01 00:00:00+00:00,102,58.28,4,1,-0.2156,1,annual,card,east
C0001837,2025-07-01 00:00:00+00:00,76,66.24,0,1,-0.0495,0,month-to-month,check,north
C0001857,2025-07-01 00:00:00+00:00,4,82.67,0,0,-0.7725,3,month-to-month,card,east
C0001902,2025-07-01 00:00:00+00:00,69,45.48,0,1,0.4204,1,month-to-month,bank,east
C0001952,2025-07-01 00:00:00+00:00,54,86.43,2,0,0.183,2,month-to-month,bank,east
C0002007,2025-07-01 00:00:00+00:00,29,39.28,2,0,0.2174,2,month-to-month,bank,east
C0002048,2025-07-01 00:00:00+00:00,99,127.65,1,1,-0.1417,1,month-to-month,card,north
C0002083,2025-07-01 00:00:00+00:00,85,59.65,1,0,0.0281,0,annual,bank,north
C0002085,2025-07-01 00:00:00+00:00,61,43.83,1,0,-0.2485,0,annual,bank,east
C0002107,2025-07-01 00:00:00+00:00,36,89.37,0,0,-0.0545,2,month-to-month,card,west
C0002134,2025-07-01 00:00:00+00:00,33,79.73,2,1,-0.249,1,month-to-month,bank,south
C0002139,2025-07-01 00:00:00+00:00,110,96.36,0,1,0.2654,4,month-to-month,card,west
C0002162,2025-07-01 00:00:00+00:00,113,71.09,1,0,0.4936,0,month-to-month,bank,east
C0002254,2025-07-01 00:00:00+00:00,46,84.04,1,1,-0.4666,1,month-to-month,bank,north
C0002273,2025-07-01 00:00:00+00:00,108,105.46,1,1,-0.0063,1,annual,bank,north
C0002298,2025-07-01 00:00:00+00:00,100,94.56,1,0,0.0237,1,month-to-month,card,west
C0002315,2025-07-01 00:00:00+00:00,80,58.35,0,0,0.1771,1,annual,bank,west
C0002320,2025-07-01 00:00:00+00:00,62,104.52,0,0,0.1398,2,two-year,card,north
C0002336,2025-07-01 00:00:00+00:00,49,44.43,1,0,0.2247,0,annual,card,west
C0002342,2025-07-01 00:00:00+00:00,64,50.67,2,1,0.0584,0,annual,bank,north
C0002442,2025-07-01 00:00:00+00:00,77,54.6,1,0,0.0934,1,month-to-month,bank,east
C0002461,2025-07-01 00:00:00+00:00,19,140.45,0,0,0.0739,1,month-to-month,bank,north
C0002472,2025-07-01 00:00:00+00:00,95,79.5,2,0,0.1521,4,month-to-month,card,north
C0002479,2025-07-01 00:00:00+00:00,67,60.53,1,0,-0.0716,0,month-to-month,bank,east
C0002528,2025-07-01 00:00:00+00:00,28,82.23,0,1,0.1614,2,month-to-month,card,north
C0002550,2025-07-01 00:00:00+00:00,35,82.68,1,1,0.2659,1,month-to-month,card,north
C0002602,2025-07-01 00:00:00+00:00,44,114.95,0,1,0.0472,1,month-to-month,card,west
C0002657,2025-07-01 00:00:00+00:00,43,123.39,2,0,0.2996,0,month-to-month,check,west
C0002674,2025-07-01 00:00:00+00:00,36,50.74,5,0,0.4013,3,month-to-month,bank,south
C0002696,2025-07-01 00:00:00+00:00,58,37.96,2,0,-0.3994,0,month-to-month,bank,east
C0002723,2025-07-01 00:00:00+00:00,54,44.13,1,0,-0.2669,3,month-to-month,card,south
C0002797,2025-07-01 00:00:00+00:00,23,105.28,1,0,-0.0034,0,annual,card,north
C0002920,2025-07-01 00:00:00+00:00,95,122.14,1,2,0.1453,0,month-to-month,card,west
C0002941,2025-07-01 00:00:00+00:00,118,30.0,1,0,0.0484,1,annual,bank,south
C0002977,2025-07-01 00:00:00+00:00,89,72.11,0,0,-0.0786,1,month-to-month,card,east
C0000026,2025-08-01 00:00:00+00:00,25,97.7,1,0,0.0745,0,month-to-month,bank,west
C0000055,2025-08-01 00:00:00+00:00,80,76.46,1,1,0.0932,0,month-to-month,card,south
C0000067,2025-08-01 00:00:00+00:00,26,79.67,0,3,0.0717,2,month-to-month,card,west
C0000074,2025-08-01 00:00:00+00:00,41,59.56,3,0,0.2864,1,month-to-month,card,south
C0000101,2025-08-01 00:00:00+00:00,33,45.41,0,0,-0.1713,0,annual,bank,north
C0000142,2025-08-01 00:00:00+00:00,2,82.2,1,0,-0.311,1,annual,card,east
C0000151,2025-08-01 00:00:00+00:00,37,73.43,0,0,-0.1095,0,annual,bank,west
C0000171,2025-08-01 00:00:00+00:00,13,90.98,0,2,-0.1056,1,month-to-month,card,south
C0000175,2025-08-01 00:00:00+00:00,41,91.45,1,0,-0.3358,0,annual,bank,east
C0000199,2025-08-01 00:00:00+00:00,57,103.29,3,0,-0.2027,0,month-to-month,card,north
C0000205,2025-08-01 00:00:00+00:00,25,64.58,0,0,0.0493,3,month-to-month,check,south
C0000213,2025-08-01 00:00:00+00:00,50,52.71,1,0,0.2224,2,month-to-month,card,south
C0000222,2025-08-01 00:00:00+00:00,50,65.8,1,0,-0.0433,1,annual,check,west
C0000280,2025-08-01 00:00:00+00:00,68,90.83,0,0,0.0373,0,month-to-month,card,west
C0000281,2025-08-01 00:00:00+00:00,53,134.35,2,1,0.172,0,two-year,card,south
C0000296,2025-08-01 00:00:00+00:00,62,91.29,2,1,0.0236,0,annual,bank,west
C0000442,2025-08-01 00:00:00+00:00,2,86.86,4,0,0.3646,0,annual,card,south
C0000480,2025-08-01 00:00:00+00:00,11,65.9,3,1,0.2916,3,annual,bank,west
C0000509,2025-08-01 00:00:00+00:00,58,53.46,1,1,-0.3905,0,annual,card,south
C0000554,2025-08-01 00:00:00+00:00,95,52.7,1,1,0.0263,1,month-to-month,bank,east
C0000698,2025-08-01 00:00:00+00:00,77,44.82,1,0,-0.227,0,two-year,check,north
C0000772,2025-08-01 00:00:00+00:00,83,49.55,3,0,-0.3181,2,month-to-month,check,north
C0000777,2025-08-01 00:00:00+00:00,6,69.97,1,1,0.3543,1,month-to-month,bank,north
C0000785,2025-08-01 00:00:00+00:00,94,85.0,2,1,0.064,1,month-to-month,card,south
C0000797,2025-08-01 00:00:00+00:00,93,80.9,2,0,0.126,0,month-to-month,bank,west
C0000799,2025-08-01 00:00:00+00:00,115,28.3,2,0,-0.3855,3,annual,card,west
C0000845,2025-08-01 00:00:00+00:00,11,150.25,1,0,-0.0617,2,month-to-month,card,north
C0000861,2025-08-01 00:00:00+00:00,6,75.44,1,0,0.2687,2,month-to-month,card,east
C0000884,2025-08-01 00:00:00+00:00,45,106.88,1,0,-0.0495,2,two-year,card,north
C0000897,2025-08-01 00:00:00+00:00,102,59.9,0,3,0.139,3,month-to-month,card,west
C0000899,2025-08-01 00:00:00+00:00,79,75.24,0,0,0.2434,1,two-year,bank,east
C0000916,2025-08-01 00:00:00+00:00,37,92.54,2,1,0.1937,2,month-to-month,card,south
C0000981,2025-08-01 00:00:00+00:00,83,105.03,1,0,0.3136,3,annual,card,east
C0000992,2025-08-01 00:00:00+00:00,103,71.87,0,0,0.4687,0,month-to-month,check,west
C0001079,2025-08-01 00:00:00+00:00,75,94.32,1,0,0.2474,2,month-to-month,bank,north
C0001109,2025-08-01 00:00:00+00:00,34,113.14,3,1,0.0489,1,two-year,bank,east
C0001113,2025-08-01 00:00:00+00:00,91,78.98,1,1,-0.0932,0,annual,card,north
C0001122,2025-08-01 00:00:00+00:00,80,88.48,1,0,-0.0998,2,two-year,card,west
C0001124,2025-08-01 00:00:00+00:00,8,52.46,0,0,0.127,1,month-to-month,card,east
C0001148,2025-08-01 00:00:00+00:00,24,81.62,0,0,0.093,1,month-to-month,card,west
C0001167,2025-08-01 00:00:00+00:00,3,42.55,2,0,0.2719,1,month-to-month,check,north
C0001217,2025-08-01 00:00:00+00:00,110,109.94,5,1,-0.2214,0,month-to-month,bank,north
C0001224,2025-08-01 00:00:00+00:00,78,65.69,1,0,0.0086,2,month-to-month,card,north
C0001231,2025-08-01 00:00:00+00:00,40,35.45,0,0,-0.0512,0,month-to-month,bank,west
C0001248,2025-08-01 00:00:00+00:00,110,41.25,0,0,-0.1054,2,month-to-month,card,east
C0001267,2025-08-01 00:00:00+00:00,54,70.94,1,1,0.0308,0,month-to-month,card,north
C0001276,2025-08-01 00:00:00+00:00,77,29.53,0,0,-0.2121,0,two-year,bank,north
C0001332,2025-08-01 00:00:00+00:00,23,98.93,2,0,-0.0219,0,annual,bank,east
C0001377,2025-08-01 00:00:00+00:00,35,27.89,1,0,0.0342,1,month-to-month,bank,north
C0001383,2025-08-01 00:00:00+00:00,114,97.03,3,0,-0.0654,1,month-to-month,bank,north
C0001457,2025-08-01 00:00:00+00:00,40,74.36,0,0,-0.0239,2,two-year,check,north
C0001465,2025-08-01 00:00:00+00:00,30,63.92,1,1,-0.2515,0,two-year,bank,east
C0001489,2025-08-01 00:00:00+00:00,111,47.77,1,1,0.1913,1,two-year,card,east
C0001508,2025-08-01 00:00:00+00:00,99,72.74,2,0,-0.1471,2,month-to-month,card,west
C0001530,2025-08-01 00:00:00+00:00,36,48.9,0,0,0.1864,1,month-to-month,card,west
C0001545,2025-08-01 00:00:00+00:00,8,92.48,1,2,-0.0127,1,month-to-month,check,north
C0001622,2025-08-01 00:00:00+00:00,69,56.69,0,0,0.1718,3,annual,bank,east
C0001646,2025-08-01 00:00:00+00:00,46,87.36,0,0,-0.1976,0,month-to-month,card,east
C0001679,2025-08-01 00:00:00+00:00,34,36.47,2,0,-0.0892,1,month-to-month,check,west
C0001696,2025-08-01 00:00:00+00:00,49,44.56,2,0,0.2774,1,annual,bank,east
C0001701,2025-08-01 00:00:00+00:00,31,62.92,2,2,-0.2347,0,two-year,card,east
C0001743,2025-08-01 00:00:00+00:00,46,117.05,2,0,-0.0057,0,month-to-month,card,west
C0001745,2025-08-01 00:00:00+00:00,22,98.72,2,0,0.081,0,month-to-month,card,east
C0001754,2025-08-01 00:00:00+00:00,80,100.33,4,0,-0.1106,4,two-year,card,north
C0001783,2025-08-01 00:00:00+00:00,72,80.3,0,0,0.2328,0,annual,check,east
C0001794,2025-08-01 00:00:00+00:00,9,69.88,2,0,-0.2715,0,annual,bank,west
C0001828,2025-08-01 00:00:00+00:00,42,84.12,2,1,-0.3936,0,month-to-month,card,east
C0001830,2025-08-01 00:00:00+00:00,114,100.06,1,0,-0.1448,2,month-to-month,bank,east
C0001849,2025-08-01 00:00:00+00:00,17,55.51,1,0,-0.2403,2,month-to-month,card,north
C0001872,2025-08-01 00:00:00+00:00,58,54.07,0,0,-0.1188,0,month-to-month,bank,east
C0001906,2025-08-01 00:00:00+00:00,20,43.93,3,0,0.2268,0,annual,card,north
C0001991,2025-08-01 00:00:00+00:00,104,102.38,1,0,0.3879,2,annual,check,west
C0001994,2025-08-01 00:00:00+00:00,91,77.24,1,0,0.0223,2,month-to-month,card,east
C0002033,2025-08-01 00:00:00+00:00,19,90.75,2,0,0.1274,1,annual,bank,west
C0002063,2025-08-01 00:00:00+00:00,20,89.83,2,1,-0.2035,4,month-to-month,card,north
C0002171,2025-08-01 00:00:00+00:00,37,88.46,2,0,0.0522,1,month-to-month,card,east
C0002176,2025-08-01 00:00:00+00:00,15,59.95,1,1,-0.0992,2,month-to-month,card,west
C0002217,2025-08-01 00:00:00+00:00,53,72.29,1,0,0.0093,2,annual,card,north
C0002268,2025-08-01 00:00:00+00:00,53,39.42,1,1,0.1746,3,annual,card,north
C0002339,2025-08-01 00:00:00+00:00,31,73.08,0,2,0.0373,1,annual,card,north
C0002340,2025-08-01 00:00:00+00:00,91,117.89,1,0,-0.4351,1,month-to-month,card,west
C0002362,2025-08-01 00:00:00+00:00,110,104.3,1,0,0.0387,2,month-to-month,card,east
C0002369,2025-08-01 00:00:00+00:00,65,54.24,1,0,-0.1521,0,annual,bank,south
C0002388,2025-08-01 00:00:00+00:00,114,74.29,0,0,-0.527,2,month-to-month,bank,south
C0002404,2025-08-01 00:00:00+00:00,64,73.32,3,0,0.0451,3,month-to-month,card,north
C0002446,2025-08-01 00:00:00+00:00,98,38.93,2,0,-0.4365,1,annual,card,east
C0002541,2025-08-01 00:00:00+00:00,116,45.86,4,1,0.1582,1,month-to-month,card,west
C0002568,2025-08-01 00:00:00+00:00,83,74.05,0,2,0.0071,1,annual,bank,south
C0002589,2025-08-01 00:00:00+00:00,6,64.96,0,0,-0.374,0,month-to-month,card,north
C0002590,2025-08-01 00:00:00+00:00,104,116.53,1,1,-0.3593,0,month-to-month,card,west
C0002625,2025-08-01 00:00:00+00:00,13,15.0,2,0,-0.1298,0,two-year,bank,north
C0002642,2025-08-01 00:00:00+00:00,75,88.8,1,0,0.2575,0,month-to-month,card,south
C0002671,2025-08-01 00:00:00+00:00,40,47.15,2,1,-0.4218,2,month-to-month,card,north
C0002686,2025-08-01 00:00:00+00:00,6,42.56,2,1,0.5177,4,annual,check,west
C0002776,2025-08-01 00:00:00+00:00,94,95.33,5,0,-0.0986,2,annual,bank,west
C0002810,2025-08-01 00:00:00+00:00,49,118.12,0,0,0.4032,2,annual,card,north
C0002850,2025-08-01 00:00:00+00:00,1,89.76,3,0,0.0186,2,two-year,bank,east
C0002949,2025-08-01 00:00:00+00:00,73,77.21,0,0,0.0102,2,month-to-month,check,east
C0002968,2025-08-01 00:00:00+00:00,73,62.73,0,1,-0.2936,1,month-to-month,check,east
C0002974,2025-08-01 00:00:00+00:00,42,107.01,0,0,0.0848,2,month-to-month,check,east
C0002990,2025-08-01 00:00:00+00:00,107,113.37,2,0,0.1513,0,annual,bank,east
C0000003,2025-09-01 00:00:00+00:00,71,72.1,0,1,-0.2416,2,month-to-month,card,west
C0000008,2025-09-01 00:00:00+00:00,72,33.69,1,0,-0.1946,0,month-to-month,card,west
C0000017,2025-09-01 00:00:00+00:00,80,92.46,1,0,0.0654,3,annual,bank,south
C0000025,2025-09-01 00:00:00+00:00,104,92.71,0,0,-0.1027,0,two-year,card,east
C0000030,2025-09-01 00:00:00+00:00,87,95.09,3,1,-0.4395,0,month-to-month,card,south
C0000032,2025-09-01 00:00:00+00:00,27,56.78,1,0,-0.0843,0,month-to-month,check,south
C0000094,2025-09-01 00:00:00+00:00,108,77.02,1,0,0.2286,2,annual,card,south
C0000189,2025-09-01 00:00:00+00:00,105,93.97,2,0,-0.0217,0,month-to-month,bank,north
C0000217,2025-09-01 00:00:00+00:00,9,74.89,3,0,-0.262,0,month-to-month,check,west
C0000221,2025-09-01 00:00:00+00:00,114,42.5,0,0,0.0267,1,month-to-month,bank,east
C0000271,2025-09-01 00:00:00+00:00,37,74.27,0,1,0.336,1,month-to-month,card,east
C0000371,2025-09-01 00:00:00+00:00,65,118.82,4,2,-0.1711,1,two-year,check,south
C0000389,2025-09-01 00:00:00+00:00,90,80.05,5,2,0.2513,0,annual,card,east
C0000403,2025-09-01 00:00:00+00:00,50,88.45,2,0,0.1622,1,annual,card,north
C0000445,2025-09-01 00:00:00+00:00,93,38.24,0,1,0.0625,1,month-to-month,check,south
C0000460,2025-09-01 00:00:00+00:00,76,108.68,1,0,-0.1411,1,month-to-month,card,west
C0000468,2025-09-01 00:00:00+00:00,45,82.57,2,0,-0.209,1,month-to-month,card,south
C0000529,2025-09-01 00:00:00+00:00,42,117.26,1,0,-0.0193,2,month-to-month,bank,east
C0000628,2025-09-01 00:00:00+00:00,110,100.41,0,0,0.1123,1,month-to-month,bank,south
C0000687,2025-09-01 00:00:00+00:00,5,104.73,1,0,-0.0558,0,annual,bank,east
C0000706,2025-09-01 00:00:00+00:00,81,72.86,1,0,0.2119,2,annual,bank,east
C0000712,2025-09-01 00:00:00+00:00,29,41.4,0,0,-0.0502,0,annual,bank,south
C0000789,2025-09-01 00:00:00+00:00,95,44.16,1,0,0.1888,3,month-to-month,card,west
C0000802,2025-09-01 00:00:00+00:00,102,69.65,2,0,-0.2238,1,month-to-month,check,south
C0000816,2025-09-01 00:00:00+00:00,75,15.0,2,1,-0.1474,3,month-to-month,card,north
C0000936,2025-09-01 00:00:00+00:00,6,109.01,1,0,-0.0685,0,two-year,bank,east
C0000976,2025-09-01 00:00:00+00:00,47,92.07,2,0,-0.4723,1,annual,card,east
C0001044,2025-09-01 00:00:00+00:00,92,92.03,1,1,-0.1775,2,month-to-month,bank,west
C0001058,2025-09-01 00:00:00+00:00,9,101.71,2,0,-0.1073,2,two-year,bank,south
C0001145,2025-09-01 00:00:00+00:00,9,116.21,0,0,0.012,1,two-year,card,west
C0001154,2025-09-01 00:00:00+00:00,68,90.07,1,1,-0.1039,0,two-year,card,west
C0001194,2025-09-01 00:00:00+00:00,75,71.58,0,0,-0.239,0,month-to-month,card,north
C0001219,2025-09-01 00:00:00+00:00,94,86.35,0,0,-0.2974,1,month-to-month,bank,west
C0001260,2025-09-01 00:00:00+00:00,83,54.23,1,0,0.0009,1,two-year,check,south
C0001324,2025-09-01 00:00:00+00:00,56,107.22,1,0,-0.1188,2,month-to-month,bank,south
C0001342,2025-09-01 00:00:00+00:00,32,72.11,2,2,-0.6143,1,two-year,check,south
C0001366,2025-09-01 00:00:00+00:00,108,17.37,1,0,-0.2886,1,annual,card,south
C0001386,2025-09-01 00:00:00+00:00,115,59.17,1,0,0.243,2,month-to-month,card,north
C0001443,2025-09-01 00:00:00+00:00,10,84.88,4,0,0.2401,0,two-year,bank,east
C0001463,2025-09-01 00:00:00+00:00,29,61.9,1,1,0.2177,3,two-year,card,north
C0001490,2025-09-01 00:00:00+00:00,50,98.35,0,0,-0.0927,2,annual,bank,north
C0001527,2025-09-01 00:00:00+00:00,105,92.07,0,0,0.0334,1,annual,check,north
C0001561,2025-09-01 00:00:00+00:00,4,46.8,0,0,0.1932,1,two-year,bank,west
C0001634,2025-09-01 00:00:00+00:00,26,96.94,1,0,-0.0372,1,month-to-month,card,north
C0001677,2025-09-01 00:00:00+00:00,57,85.04,3,1,0.4665,1,month-to-month,card,west
C0001721,2025-09-01 00:00:00+00:00,3,30.9,1,0,0.0383,0,annual,card,west
C0001723,2025-09-01 00:00:00+00:00,92,92.22,1,0,0.0767,1,annual,bank,south
C0001732,2025-09-01 00:00:00+00:00,30,65.46,3,0,0.0342,3,month-to-month,card,south
C0001797,2025-09-01 00:00:00+00:00,109,64.86,2,0,-0.1475,3,annual,card,north
C0001801,2025-09-01 00:00:00+00:00,67,83.04,0,0,-0.2246,2,annual,check,west
C0001824,2025-09-01 00:00:00+00:00,112,63.72,1,0,-0.043,0,annual,bank,north
C0001854,2025-09-01 00:00:00+00:00,89,67.97,1,2,-0.2144,0,two-year,check,north
C0001881,2025-09-01 00:00:00+00:00,24,84.43,0,1,-0.0704,1,month-to-month,card,west
C0001912,2025-09-01 00:00:00+00:00,99,46.39,0,0,-0.2849,0,annual,card,east
C0001928,2025-09-01 00:00:00+00:00,61,42.91,0,0,0.0236,0,month-to-month,bank,south
C0001942,2025-09-01 00:00:00+00:00,107,90.63,3,0,-0.0268,0,month-to-month,bank,west
C0001950,2025-09-01 00:00:00+00:00,100,100.41,1,0,0.0599,1,month-to-month,card,east
C0001963,2025-09-01 00:00:00+00:00,15,149.32,1,0,0.087,1,month-to-month,card,east
C0001979,2025-09-01 00:00:00+00:00,14,71.73,1,0,-0.221,0,annual,check,north
C0002034,2025-09-01 00:00:00+00:00,30,113.79,0,0,0.3044,1,annual,card,north
C0002053,2025-09-01 00:00:00+00:00,86,54.72,0,1,-0.2378,2,annual,bank,north
C0002056,2025-09-01 00:00:00+00:00,27,83.51,1,0,0.0032,0,two-year,card,north
C0002062,2025-09-01 00:00:00+00:00,90,97.3,1,0,-0.0912,1,annual,card,east
C0002138,2025-09-01 00:00:00+00:00,51,109.88,1,0,0.0967,1,month-to-month,card,north
C0002194,2025-09-01 00:00:00+00:00,117,114.67,1,0,0.4043,1,month-to-month,card,north
C0002198,2025-09-01 00:00:00+00:00,35,121.22,1,0,-0.0288,1,month-to-month,bank,north
C0002211,2025-09-01 00:00:00+00:00,69,49.78,0,0,-0.1856,2,month-to-month,bank,east
C0002212,2025-09-01 00:00:00+00:00,2,98.48,0,0,-0.069,1,month-to-month,card,east
C0002220,2025-09-01 00:00:00+00:00,20,122.36,1,1,0.2259,0,month-to-month,check,east
C0002256,2025-09-01 00:00:00+00:00,107,67.76,1,0,-0.0096,0,month-to-month,check,south
C0002266,2025-09-01 00:00:00+00:00,32,81.78,2,0,-0.032,2,month-to-month,card,east
C0002270,2025-09-01 00:00:00+00:00,28,109.61,0,0,0.4616,1,annual,check,south
C0002274,2025-09-01 00:00:00+00:00,51,66.88,2,0,-0.1778,1,two-year,card,south
C0002343,2025-09-01 00:00:00+00:00,77,78.9,1,1,-0.229,0,month-to-month,bank,north
C0002377,2025-09-01 00:00:00+00:00,77,72.75,1,0,0.0127,0,month-to-month,check,north
C0002507,2025-09-01 00:00:00+00:00,11,84.2,0,0,0.2008,1,month-to-month,card,west
C0002514,2025-09-01 00:00:00+00:00,109,43.68,2,0,-0.3606,1,month-to-month,bank,west
C0002518,2025-09-01 00:00:00+00:00,39,59.51,1,0,-0.3403,0,month-to-month,card,east
C0002559,2025-09-01 00:00:00+00:00,5,76.4,0,0,0.2864,1,month-to-month,check,north
C0002563,2025-09-01 00:00:00+00:00,113,94.89,1,1,-0.3887,1,annual,bank,north
C0002591,2025-09-01 00:00:00+00:00,40,60.17,1,0,-0.1349,0,month-to-month,card,east
C0002656,2025-09-01 00:00:00+00:00,55,118.02,1,0,0.0965,1,annual,card,east
C0002667,2025-09-01 00:00:00+00:00,72,100.97,1,0,-0.4115,0,month-to-month,bank,east
C0002729,2025-09-01 00:00:00+00:00,110,98.05,1,1,-0.0465,0,annual,bank,north
C0002747,2025-09-01 00:00:00+00:00,75,64.24,0,0,0.1095,0,month-to-month,bank,west
C0002753,2025-09-01 00:00:00+00:00,40,118.15,1,0,-0.4139,0,annual,card,west
C0002768,2025-09-01 00:00:00+00:00,57,75.68,0,0,0.0946,2,two-year,bank,south
C0002779,2025-09-01 00:00:00+00:00,42,106.72,4,0,0.1095,0,annual,card,north
C0002783,2025-09-01 00:00:00+00:00,41,20.38,0,0,-0.4487,2,month-to-month,bank,west
C0002804,2025-09-01 00:00:00+00:00,22,84.41,2,0,0.044,2,annual,bank,north
C0002829,2025-09-01 00:00:00+00:00,70,96.84,2,1,-0.141,1,month-to-month,card,west
C0002891,2025-09-01 00:00:00+00:00,37,74.12,0,0,0.2837,0,month-to-month,card,east
C0002899,2025-09-01 00:00:00+00:00,120,66.67,0,0,0.5621,1,two-year,card,west
C0002970,2025-09-01 00:00:00+00:00,101,103.76,1,0,-0.3122,1,month-to-month,card,north
C0002994,2025-09-01 00:00:00+00:00,38,94.4,1,0,0.3563,1,two-year,bank,east
C0000045,2025-10-01 00:00:00+00:00,105,95.28,1,0,0.0755,2,month-to-month,card,south
C0000058,2025-10-01 00:00:00+00:00,27,105.03,1,0,0.0423,1,two-year,card,north
C0000111,2025-10-01 00:00:00+00:00,7,61.29,1,1,0.2425,1,month-to-month,bank,west
C0000163,2025-10-01 00:00:00+00:00,75,65.21,0,0,-0.256,0,annual,check,south
C0000191,2025-10-01 00:00:00+00:00,81,56.5,1,3,0.1859,3,month-to-month,bank,north
C0000225,2025-10-01 00:00:00+00:00,44,67.33,1,0,-0.315,0,two-year,card,west
C0000241,2025-10-01 00:00:00+00:00,47,52.4,2,0,-0.4678,0,month-to-month,check,north
C0000253,2025-10-01 00:00:00+00:00,12,95.87,1,0,-0.3831,1,month-to-month,card,north
C0000294,2025-10-01 00:00:00+00:00,79,59.2,0,1,-0.1402,0,annual,bank,north
C0000308,2025-10-01 00:00:00+00:00,63,55.9,5,0,-0.335,1,annual,check,south
C0000309,2025-10-01 00:00:00+00:00,23,67.25,1,0,-0.2237,0,annual,card,east
C0000318,2025-10-01 00:00:00+00:00,31,96.85,1,1,-0.0381,1,annual,bank,west
C0000377,2025-10-01 00:00:00+00:00,29,73.92,4,0,-0.2406,0,month-to-month,card,south
C0000410,2025-10-01 00:00:00+00:00,93,71.68,1,0,-0.1026,0,month-to-month,card,west
C0000475,2025-10-01 00:00:00+00:00,52,73.39,1,1,0.2146,1,two-year,check,east
C0000667,2025-10-01 00:00:00+00:00,23,74.88,1,0,-0.0455,0,annual,check,north
C0000711,2025-10-01 00:00:00+00:00,77,93.73,0,1,0.0449,1,two-year,bank,south
C0000721,2025-10-01 00:00:00+00:00,32,96.34,0,1,-0.1088,3,month-to-month,bank,north
C0000759,2025-10-01 00:00:00+00:00,90,63.68,2,1,-0.1291,0,annual,bank,east
C0000791,2025-10-01 00:00:00+00:00,103,66.92,0,0,-0.3428,0,two-year,card,north
C0000811,2025-10-01 00:00:00+00:00,86,101.22,1,0,0.1965,1,annual,bank,north
C0000814,2025-10-01 00:00:00+00:00,59,98.2,0,0,-0.6367,3,month-to-month,bank,north
C0000860,2025-10-01 00:00:00+00:00,84,70.7,1,0,-0.1728,0,annual,check,east
C0000876,2025-10-01 00:00:00+00:00,44,70.17,1,1,-0.2515,1,annual,card,west
C0000907,2025-10-01 00:00:00+00:00,67,42.05,1,1,0.3002,0,two-year,bank,south
C0000935,2025-10-01 00:00:00+00:00,37,96.92,3,0,0.4563,1,month-to-month,bank,north
C0000943,2025-10-01 00:00:00+00:00,68,103.24,0,1,-0.0481,0,month-to-month,card,north
C0000946,2025-10-01 00:00:00+00:00,98,37.67,1,0,0.0065,2,annual,card,east
C0001051,2025-10-01 00:00:00+00:00,3,88.71,4,0,-0.0797,1,month-to-month,bank,east
C0001066,2025-10-01 00:00:00+00:00,41,101.02,0,1,-0.6128,3,month-to-month,bank,west
C0001135,2025-10-01 00:00:00+00:00,82,73.47,2,0,-0.2875,0,month-to-month,card,west
C0001137,2025-10-01 00:00:00+00:00,29,95.77,2,0,0.0164,2,two-year,card,west
C0001161,2025-10-01 00:00:00+00:00,49,65.55,0,0,-0.3381,0,two-year,card,south
C0001227,2025-10-01 00:00:00+00:00,12,45.97,2,0,0.3227,2,two-year,card,south
C0001242,2025-10-01 00:00:00+00:00,28,80.58,1,0,-0.264,0,annual,bank,north
C0001254,2025-10-01 00:00:00+00:00,100,43.07,1,0,0.0494,2,month-to-month,card,west
C0001282,2025-10-01 00:00:00+00:00,65,99.61,0,1,0.2403,0,annual,check,east
C0001323,2025-10-01 00:00:00+00:00,30,69.03,0,0,-0.222,1,month-to-month,card,north
C0001354,2025-10-01 00:00:00+00:00,57,57.39,3,1,0.2539,1,annual,bank,west
C0001376,2025-10-01 00:00:00+00:00,41,77.4,2,0,0.1008,1,two-year,card,south
C0001408,2025-10-01 00:00:00+00:00,15,102.45,1,1,-0.0518,0,month-to-month,card,south
C0001420,2025-10-01 00:00:00+00:00,52,54.46,0,1,-0.0176,2,two-year,bank,east
C0001435,2025-10-01 00:00:00+00:00,95,83.28,1,1,0.1039,0,annual,bank,south
C0001466,2025-10-01 00:00:00+00:00,73,114.11,1,0,-0.1539,0,month-to-month,bank,south
C0001475,2025-10-01 00:00:00+00:00,5,58.74,1,0,-0.612,0,annual,card,south
C0001478,2025-10-01 00:00:00+00:00,72,34.25,1,0,0.5286,1,annual,bank,east
C0001582,2025-10-01 00:00:00+00:00,25,84.61,1,0,-0.2365,0,month-to-month,card,north
C0001644,2025-10-01 00:00:00+00:00,109,76.89,1,0,0.0769,1,month-to-month,bank,south
C0001655,2025-10-01 00:00:00+00:00,115,64.64,0,0,0.3572,0,month-to-month,bank,south
C0001658,2025-10-01 00:00:00+00:00,20,82.05,0,0,-0.0877,1,month-to-month,bank,west
C0001763,2025-10-01 00:00:00+00:00,101,60.17,0,0,0.1298,1,month-to-month,card,south
C0001795,2025-10-01 00:00:00+00:00,62,67.64,0,1,0.012,1,annual,card,east
C0001822,2025-10-01 00:00:00+00:00,57,79.97,0,1,-0.219,0,annual,card,east
C0001851,2025-10-01 00:00:00+00:00,85,51.1,2,1,-0.227,1,annual,card,west
C0001862,2025-10-01 00:00:00+00:00,78,88.9,2,0,-0.211,1,month-to-month,card,east
C0001878,2025-10-01 00:00:00+00:00,64,93.64,0,2,-0.3499,0,annual,card,north
C0001959,2025-10-01 00:00:00+00:00,44,79.59,1,1,0.2288,1,annual,card,south
C0001996,2025-10-01 00:00:00+00:00,35,56.93,0,1,0.3277,1,two-year,card,east
C0002004,2025-10-01 00:00:00+00:00,58,118.18,0,0,-0.0413,0,annual,card,north
C0002014,2025-10-01 00:00:00+00:00,91,85.49,1,0,-0.201,0,month-to-month,card,west
C0002020,2025-10-01 00:00:00+00:00,13,57.48,3,0,0.0193,3,two-year,check,south
C0002067,2025-10-01 00:00:00+00:00,56,95.97,0,0,-0.4934,1,month-to-month,card,north
C0002077,2025-10-01 00:00:00+00:00,63,90.77,0,1,0.2381,2,annual,card,north
C0002113,2025-10-01 00:00:00+00:00,2,65.74,1,0,0.4361,0,month-to-month,card,south
C0002126,2025-10-01 00:00:00+00:00,25,105.02,0,2,-0.468,0,two-year,card,north
C0002129,2025-10-01 00:00:00+00:00,36,80.25,5,1,0.1837,0,annual,card,north
C0002241,2025-10-01 00:00:00+00:00,44,62.58,1,0,-0.1635,2,month-to-month,card,west
C0002257,2025-10-01 00:00:00+00:00,22,68.24,1,0,0.4345,3,two-year,card,west
C0002303,2025-10-01 00:00:00+00:00,30,92.43,1,0,0.2888,1,month-to-month,card,west
C0002309,2025-10-01 00:00:00+00:00,50,94.46,1,0,0.0356,0,annual,bank,south
C0002318,2025-10-01 00:00:00+00:00,86,48.08,2,0,-0.2536,0,month-to-month,bank,north
C0002322,2025-10-01 00:00:00+00:00,2,43.45,2,0,0.0037,2,annual,bank,west
C0002330,2025-10-01 00:00:00+00:00,99,85.85,0,1,-0.029,2,annual,bank,north
C0002349,2025-10-01 00:00:00+00:00,39,94.5,1,0,0.2005,0,annual,card,east
C0002407,2025-10-01 00:00:00+00:00,62,83.22,3,0,0.1187,1,month-to-month,card,north
C0002411,2025-10-01 00:00:00+00:00,46,58.67,1,0,-0.2116,1,month-to-month,check,east
C0002419,2025-10-01 00:00:00+00:00,63,74.16,3,0,0.5605,4,month-to-month,card,north
C0002468,2025-10-01 00:00:00+00:00,67,106.95,1,0,-0.1241,0,month-to-month,card,south
C0002523,2025-10-01 00:00:00+00:00,101,112.23,3,0,-0.0116,0,month-to-month,bank,south
C0002597,2025-10-01 00:00:00+00:00,40,112.97,2,1,0.1224,0,annual,bank,south
C0002608,2025-10-01 00:00:00+00:00,78,105.02,0,0,-0.3314,0,month-to-month,bank,north
C0002616,2025-10-01 00:00:00+00:00,35,89.71,0,2,0.2492,0,annual,card,south
C0002618,2025-10-01 00:00:00+00:00,17,80.39,1,0,-0.2185,3,month-to-month,bank,east
C0002629,2025-10-01 00:00:00+00:00,38,34.79,1,1,0.0907,2,annual,card,east
C0002689,2025-10-01 00:00:00+00:00,85,84.45,2,0,0.0971,1,month-to-month,card,east
C0002775,2025-10-01 00:00:00+00:00,114,40.09,2,0,0.1603,2,month-to-month,check,north
C0002782,2025-10-01 00:00:00+00:00,10,43.29,1,0,0.1987,1,month-to-month,card,north
C0002788,2025-10-01 00:00:00+00:00,99,100.05,2,1,0.2288,0,month-to-month,bank,east
C0002790,2025-10-01 00:00:00+00:00,53,35.24,0,0,0.1489,0,month-to-month,check,south
C0002801,2025-10-01 00:00:00+00:00,120,64.12,1,0,-0.2669,4,month-to-month,card,east
C0002818,2025-10-01 00:00:00+00:00,76,73.77,0,0,0.0624,0,month-to-month,card,east
C0002853,2025-10-01 00:00:00+00:00,110,31.38,0,0,0.464,0,two-year,check,north
C0002865,2025-10-01 00:00:00+00:00,103,78.24,0,1,-0.2508,0,two-year,card,east
C0002889,2025-10-01 00:00:00+00:00,51,15.0,1,0,-0.0486,0,month-to-month,card,south
C0002948,2025-10-01 00:00:00+00:00,100,101.61,0,0,-0.4222,2,two-year,bank,east
C0000012,2025-11-01 00:00:00+00:00,70,79.08,1,0,0.0034,0,two-year,bank,west
C0000081,2025-11-01 00:00:00+00:00,38,86.65,2,0,0.1074,5,annual,card,south
C0000087,2025-11-01 00:00:00+00:00,87,51.44,1,0,0.1273,2,month-to-month,bank,south
C0000136,2025-11-01 00:00:00+00:00,30,71.41,0,1,0.1001,1,annual,bank,east
C0000263,2025-11-01 00:00:00+00:00,30,53.59,2,1,-0.1019,1,annual,card,west
C0000272,2025-11-01 00:00:00+00:00,117,21.19,0,0,0.1605,0,annual,bank,south
C0000273,2025-11-01 00:00:00+00:00,95,98.23,1,0,-0.5724,0,annual,bank,west
C0000278,2025-11-01 00:00:00+00:00,86,52.41,2,0,-0.1349,0,two-year,check,east
C0000279,2025-11-01 00:00:00+00:00,101,110.31,2,0,-0.0329,1,month-to-month,card,north
C0000338,2025-11-01 00:00:00+00:00,49,114.26,0,2,0.1208,0,annual,bank,west
C0000346,2025-11-01 00:00:00+00:00,51,143.19,0,0,-0.3632,1,month-to-month,bank,south
C0000361,2025-11-01 00:00:00+00:00,98,78.74,3,1,0.3861,0,month-to-month,check,north
C0000374,2025-11-01 00:00:00+00:00,83,74.92,0,0,0.1841,1,month-to-month,card,north
C0000426,2025-11-01 00:00:00+00:00,52,85.75,2,0,-0.0865,3,annual,card,west
C0000428,2025-11-01 00:00:00+00:00,55,33.49,0,1,0.4294,0,two-year,card,south
C0000476,2025-11-01 00:00:00+00:00,66,66.79,1,0,0.3766,1,annual,bank,south
C0000566,2025-11-01 00:00:00+00:00,5,71.26,1,0,-0.3794,1,month-to-month,bank,south
C0000567,2025-11-01 00:00:00+00:00,26,57.42,0,1,0.0807,2,month-to-month,check,west
C0000578,2025-11-01 00:00:00+00:00,107,92.78,0,0,-0.614,1,two-year,bank,west
C0000599,2025-11-01 00:00:00+00:00,102,67.44,2,0,-0.3348,3,month-to-month,bank,south
C0000647,2025-11-01 00:00:00+00:00,42,88.27,0,0,-0.1158,0,two-year,card,south
C0000648,2025-11-01 00:00:00+00:00,82,100.06,1,0,-0.2074,2,two-year,bank,west
C0000669,2025-11-01 00:00:00+00:00,16,75.28,0,0,0.2855,1,month-to-month,card,north
C0000798,2025-11-01 00:00:00+00:00,54,96.91,1,0,0.1719,0,annual,card,east
C0000827,2025-11-01 00:00:00+00:00,108,101.8,0,0,-0.0275,0,annual,bank,north
C0000881,2025-11-01 00:00:00+00:00,54,57.62,1,1,0.0555,0,month-to-month,check,east
C0000920,2025-11-01 00:00:00+00:00,27,67.16,0,0,-0.2555,1,month-to-month,card,east
C0000987,2025-11-01 00:00:00+00:00,53,47.09,0,0,0.3097,1,month-to-month,card,west
C0001028,2025-11-01 00:00:00+00:00,83,115.9,4,0,-0.0186,1,month-to-month,card,west
C0001032,2025-11-01 00:00:00+00:00,25,64.83,1,0,0.0565,0,month-to-month,bank,west
C0001041,2025-11-01 00:00:00+00:00,109,22.06,1,0,0.0101,0,two-year,bank,east
C0001130,2025-11-01 00:00:00+00:00,62,120.51,3,0,-0.2907,2,annual,card,north
C0001141,2025-11-01 00:00:00+00:00,22,36.33,2,0,0.0045,2,two-year,card,west
C0001159,2025-11-01 00:00:00+00:00,47,74.84,0,2,0.0274,1,month-to-month,card,west
C0001238,2025-11-01 00:00:00+00:00,95,83.29,0,0,-0.2407,0,month-to-month,check,east
C0001251,2025-11-01 00:00:00+00:00,105,119.79,0,0,-0.2543,2,two-year,bank,south
C0001273,2025-11-01 00:00:00+00:00,67,58.21,2,0,-0.0084,1,month-to-month,card,east
C0001275,2025-11-01 00:00:00+00:00,14,88.4,2,1,0.0286,1,month-to-month,check,west
C0001294,2025-11-01 00:00:00+00:00,97,51.23,2,0,-0.0222,0,month-to-month,card,south
C0001320,2025-11-01 00:00:00+00:00,6,110.9,3,1,-0.4905,2,annual,card,north
C0001356,2025-11-01 00:00:00+00:00,2,56.97,4,0,-0.2371,0,month-to-month,card,north
C0001394,2025-11-01 00:00:00+00:00,43,77.53,0,1,-0.137,2,month-to-month,card,north
C0001399,2025-11-01 00:00:00+00:00,107,94.61,1,0,-0.1979,1,annual,card,north
C0001414,2025-11-01 00:00:00+00:00,37,89.14,2,0,-0.4308,1,annual,bank,east
C0001437,2025-11-01 00:00:00+00:00,54,83.76,1,0,-0.4051,0,annual,bank,north
C0001470,2025-11-01 00:00:00+00:00,13,97.74,1,0,-0.1723,1,month-to-month,check,south
C0001501,2025-11-01 00:00:00+00:00,74,93.59,1,0,0.3228,0,annual,bank,west
C0001526,2025-11-01 00:00:00+00:00,86,122.89,0,0,-0.1145,1,annual,bank,west
C0001563,2025-11-01 00:00:00+00:00,49,62.67,1,0,-0.2498,2,annual,bank,north
C0001603,2025-11-01 00:00:00+00:00,110,104.44,0,0,0.2199,1,month-to-month,card,west
C0001689,2025-11-01 00:00:00+00:00,116,75.23,1,1,-0.1224,0,annual,bank,east
C0001838,2025-11-01 00:00:00+00:00,21,63.99,2,0,-0.1462,1,month-to-month,card,north
C0001863,2025-11-01 00:00:00+00:00,21,56.72,0,0,0.3417,2,month-to-month,card,north
C0001871,2025-11-01 00:00:00+00:00,77,64.61,2,1,-0.3781,4,month-to-month,bank,north
C0001885,2025-11-01 00:00:00+00:00,93,91.77,0,2,-0.09,2,month-to-month,card,east
C0001908,2025-11-01 00:00:00+00:00,44,77.94,0,0,-0.1547,0,annual,check,south
C0001936,2025-11-01 00:00:00+00:00,100,68.18,0,0,-0.2081,2,month-to-month,card,north
C0002005,2025-11-01 00:00:00+00:00,24,50.15,0,0,-0.0545,4,two-year,card,north
C0002009,2025-11-01 00:00:00+00:00,66,62.95,1,0,-0.3942,2,month-to-month,bank,south
C0002037,2025-11-01 00:00:00+00:00,51,47.56,0,1,0.2407,3,month-to-month,bank,west
C0002059,2025-11-01 00:00:00+00:00,16,89.23,2,0,0.2617,0,annual,bank,north
C0002115,2025-11-01 00:00:00+00:00,112,67.25,2,1,0.3158,1,annual,bank,east
C0002120,2025-11-01 00:00:00+00:00,69,43.09,2,0,-0.0165,2,month-to-month,card,west
C0002125,2025-11-01 00:00:00+00:00,83,80.54,2,0,0.3985,2,month-to-month,card,south
C0002196,2025-11-01 00:00:00+00:00,113,119.16,1,0,-0.1062,3,two-year,card,south
C0002227,2025-11-01 00:00:00+00:00,6,44.26,0,0,0.3739,2,two-year,card,east
C0002239,2025-11-01 00:00:00+00:00,90,73.72,0,0,0.2638,1,month-to-month,bank,north
C0002275,2025-11-01 00:00:00+00:00,24,88.99,0,0,0.0256,0,month-to-month,card,north
C0002291,2025-11-01 00:00:00+00:00,43,63.61,0,0,0.0714,3,month-to-month,check,north
C0002299,2025-11-01 00:00:00+00:00,87,93.77,1,0,0.2919,1,two-year,bank,east
C0002305,2025-11-01 00:00:00+00:00,73,71.26,0,0,-0.0311,1,two-year,bank,south
C0002310,2025-11-01 00:00:00+00:00,28,82.16,1,0,0.5069,1,annual,card,west
C0002385,2025-11-01 00:00:00+00:00,5,77.41,0,0,-0.2406,2,annual,check,north
C0002430,2025-11-01 00:00:00+00:00,33,116.57,5,1,0.0199,0,annual,card,west
C0002551,2025-11-01 00:00:00+00:00,85,98.38,1,1,-0.033,0,annual,card,south
C0002573,2025-11-01 00:00:00+00:00,116,76.7,1,0,-0.1389,3,two-year,card,south
C0002577,2025-11-01 00:00:00+00:00,55,63.42,2,0,0.3285,3,annual,bank,east
C0002584,2025-11-01 00:00:00+00:00,20,37.68,1,0,-0.3184,0,annual,card,east
C0002637,2025-11-01 00:00:00+00:00,36,57.85,3,0,0.0447,2,two-year,bank,west
C0002682,2025-11-01 00:00:00+00:00,97,86.49,0,0,-0.1716,1,month-to-month,card,south
C0002692,2025-11-01 00:00:00+00:00,12,61.32,3,0,-0.1109,1,month-to-month,card,west
C0002721,2025-11-01 00:00:00+00:00,13,79.33,1,2,-0.3523,1,month-to-month,bank,south
C0002763,2025-11-01 00:00:00+00:00,87,83.57,0,0,0.6817,4,month-to-month,bank,south
C0002791,2025-11-01 00:00:00+00:00,83,40.42,1,0,0.2783,0,month-to-month,bank,west
C0002795,2025-11-01 00:00:00+00:00,83,107.8,2,0,-0.2319,0,annual,bank,east
C0002828,2025-11-01 00:00:00+00:00,93,71.64,2,0,-0.0861,0,month-to-month,card,south
C0002845,2025-11-01 00:00:00+00:00,86,83.89,0,0,-0.1021,1,two-year,check,west
C0002903,2025-11-01 00:00:00+00:00,25,80.6,2,3,0.261,0,month-to-month,card,south
C0000014,2025-12-01 00:00:00+00:00,81,86.38,1,0,0.0713,1,month-to-month,card,south
C0000022,2025-12-01 00:00:00+00:00,114,59.34,0,3,0.0649,0,month-to-month,card,west
C0000097,2025-12-01 00:00:00+00:00,22,50.31,1,0,0.2089,2,month-to-month,card,west
C0000106,2025-12-01 00:00:00+00:00,28,43.05,1,1,0.1192,0,month-to-month,card,north
C0000124,2025-12-01 00:00:00+00:00,97,48.73,2,0,-0.172,2,month-to-month,bank,south
C0000137,2025-12-01 00:00:00+00:00,84,98.35,1,1,-0.346,1,annual,card,east
C0000138,2025-12-01 00:00:00+00:00,72,26.19,0,2,0.5753,2,month-to-month,bank,east
C0000200,2025-12-01 00:00:00+00:00,46,109.99,0,0,0.0584,0,month-to-month,card,east
C0000244,2025-12-01 00:00:00+00:00,49,40.93,1,0,-0.0559,0,month-to-month,card,west
C0000265,2025-12-01 00:00:00+00:00,33,70.46,2,0,0.3014,0,month-to-month,card,north
C0000363,2025-12-01 00:00:00+00:00,53,70.73,0,0,0.1801,2,month-to-month,check,east
C0000368,2025-12-01 00:00:00+00:00,25,72.11,0,0,0.1653,2,annual,bank,north
C0000373,2025-12-01 00:00:00+00:00,98,96.16,0,0,-0.1497,1,month-to-month,check,north
C0000386,2025-12-01 00:00:00+00:00,119,92.01,1,1,0.2311,2,month-to-month,card,south
C0000402,2025-12-01 00:00:00+00:00,110,101.33,1,0,0.1879,1,month-to-month,bank,north
C0000407,2025-12-01 00:00:00+00:00,6,43.05,1,0,-0.1529,0,annual,bank,south
C0000474,2025-12-01 00:00:00+00:00,81,15.0,1,0,-0.1033,3,two-year,card,south
C0000511,2025-12-01 00:00:00+00:00,53,56.57,3,1,-0.107,1,month-to-month,bank,north
C0000547,2025-12-01 00:00:00+00:00,17,62.97,2,0,0.143,1,month-to-month,check,east
C0000573,2025-12-01 00:00:00+00:00,68,63.93,1,0,-0.2343,0,month-to-month,card,north
C0000589,2025-12-01 00:00:00+00:00,117,104.02,0,0,-0.0565,1,annual,check,south
C0000601,2025-12-01 00:00:00+00:00,88,89.39,1,0,-0.0919,0,two-year,check,north
C0000606,2025-12-01 00:00:00+00:00,65,98.87,1,0,0.1786,1,month-to-month,card,north
C0000642,2025-12-01 00:00:00+00:00,13,99.93,0,0,-0.0194,1,month-to-month,bank,north
C0000651,2025-12-01 00:00:00+00:00,71,103.94,2,1,-0.1414,1,month-to-month,card,north
C0000654,2025-12-01 00:00:00+00:00,119,95.91,1,0,-0.0278,0,month-to-month,bank,north
C0000689,2025-12-01 00:00:00+00:00,85,57.07,1,1,-0.1814,0,month-to-month,card,south
C0000703,2025-12-01 00:00:00+00:00,17,44.98,3,0,-0.2625,0,month-to-month,card,west
C0000815,2025-12-01 00:00:00+00:00,71,77.57,1,0,0.0558,1,month-to-month,card,north
C0000819,2025-12-01 00:00:00+00:00,9,81.52,2,1,-0.0338,0,month-to-month,bank,east
C0000854,2025-12-01 00:00:00+00:00,109,79.34,1,0,0.1297,0,month-to-month,bank,west
C0000862,2025-12-01 00:00:00+00:00,60,98.95,0,0,0.3241,0,month-to-month,bank,east
C0000915,2025-12-01 00:00:00+00:00,84,84.32,2,1,0.0387,0,annual,bank,east
C0001002,2025-12-01 00:00:00+00:00,112,62.93,0,2,-0.3427,1,month-to-month,bank,west
C0001030,2025-12-01 00:00:00+00:00,70,35.94,1,2,0.2339,1,month-to-month,card,west
C0001061,2025-12-01 00:00:00+00:00,90,18.04,3,1,0.0182,1,month-to-month,bank,north
C0001077,2025-12-01 00:00:00+00:00,26,52.66,1,0,-0.0781,2,month-to-month,bank,east
C0001127,2025-12-01 00:00:00+00:00,79,86.76,1,0,0.2109,1,month-to-month,bank,south
C0001234,2025-12-01 00:00:00+00:00,101,85.58,2,0,0.054,1,month-to-month,card,south
C0001241,2025-12-01 00:00:00+00:00,35,80.27,1,0,0.1826,2,two-year,bank,west
C0001249,2025-12-01 00:00:00+00:00,56,114.57,2,0,0.1871,2,month-to-month,card,north
C0001348,2025-12-01 00:00:00+00:00,107,89.8,0,1,-0.2782,1,month-to-month,card,east
C0001389,2025-12-01 00:00:00+00:00,49,46.04,1,0,0.0125,3,annual,card,west
C0001397,2025-12-01 00:00:00+00:00,101,109.35,1,0,-0.0005,2,month-to-month,card,east
C0001440,2025-12-01 00:00:00+00:00,89,64.26,5,1,0.1041,1,annual,check,south
C0001455,2025-12-01 00:00:00+00:00,53,28.32,5,1,-0.1622,0,month-to-month,card,west
C0001460,2025-12-01 00:00:00+00:00,4,89.84,0,1,-0.2571,2,annual,bank,west
C0001485,2025-12-01 00:00:00+00:00,42,61.6,1,0,-0.0272,0,month-to-month,check,east
C0001504,2025-12-01 00:00:00+00:00,73,65.17,3,0,0.279,2,annual,check,south
C0001543,2025-12-01 00:00:00+00:00,119,70.96,2,4,-0.165,1,two-year,card,east
C0001553,2025-12-01 00:00:00+00:00,45,52.65,2,0,-0.2427,1,annual,bank,south
C0001591,2025-12-01 00:00:00+00:00,45,57.58,0,2,0.3859,0,month-to-month,bank,north
C0001610,2025-12-01 00:00:00+00:00,32,60.12,2,0,-0.0616,0,two-year,card,south
C0001613,2025-12-01 00:00:00+00:00,78,59.62,1,0,-0.0319,2,two-year,card,west
C0001643,2025-12-01 00:00:00+00:00,10,93.73,0,0,-0.2554,1,annual,card,north
C0001700,2025-12-01 00:00:00+00:00,28,56.29,1,0,0.1827,1,month-to-month,card,west
C0001710,2025-12-01 00:00:00+00:00,108,61.27,0,0,0.1625,0,two-year,check,east
C0001715,2025-12-01 00:00:00+00:00,85,51.26,1,0,0.0779,1,annual,bank,south
C0001729,2025-12-01 00:00:00+00:00,23,86.43,1,0,-0.177,2,annual,card,south
C0001764,2025-12-01 00:00:00+00:00,59,48.46,0,0,-0.0999,1,month-to-month,bank,east
C0001777,2025-12-01 00:00:00+00:00,74,79.2,3,0,-0.1354,2,month-to-month,bank,south
C0001789,2025-12-01 00:00:00+00:00,85,82.51,0,0,-0.1829,0,annual,check,east
C0001816,2025-12-01 00:00:00+00:00,49,67.76,2,0,-0.0633,0,annual,bank,east
C0001842,2025-12-01 00:00:00+00:00,13,87.63,2,0,-0.2513,3,month-to-month,card,west
C0001866,2025-12-01 00:00:00+00:00,105,49.89,0,0,-0.3159,2,month-to-month,bank,west
C0001875,2025-12-01 00:00:00+00:00,47,59.59,0,0,-0.2354,2,annual,card,north
C0001913,2025-12-01 00:00:00+00:00,3,82.84,1,0,-0.4706,4,month-to-month,bank,north
C0001931,2025-12-01 00:00:00+00:00,33,102.01,1,1,0.3204,4,two-year,check,south
C0001954,2025-12-01 00:00:00+00:00,64,66.56,1,0,0.0542,1,month-to-month,check,north
C0001960,2025-12-01 00:00:00+00:00,101,39.77,1,0,-0.2463,1,month-to-month,bank,south
C0001972,2025-12-01 00:00:00+00:00,56,69.91,1,0,-0.2091,1,month-to-month,bank,north
C0001987,2025-12-01 00:00:00+00:00,119,64.4,3,1,0.0054,1,annual,bank,south
C0002021,2025-12-01 00:00:00+00:00,14,34.12,2,1,0.0144,2,month-to-month,bank,east
C0002058,2025-12-01 00:00:00+00:00,114,40.71,1,0,0.081,1,annual,card,east
C0002070,2025-12-01 00:00:00+00:00,108,69.88,3,1,0.4565,2,month-to-month,bank,west
C0002086,2025-12-01 00:00:00+00:00,111,77.92,1,0,-0.1057,3,two-year,bank,east
C0002102,2025-12-01 00:00:00+00:00,59,82.52,1,0,-0.1312,0,month-to-month,card,east
C0002156,2025-12-01 00:00:00+00:00,72,67.64,2,0,-0.3962,3,two-year,check,west
C0002170,2025-12-01 00:00:00+00:00,17,78.67,0,0,-0.1982,0,month-to-month,card,north
C0002172,2025-12-01 00:00:00+00:00,5,42.57,4,0,-0.0099,2,annual,bank,east
C0002218,2025-12-01 00:00:00+00:00,89,103.46,2,0,-0.297,1,month-to-month,card,east
C0002229,2025-12-01 00:00:00+00:00,7,69.89,1,2,-0.0153,1,two-year,bank,north
C0002234,2025-12-01 00:00:00+00:00,72,61.89,3,0,0.0904,2,month-to-month,card,east
C0002260,2025-12-01 00:00:00+00:00,63,33.4,1,0,0.1229,1,month-to-month,card,north
C0002276,2025-12-01 00:00:00+00:00,30,31.76,0,0,-0.5281,2,month-to-month,bank,west
C0002289,2025-12-01 00:00:00+00:00,67,70.08,2,0,0.1065,1,month-to-month,bank,east
C0002346,2025-12-01 00:00:00+00:00,48,93.46,0,0,-0.011,0,month-to-month,bank,east
C0002348,2025-12-01 00:00:00+00:00,40,58.51,1,0,-0.294,1,two-year,check,north
C0002363,2025-12-01 00:00:00+00:00,19,115.11,2,0,0.0983,0,annual,card,south
C0002392,2025-12-01 00:00:00+00:00,111,92.34,1,0,0.2687,1,annual,bank,north
C0002394,2025-12-01 00:00:00+00:00,3,113.54,1,0,-0.0431,0,month-to-month,check,east
C0002415,2025-12-01 00:00:00+00:00,51,52.26,1,0,-0.4522,1,annual,card,east
C0002416,2025-12-01 00:00:00+00:00,116,96.43,1,1,-0.1826,0,month-to-month,check,east
C0002434,2025-12-01 00:00:00+00:00,22,40.44,2,1,-0.3292,1,month-to-month,bank,north
C0002453,2025-12-01 00:00:00+00:00,78,76.89,2,0,0.1733,1,two-year,check,south
C0002462,2025-12-01 00:00:00+00:00,102,79.95,3,0,-0.0646,0,month-to-month,card,north
C0002499,2025-12-01 00:00:00+00:00,4,52.61,1,1,0.3087,2,month-to-month,check,north
C0002556,2025-12-01 00:00:00+00:00,64,87.98,1,0,0.3365,3,month-to-month,bank,east
C0002647,2025-12-01 00:00:00+00:00,88,122.73,0,0,0.1246,1,month-to-month,card,west
C0002668,2025-12-01 00:00:00+00:00,23,84.84,0,2,-0.0742,1,month-to-month,bank,east
C0002726,2025-12-01 00:00:00+00:00,77,117.52,0,1,-0.3963,0,month-to-month,card,east
C0002755,2025-12-01 00:00:00+00:00,120,50.39,1,1,-0.0839,0,two-year,bank,south
C0002756,2025-12-01 00:00:00+00:00,101,119.48,0,0,0.0367,2,annual,card,east
C0002805,2025-12-01 00:00:00+00:00,98,48.01,3,0,0.0332,2,month-to-month,card,north
C0002830,2025-12-01 00:00:00+00:00,60,81.16,1,1,0.167,3,annual,card,east
C0002894,2025-12-01 00:00:00+00:00,69,106.69,1,0,-0.443,3,annual,check,south
C0002925,2025-12-01 00:00:00+00:00,12,76.68,1,0,0.1696,0,month-to-month,bank,west
C0002926,2025-12-01 00:00:00+00:00,107,84.78,0,0,0.1951,2,two-year,check,east
C0000027,2026-01-01 00:00:00+00:00,55,26.89,0,0,-0.0261,1,month-to-month,card,west
C0000122,2026-01-01 00:00:00+00:00,24,129.88,2,0,0.0102,0,month-to-month,card,west
C0000145,2026-01-01 00:00:00+00:00,26,71.86,2,1,0.0549,1,annual,check,west
C0000198,2026-01-01 00:00:00+00:00,32,45.24,4,0,0.0345,0,month-to-month,bank,west
C0000209,2026-01-01 00:00:00+00:00,18,84.64,1,0,-0.0701,1,month-to-month,card,west
C0000246,2026-01-01 00:00:00+00:00,30,76.34,1,0,-0.2267,0,month-to-month,card,south
C0000298,2026-01-01 00:00:00+00:00,81,70.38,4,1,0.3386,2,month-to-month,card,south
C0000319,2026-01-01 00:00:00+00:00,30,73.19,1,0,-0.0157,0,two-year,card,south
C0000401,2026-01-01 00:00:00+00:00,22,120.37,1,0,0.2365,2,month-to-month,card,east
C0000409,2026-01-01 00:00:00+00:00,109,111.03,0,0,-0.0812,0,month-to-month,card,south
C0000411,2026-01-01 00:00:00+00:00,34,90.01,0,1,0.147,1,annual,card,east
C0000481,2026-01-01 00:00:00+00:00,120,56.77,2,0,-0.2277,2,month-to-month,card,north
C0000532,2026-01-01 00:00:00+00:00,65,77.62,2,1,0.1675,1,month-to-month,card,east
C0000546,2026-01-01 00:00:00+00:00,90,86.92,1,0,0.1409,1,annual,bank,west
C0000561,2026-01-01 00:00:00+00:00,20,82.63,0,0,0.2379,0,annual,card,south
C0000579,2026-01-01 00:00:00+00:00,28,86.06,1,0,0.1962,1,month-to-month,card,north
C0000690,2026-01-01 00:00:00+00:00,37,52.63,1,0,0.0175,1,month-to-month,check,south
C0000692,2026-01-01 00:00:00+00:00,85,85.33,2,0,-0.3345,1,month-to-month,bank,west
C0000700,2026-01-01 00:00:00+00:00,38,94.72,2,0,-0.2769,0,annual,card,west
C0000725,2026-01-01 00:00:00+00:00,58,60.62,1,1,-0.0394,1,annual,card,east
C0000781,2026-01-01 00:00:00+00:00,84,94.18,2,1,-0.0019,1,two-year,bank,east
C0000833,2026-01-01 00:00:00+00:00,30,69.28,1,0,-0.0537,1,month-to-month,card,west
C0000888,2026-01-01 00:00:00+00:00,110,68.37,0,0,0.149,2,month-to-month,bank,east
C0000893,2026-01-01 00:00:00+00:00,18,87.84,3,0,-0.5262,1,month-to-month,card,west
C0000894,2026-01-01 00:00:00+00:00,58,56.76,1,0,0.2438,1,month-to-month,check,west
C0000950,2026-01-01 00:00:00+00:00,118,76.89,0,0,0.3977,2,month-to-month,card,south
C0000985,2026-01-01 00:00:00+00:00,67,133.93,0,1,-0.0647,0,month-to-month,bank,south
C0001010,2026-01-01 00:00:00+00:00,20,109.01,0,1,-0.0474,2,month-to-month,card,north
C0001064,2026-01-01 00:00:00+00:00,65,60.68,2,0,-0.3874,1,month-to-month,card,east
C0001069,2026-01-01 00:00:00+00:00,23,118.22,4,0,0.068,0,month-to-month,card,west
C0001085,2026-01-01 00:00:00+00:00,44,112.4,3,0,0.348,2,month-to-month,bank,east
C0001089,2026-01-01 00:00:00+00:00,65,85.08,2,0,-0.1556,0,annual,bank,west
C0001193,2026-01-01 00:00:00+00:00,42,54.06,3,1,-0.0538,2,annual,card,north
C0001203,2026-01-01 00:00:00+00:00,66,80.67,2,1,-0.1914,1,month-to-month,bank,west
C0001244,2026-01-01 00:00:00+00:00,33,120.22,2,0,0.2126,0,annual,bank,south
C0001255,2026-01-01 00:00:00+00:00,87,50.86,0,0,-0.3991,1,annual,bank,east
C0001286,2026-01-01 00:00:00+00:00,2,23.66,2,1,-0.2321,1,month-to-month,card,east
C0001345,2026-01-01 00:00:00+00:00,30,104.34,0,1,-0.0878,1,annual,card,east
C0001364,2026-01-01 00:00:00+00:00,37,87.58,0,0,0.1975,0,month-to-month,card,north
C0001365,2026-01-01 00:00:00+00:00,29,69.49,3,0,-0.0699,0,two-year,card,south
C0001370,2026-01-01 00:00:00+00:00,94,27.36,4,1,0.0968,2,month-to-month,card,south
C0001385,2026-01-01 00:00:00+00:00,116,35.63,4,0,-0.0333,1,month-to-month,check,east
C0001393,2026-01-01 00:00:00+00:00,3,106.33,0,1,-0.293,4,month-to-month,bank,north
C0001449,2026-01-01 00:00:00+00:00,15,34.65,0,1,-0.2304,1,annual,card,east
C0001450,2026-01-01 00:00:00+00:00,25,62.68,2,0,0.3692,0,annual,card,north
C0001519,2026-01-01 00:00:00+00:00,9,109.25,1,0,-0.1578,2,annual,bank,south
C0001544,2026-01-01 00:00:00+00:00,73,92.39,2,1,-0.0313,3,month-to-month,check,north
C0001557,2026-01-01 00:00:00+00:00,110,90.04,2,0,-0.064,0,month-to-month,card,south
C0001588,2026-01-01 00:00:00+00:00,46,66.99,2,0,0.2167,3,month-to-month,card,north
C0001601,2026-01-01 00:00:00+00:00,22,76.93,1,1,-0.5755,0,month-to-month,bank,east
C0001633,2026-01-01 00:00:00+00:00,61,111.85,0,0,-0.1625,1,month-to-month,bank,east
C0001647,2026-01-01 00:00:00+00:00,7,74.72,1,0,0.1193,0,month-to-month,card,south
C0001680,2026-01-01 00:00:00+00:00,18,88.98,1,0,0.082,0,annual,card,north
C0001682,2026-01-01 00:00:00+00:00,117,64.95,0,0,0.232,1,annual,card,west
C0001686,2026-01-01 00:00:00+00:00,57,133.85,3,0,-0.1811,2,month-to-month,card,east
C0001712,2026-01-01 00:00:00+00:00,85,64.92,1,0,0.2297,1,month-to-month,card,east
C0001718,2026-01-01 00:00:00+00:00,65,111.74,3,1,-0.0058,2,two-year,check,west
C0001733,2026-01-01 00:00:00+00:00,20,90.31,0,1,-0.2396,0,two-year,bank,west
C0001741,2026-01-01 00:00:00+00:00,64,92.05,2,0,-0.0717,1,two-year,card,north
C0001746,2026-01-01 00:00:00+00:00,30,73.3,1,1,0.2626,3,month-to-month,bank,west
C0001755,2026-01-01 00:00:00+00:00,92,71.3,3,0,-0.3761,1,annual,bank,east
C0001767,2026-01-01 00:00:00+00:00,95,92.3,2,1,-0.141,0,two-year,card,south
C0001799,2026-01-01 00:00:00+00:00,57,98.83,4,0,-0.045,1,month-to-month,bank,west
C0001832,2026-01-01 00:00:00+00:00,31,15.0,1,0,-0.4617,0,annual,card,east
C0001894,2026-01-01 00:00:00+00:00,19,76.33,4,1,-0.4137,1,month-to-month,bank,north
C0001914,2026-01-01 00:00:00+00:00,75,68.94,4,1,-0.2579,1,two-year,check,north
C0001921,2026-01-01 00:00:00+00:00,83,40.21,2,1,-0.0621,0,month-to-month,card,west
C0001926,2026-01-01 00:00:00+00:00,55,17.96,0,2,0.1939,1,month-to-month,bank,north
C0001932,2026-01-01 00:00:00+00:00,3,82.13,2,1,-0.3295,1,month-to-month,bank,east
C0001990,2026-01-01 00:00:00+00:00,82,77.98,0,1,0.026,1,annual,card,east
C0002026,2026-01-01 00:00:00+00:00,118,107.51,1,0,0.0231,5,annual,bank,east
C0002064,2026-01-01 00:00:00+00:00,24,76.06,1,0,0.2797,4,month-to-month,card,east
C0002087,2026-01-01 00:00:00+00:00,100,75.28,0,0,-0.0408,3,month-to-month,card,west
C0002179,2026-01-01 00:00:00+00:00,24,110.55,1,0,0.0451,2,month-to-month,check,north
C0002184,2026-01-01 00:00:00+00:00,74,64.92,1,0,-0.0805,1,two-year,card,south
C0002188,2026-01-01 00:00:00+00:00,9,70.22,2,0,0.2721,2,month-to-month,card,west
C0002203,2026-01-01 00:00:00+00:00,82,36.44,1,1,0.1998,1,month-to-month,bank,north
C0002209,2026-01-01 00:00:00+00:00,90,56.16,0,0,-0.066,2,month-to-month,check,west
C0002222,2026-01-01 00:00:00+00:00,29,72.24,1,0,0.1712,0,annual,card,west
C0002314,2026-01-01 00:00:00+00:00,68,86.0,4,0,0.0342,0,month-to-month,bank,north
C0002375,2026-01-01 00:00:00+00:00,95,84.71,2,1,-0.0942,0,month-to-month,bank,north
C0002445,2026-01-01 00:00:00+00:00,102,73.51,1,0,0.1716,2,month-to-month,bank,east
C0002457,2026-01-01 00:00:00+00:00,25,90.85,0,0,0.328,0,month-to-month,card,north
C0002467,2026-01-01 00:00:00+00:00,7,88.35,2,1,0.1149,2,month-to-month,card,south
C0002481,2026-01-01 00:00:00+00:00,53,106.25,0,0,0.1925,3,month-to-month,bank,west
C0002565,2026-01-01 00:00:00+00:00,78,73.86,4,0,-0.1562,2,month-to-month,card,south
C0002569,2026-01-01 00:00:00+00:00,40,96.03,2,0,-0.1918,0,month-to-month,card,east
C0002595,2026-01-01 00:00:00+00:00,100,53.5,2,1,0.2148,0,annual,card,south
C0002719,2026-01-01 00:00:00+00:00,120,114.42,0,2,-0.1005,2,annual,card,west
C0002743,2026-01-01 00:00:00+00:00,47,77.99,2,0,-0.0274,2,month-to-month,check,north
C0002838,2026-01-01 00:00:00+00:00,32,58.33,2,0,0.3547,2,annual,bank,east
C0002874,2026-01-01 00:00:00+00:00,27,48.53,1,0,-0.0488,0,month-to-month,card,east
C0002936,2026-01-01 00:00:00+00:00,37,100.1,0,0,-0.0997,1,month-to-month,bank,west
C0002940,2026-01-01 00:00:00+00:00,65,15.0,0,1,0.0973,1,two-year,card,west
C0002981,2026-01-01 00:00:00+00:00,39,80.12,0,0,0.2344,1,month-to-month,card,east
C0000011,2026-02-01 00:00:00+00:00,8,77.61,2,0,0.0677,5,annual,card,east
C0000065,2026-02-01 00:00:00+00:00,90,114.99,2,1,-0.2879,0,month-to-month,bank,south
C0000072,2026-02-01 00:00:00+00:00,83,29.17,3,0,0.2362,2,two-year,check,east
C0000112,2026-02-01 00:00:00+00:00,20,100.02,1,1,-0.0351,0,month-to-month,card,south
C0000116,2026-02-01 00:00:00+00:00,4,104.38,0,1,0.124,2,month-to-month,bank,west
C0000119,2026-02-01 00:00:00+00:00,16,70.71,1,0,0.0211,1,month-to-month,bank,east
C0000187,2026-02-01 00:00:00+00:00,89,86.17,2,0,0.1361,0,month-to-month,card,east
C0000194,2026-02-01 00:00:00+00:00,76,102.37,0,0,-0.0767,1,month-to-month,bank,east
C0000204,2026-02-01 00:00:00+00:00,49,71.26,1,0,0.1065,1,annual,card,south
C0000313,2026-02-01 00:00:00+00:00,15,83.02,1,0,0.0121,1,month-to-month,bank,west
C0000327,2026-02-01 00:00:00+00:00,2,89.12,1,0,-0.1633,0,annual,bank,east
C0000357,2026-02-01 00:00:00+00:00,22,102.73,2,0,0.0202,1,month-to-month,card,west
C0000370,2026-02-01 00:00:00+00:00,13,105.86,0,1,-0.1173,0,two-year,check,south
C0000438,2026-02-01 00:00:00+00:00,43,66.84,2,0,-0.1777,3,month-to-month,bank,east
C0000527,2026-02-01 00:00:00+00:00,16,71.21,5,0,0.1624,1,month-to-month,card,east
C0000530,2026-02-01 00:00:00+00:00,25,113.67,0,0,-0.0305,0,month-to-month,card,south
C0000572,2026-02-01 00:00:00+00:00,74,57.44,2,0,0.1931,1,annual,check,west
C0000590,2026-02-01 00:00:00+00:00,45,58.85,0,2,-0.7817,1,month-to-month,bank,west
C0000634,2026-02-01 00:00:00+00:00,55,93.48,0,0,0.0383,2,annual,bank,east
C0000662,2026-02-01 00:00:00+00:00,90,42.06,0,0,-0.4685,1,annual,card,west
C0000684,2026-02-01 00:00:00+00:00,64,66.31,2,0,-0.1052,2,month-to-month,card,east
C0000699,2026-02-01 00:00:00+00:00,77,78.45,4,0,-0.0102,0,month-to-month,check,north
C0000702,2026-02-01 00:00:00+00:00,11,64.35,0,0,-0.0939,1,month-to-month,card,west
C0000727,2026-02-01 00:00:00+00:00,9,64.4,1,1,-0.0666,1,two-year,bank,west
C0000756,2026-02-01 00:00:00+00:00,112,98.15,1,0,0.1408,0,month-to-month,card,east
C0000847,2026-02-01 00:00:00+00:00,26,62.73,1,0,-0.0923,0,annual,bank,north
C0000873,2026-02-01 00:00:00+00:00,40,75.16,2,1,-0.2778,0,annual,card,west
C0000885,2026-02-01 00:00:00+00:00,28,88.22,3,0,0.4022,1,two-year,bank,east
C0000924,2026-02-01 00:00:00+00:00,20,76.69,0,0,-0.0967,0,month-to-month,bank,east
C0000944,2026-02-01 00:00:00+00:00,77,83.84,2,0,0.1059,1,month-to-month,card,west
C0000991,2026-02-01 00:00:00+00:00,88,59.69,1,0,0.1718,2,annual,check,east
C0001019,2026-02-01 00:00:00+00:00,99,72.02,1,0,-0.0233,1,month-to-month,bank,west
C0001074,2026-02-01 00:00:00+00:00,110,35.3,1,0,-0.0904,1,month-to-month,card,north
C0001144,2026-02-01 00:00:00+00:00,15,46.88,0,0,-0.2876,1,two-year,bank,west
C0001200,2026-02-01 00:00:00+00:00,108,79.1,2,0,0.1361,2,month-to-month,card,north
C0001209,2026-02-01 00:00:00+00:00,29,92.37,1,0,-0.2413,1,month-to-month,bank,south
C0001225,2026-02-01 00:00:00+00:00,96,79.8,1,0,0.0853,0,month-to-month,card,north
C0001228,2026-02-01 00:00:00+00:00,6,83.22,1,0,0.2907,0,annual,bank,south
C0001235,2026-02-01 00:00:00+00:00,44,44.32,4,0,0.0678,3,annual,bank,east
C0001243,2026-02-01 00:00:00+00:00,42,37.46,2,0,-0.1249,1,month-to-month,card,east
C0001258,2026-02-01 00:00:00+00:00,118,69.23,1,0,0.1821,2,month-to-month,bank,east
C0001281,2026-02-01 00:00:00+00:00,39,99.17,1,1,-0.0634,0,month-to-month,card,west
C0001297,2026-02-01 00:00:00+00:00,103,101.1,1,0,-0.0787,0,month-to-month,bank,west
C0001362,2026-02-01 00:00:00+00:00,92,105.92,0,0,-0.0314,1,month-to-month,bank,west
C0001371,2026-02-01 00:00:00+00:00,68,80.88,0,0,-0.5784,0,month-to-month,card,south
C0001433,2026-02-01 00:00:00+00:00,95,82.6,0,0,0.0441,1,month-to-month,bank,west
C0001436,2026-02-01 00:00:00+00:00,19,24.59,4,0,0.5002,0,month-to-month,bank,north
C0001451,2026-02-01 00:00:00+00:00,112,58.38,3,1,0.0186,0,month-to-month,card,south
C0001481,2026-02-01 00:00:00+00:00,114,22.54,2,0,-0.0662,4,month-to-month,bank,west
C0001512,2026-02-01 00:00:00+00:00,120,99.77,1,1,-0.1752,2,month-to-month,check,north
C0001513,2026-02-01 00:00:00+00:00,15,54.84,0,1,-0.0294,0,month-to-month,bank,east
C0001571,2026-02-01 00:00:00+00:00,99,48.43,1,0,-0.0153,0,annual,check,west
C0001595,2026-02-01 00:00:00+00:00,90,96.38,2,0,-0.3467,1,month-to-month,bank,north
C0001605,2026-02-01 00:00:00+00:00,72,86.79,1,0,0.1606,2,month-to-month,bank,east
C0001612,2026-02-01 00:00:00+00:00,58,79.13,1,0,0.0297,1,two-year,card,north
C0001632,2026-02-01 00:00:00+00:00,81,99.78,4,0,0.4459,0,month-to-month,bank,west
C0001635,2026-02-01 00:00:00+00:00,65,68.25,1,0,-0.4537,1,two-year,bank,west
C0001666,2026-02-01 00:00:00+00:00,83,63.19,0,0,0.0873,3,month-to-month,bank,east
C0001736,2026-02-01 00:00:00+00:00,75,75.46,3,1,0.3853,1,annual,check,east
C0001742,2026-02-01 00:00:00+00:00,2,57.72,1,0,0.0551,1,month-to-month,bank,north
C0001776,2026-02-01 00:00:00+00:00,78,80.54,0,0,-0.6085,0,month-to-month,bank,east
C0001791,2026-02-01 00:00:00+00:00,19,42.53,2,0,-0.4537,3,annual,bank,east
C0001792,2026-02-01 00:00:00+00:00,55,81.38,1,0,0.2396,0,two-year,card,east
C0001825,2026-02-01 00:00:00+00:00,63,62.33,1,1,-0.0812,0,month-to-month,bank,west
C0001839,2026-02-01 00:00:00+00:00,38,105.21,0,0,-0.2325,1,annual,card,west
C0001943,2026-02-01 00:00:00+00:00,84,88.31,2,0,0.0179,1,annual,card,west
C0001971,2026-02-01 00:00:00+00:00,28,89.51,0,0,-0.1414,0,annual,card,north
C0001985,2026-02-01 00:00:00+00:00,47,48.44,1,0,-0.2972,1,month-to-month,card,south
C0002001,2026-02-01 00:00:00+00:00,39,63.3,1,1,-0.0053,1,month-to-month,card,west
C0002038,2026-02-01 00:00:00+00:00,85,66.38,3,0,0.3554,0,month-to-month,card,west
C0002071,2026-02-01 00:00:00+00:00,74,107.78,1,0,0.6855,2,month-to-month,card,east
C0002074,2026-02-01 00:00:00+00:00,27,94.15,2,0,0.0794,1,month-to-month,card,north
C0002127,2026-02-01 00:00:00+00:00,72,52.37,0,1,-0.199,4,annual,bank,north
C0002150,2026-02-01 00:00:00+00:00,46,85.19,1,1,0.2285,0,month-to-month,card,south
C0002224,2026-02-01 00:00:00+00:00,18,102.42,1,0,-0.2309,0,annual,card,north
C0002244,2026-02-01 00:00:00+00:00,2,110.45,0,0,-0.0592,1,two-year,bank,north
C0002250,2026-02-01 00:00:00+00:00,31,88.83,0,0,0.1447,0,two-year,bank,south
C0002267,2026-02-01 00:00:00+00:00,59,87.25,1,0,-0.4322,0,two-year,bank,east
C0002300,2026-02-01 00:00:00+00:00,31,72.67,1,0,-0.2856,1,month-to-month,card,east
C0002302,2026-02-01 00:00:00+00:00,85,58.51,2,0,0.313,1,annual,card,south
C0002308,2026-02-01 00:00:00+00:00,33,89.15,2,0,-0.3067,1,month-to-month,bank,west
C0002353,2026-02-01 00:00:00+00:00,39,38.67,0,0,0.2409,2,month-to-month,card,south
C0002372,2026-02-01 00:00:00+00:00,76,67.98,1,2,-0.1023,2,annual,card,south
C0002384,2026-02-01 00:00:00+00:00,90,75.73,2,0,0.0514,1,month-to-month,bank,north
C0002391,2026-02-01 00:00:00+00:00,82,37.61,0,0,-0.2522,0,month-to-month,card,north
C0002476,2026-02-01 00:00:00+00:00,20,67.23,2,0,0.1502,1,month-to-month,card,north
C0002533,2026-02-01 00:00:00+00:00,30,50.89,2,1,-0.2888,0,month-to-month,bank,north
C0002537,2026-02-01 00:00:00+00:00,40,72.63,2,1,-0.4971,1,two-year,check,west
C0002540,2026-02-01 00:00:00+00:00,27,50.62,1,0,0.4972,0,annual,bank,north
C0002598,2026-02-01 00:00:00+00:00,23,58.98,1,0,0.1334,1,annual,check,north
C0002638,2026-02-01 00:00:00+00:00,61,86.7,0,0,0.0445,0,month-to-month,card,north
C0002672,2026-02-01 00:00:00+00:00,117,84.55,1,2,-0.3026,1,month-to-month,bank,north
C0002678,2026-02-01 00:00:00+00:00,113,114.78,0,2,0.1005,0,month-to-month,bank,east
C0002690,2026-02-01 00:00:00+00:00,1,82.82,1,0,0.2056,0,month-to-month,check,north
C0002711,2026-02-01 00:00:00+00:00,39,47.83,0,0,-0.1333,0,month-to-month,bank,north
C0002717,2026-02-01 00:00:00+00:00,4,54.51,1,0,-0.0828,0,annual,check,north
C0002762,2026-02-01 00:00:00+00:00,13,74.08,0,0,0.0334,0,month-to-month,bank,east
C0002799,2026-02-01 00:00:00+00:00,50,104.44,1,0,-0.2789,4,month-to-month,card,south
C0002856,2026-02-01 00:00:00+00:00,23,78.82,2,0,-0.1383,0,annual,card,south
C0002929,2026-02-01 00:00:00+00:00,88,57.49,2,0,-0.0398,3,annual,bank,south
C0002987,2026-02-01 00:00:00+00:00,111,87.44,0,0,-0.0255,2,annual,bank,south
C0002999,2026-02-01 00:00:00+00:00,104,63.74,2,0,-0.1569,0,annual,card,south
C0000010,2026-03-01 00:00:00+00:00,56,94.44,3,0,0.2921,0,month-to-month,card,south
C0000031,2026-03-01 00:00:00+00:00,27,141.53,3,0,-0.0258,1,month-to-month,bank,north
C0000046,2026-03-01 00:00:00+00:00,15,45.64,1,0,-0.3304,1,month-to-month,bank,east
C0000201,2026-03-01 00:00:00+00:00,94,116.32,1,2,0.0974,1,two-year,card,east
C0000226,2026-03-01 00:00:00+00:00,88,30.55,1,0,-0.2611,0,month-to-month,bank,south
C0000255,2026-03-01 00:00:00+00:00,68,23.95,1,0,-0.1822,0,annual,bank,north
C0000275,2026-03-01 00:00:00+00:00,64,50.43,0,0,0.0455,2,month-to-month,check,west
C0000464,2026-03-01 00:00:00+00:00,60,42.2,1,0,-0.1127,1,annual,bank,north
C0000496,2026-03-01 00:00:00+00:00,25,80.86,0,0,-0.0993,0,month-to-month,card,east
C0000623,2026-03-01 00:00:00+00:00,81,78.36,0,0,0.3005,0,month-to-month,card,west
C0000641,2026-03-01 00:00:00+00:00,83,84.76,1,0,0.2884,0,month-to-month,card,west
C0000643,2026-03-01 00:00:00+00:00,37,105.94,2,1,-0.0491,1,annual,bank,south
C0000659,2026-03-01 00:00:00+00:00,5,36.49,1,0,-0.3112,2,annual,bank,west
C0000670,2026-03-01 00:00:00+00:00,25,43.57,1,0,0.3049,0,annual,bank,east
C0000673,2026-03-01 00:00:00+00:00,57,94.97,5,1,0.2878,0,annual,card,north
C0000726,2026-03-01 00:00:00+00:00,3,77.98,1,0,-0.2099,0,month-to-month,card,south
C0000745,2026-03-01 00:00:00+00:00,11,24.46,1,0,0.3274,0,month-to-month,bank,west
C0000795,2026-03-01 00:00:00+00:00,58,85.79,0,1,-0.0231,2,month-to-month,check,west
C0000844,2026-03-01 00:00:00+00:00,54,27.5,1,1,-0.124,0,annual,bank,north
C0000921,2026-03-01 00:00:00+00:00,117,26.61,0,0,-0.1964,0,month-to-month,card,east
C0000951,2026-03-01 00:00:00+00:00,109,79.61,0,1,0.0966,3,month-to-month,bank,east
C0000953,2026-03-01 00:00:00+00:00,117,47.07,3,0,-0.3938,1,two-year,bank,west
C0000959,2026-03-01 00:00:00+00:00,22,45.59,3,1,0.3523,1,month-to-month,check,south
C0000968,2026-03-01 00:00:00+00:00,33,52.38,1,1,-0.0429,1,annual,bank,west
C0000977,2026-03-01 00:00:00+00:00,29,105.15,3,1,-0.3045,1,two-year,card,north
C0000989,2026-03-01 00:00:00+00:00,37,25.83,0,0,-0.0879,2,two-year,card,south
C0001042,2026-03-01 00:00:00+00:00,19,92.95,1,0,-0.2888,0,month-to-month,bank,south
C0001107,2026-03-01 00:00:00+00:00,56,60.93,1,1,-0.2306,0,annual,bank,south
C0001128,2026-03-01 00:00:00+00:00,52,101.33,1,0,-0.2157,3,two-year,bank,north
C0001190,2026-03-01 00:00:00+00:00,117,119.3,1,0,-0.0658,2,month-to-month,card,south
C0001245,2026-03-01 00:00:00+00:00,100,97.28,1,0,-0.5061,2,month-to-month,card,west
C0001301,2026-03-01 00:00:00+00:00,69,65.22,0,0,-0.1714,0,two-year,bank,north
C0001306,2026-03-01 00:00:00+00:00,14,32.36,4,0,0.1356,1,month-to-month,bank,north
C0001330,2026-03-01 00:00:00+00:00,86,115.13,1,0,-0.3557,2,annual,card,north
C0001340,2026-03-01 00:00:00+00:00,113,55.22,2,0,0.0209,2,annual,check,north
C0001343,2026-03-01 00:00:00+00:00,91,95.53,1,2,-0.3079,3,month-to-month,bank,south
C0001391,2026-03-01 00:00:00+00:00,101,59.64,1,1,-0.2074,0,month-to-month,check,west
C0001406,2026-03-01 00:00:00+00:00,30,70.32,2,0,-0.3338,3,month-to-month,check,north
C0001493,2026-03-01 00:00:00+00:00,71,123.97,1,0,-0.441,0,two-year,card,east
C0001515,2026-03-01 00:00:00+00:00,50,41.18,2,0,-0.3345,1,two-year,check,south
C0001568,2026-03-01 00:00:00+00:00,85,100.72,1,0,0.3904,0,month-to-month,bank,north
C0001573,2026-03-01 00:00:00+00:00,82,108.18,0,0,-0.1132,1,month-to-month,bank,west
C0001623,2026-03-01 00:00:00+00:00,66,72.69,0,0,-0.1013,0,month-to-month,card,west
C0001670,2026-03-01 00:00:00+00:00,54,94.47,0,0,-0.7065,1,annual,bank,south
C0001672,2026-03-01 00:00:00+00:00,47,68.44,4,0,-0.1025,0,annual,bank,west
C0001697,2026-03-01 00:00:00+00:00,43,91.27,1,0,0.4704,0,month-to-month,bank,south
C0001750,2026-03-01 00:00:00+00:00,101,56.49,0,0,-0.3269,1,month-to-month,bank,west
C0001768,2026-03-01 00:00:00+00:00,79,56.51,3,2,0.0195,1,annual,check,south
C0001774,2026-03-01 00:00:00+00:00,100,124.76,0,0,-0.1938,0,month-to-month,card,north
C0001860,2026-03-01 00:00:00+00:00,55,100.19,3,0,0.2208,2,annual,card,south
C0001945,2026-03-01 00:00:00+00:00,45,67.22,2,0,-0.0951,1,annual,bank,west
C0001993,2026-03-01 00:00:00+00:00,32,91.51,2,0,0.0554,0,month-to-month,check,north
C0002017,2026-03-01 00:00:00+00:00,17,71.49,1,0,-0.0086,1,annual,bank,north
C0002043,2026-03-01 00:00:00+00:00,52,75.17,0,0,0.0864,2,month-to-month,card,south
C0002069,2026-03-01 00:00:00+00:00,70,72.15,0,0,-0.3856,0,month-to-month,bank,north
C0002096,2026-03-01 00:00:00+00:00,113,132.93,1,0,0.4449,1,month-to-month,check,south
C0002116,2026-03-01 00:00:00+00:00,43,48.51,0,1,0.0214,1,month-to-month,card,north
C0002121,2026-03-01 00:00:00+00:00,93,88.05,1,0,-0.0347,1,annual,check,north
C0002123,2026-03-01 00:00:00+00:00,33,98.92,2,0,-0.0746,0,two-year,check,north
C0002131,2026-03-01 00:00:00+00:00,35,89.23,1,2,0.0036,0,month-to-month,card,north
C0002132,2026-03-01 00:00:00+00:00,87,82.55,1,0,0.0048,3,month-to-month,check,west
C0002142,2026-03-01 00:00:00+00:00,21,71.0,0,1,0.0453,0,month-to-month,check,south
C0002143,2026-03-01 00:00:00+00:00,71,60.44,2,0,-0.1429,0,month-to-month,card,east
C0002146,2026-03-01 00:00:00+00:00,44,67.23,1,0,-0.2368,0,annual,card,north
C0002147,2026-03-01 00:00:00+00:00,2,89.41,2,0,-0.2237,1,annual,card,east
C0002148,2026-03-01 00:00:00+00:00,72,85.39,1,0,0.0475,2,two-year,check,east
C0002193,2026-03-01 00:00:00+00:00,47,73.08,0,0,0.2358,1,two-year,card,east
C0002197,2026-03-01 00:00:00+00:00,19,48.37,2,0,0.131,2,annual,card,west
C0002258,2026-03-01 00:00:00+00:00,101,82.41,1,0,-0.1686,1,annual,card,east
C0002296,2026-03-01 00:00:00+00:00,4,88.06,0,0,0.3816,1,two-year,card,west
C0002312,2026-03-01 00:00:00+00:00,54,65.01,1,0,-0.0679,1,annual,bank,west
C0002360,2026-03-01 00:00:00+00:00,106,46.16,2,0,0.1095,3,annual,bank,north
C0002398,2026-03-01 00:00:00+00:00,80,64.94,3,0,0.2569,0,month-to-month,card,north
C0002418,2026-03-01 00:00:00+00:00,79,94.15,3,0,0.1168,0,annual,card,north
C0002420,2026-03-01 00:00:00+00:00,39,110.65,1,0,-0.1301,2,month-to-month,card,east
C0002443,2026-03-01 00:00:00+00:00,64,63.53,0,0,0.0587,1,month-to-month,check,north
C0002483,2026-03-01 00:00:00+00:00,106,93.16,1,1,0.0848,3,month-to-month,bank,east
C0002511,2026-03-01 00:00:00+00:00,33,86.16,4,0,-0.3545,2,two-year,bank,south
C0002626,2026-03-01 00:00:00+00:00,85,62.03,0,0,0.2207,2,annual,card,west
C0002644,2026-03-01 00:00:00+00:00,45,33.61,1,0,-0.2647,1,annual,bank,east
C0002648,2026-03-01 00:00:00+00:00,113,66.22,2,1,-0.2799,0,month-to-month,card,south
C0002663,2026-03-01 00:00:00+00:00,38,88.04,2,0,0.0859,2,month-to-month,card,north
C0002734,2026-03-01 00:00:00+00:00,29,44.0,1,0,0.5009,0,month-to-month,bank,west
C0002751,2026-03-01 00:00:00+00:00,46,82.56,2,0,0.0878,2,month-to-month,bank,east
C0002803,2026-03-01 00:00:00+00:00,24,109.18,1,2,-0.0135,1,month-to-month,card,west
C0002904,2026-03-01 00:00:00+00:00,7,16.94,0,0,0.065,0,month-to-month,card,west
C0002906,2026-03-01 00:00:00+00:00,120,133.68,1,0,0.0675,0,annual,check,east
C0002915,2026-03-01 00:00:00+00:00,18,81.42,1,0,0.3732,2,annual,bank,east
C0002922,2026-03-01 00:00:00+00:00,58,69.47,1,0,-0.0912,1,month-to-month,card,north
C0002954,2026-03-01 00:00:00+00:00,23,77.66,1,1,-0.3946,3,month-to-month,card,north
C0002955,2026-03-01 00:00:00+00:00,16,64.17,1,0,0.0893,2,month-to-month,card,south
C0002957,2026-03-01 00:00:00+00:00,98,91.81,1,2,-0.2809,1,month-to-month,card,north
C0000000,2026-04-01 00:00:00+00:00,2,48.91,2,0,-0.3201,0,month-to-month,card,north
C0000016,2026-04-01 00:00:00+00:00,83,124.64,2,0,-0.0656,1,two-year,bank,north
C0000040,2026-04-01 00:00:00+00:00,52,107.84,0,0,0.2116,0,annual,card,north
C0000063,2026-04-01 00:00:00+00:00,106,82.13,4,0,-0.0113,1,month-to-month,card,south
C0000108,2026-04-01 00:00:00+00:00,44,53.52,0,1,-0.2187,0,annual,card,north
C0000120,2026-04-01 00:00:00+00:00,96,59.3,2,0,-0.224,1,annual,card,east
C0000170,2026-04-01 00:00:00+00:00,4,61.95,1,1,-0.0655,1,two-year,bank,north
C0000215,2026-04-01 00:00:00+00:00,106,82.4,2,0,-0.0381,1,two-year,card,north
C0000248,2026-04-01 00:00:00+00:00,79,75.52,3,0,-0.2022,1,month-to-month,bank,south
C0000320,2026-04-01 00:00:00+00:00,33,55.24,0,0,-0.0215,1,month-to-month,card,south
C0000352,2026-04-01 00:00:00+00:00,7,119.96,2,0,-0.0184,1,two-year,bank,east
C0000353,2026-04-01 00:00:00+00:00,32,101.51,3,1,-0.2134,0,month-to-month,check,west
C0000365,2026-04-01 00:00:00+00:00,116,68.25,0,0,0.1562,0,month-to-month,card,south
C0000396,2026-04-01 00:00:00+00:00,105,76.22,4,0,-0.2739,0,month-to-month,card,south
C0000400,2026-04-01 00:00:00+00:00,5,87.36,1,0,-0.0273,2,annual,card,north
C0000406,2026-04-01 00:00:00+00:00,32,83.13,1,0,0.0833,3,two-year,card,south
C0000416,2026-04-01 00:00:00+00:00,68,20.03,1,0,-0.1284,0,month-to-month,bank,west
C0000465,2026-04-01 00:00:00+00:00,27,134.72,1,0,-0.2653,0,month-to-month,card,west
C0000484,2026-04-01 00:00:00+00:00,71,62.84,0,1,-0.2805,3,annual,card,south
C0000522,2026-04-01 00:00:00+00:00,50,79.74,2,1,0.3417,0,annual,bank,south
C0000604,2026-04-01 00:00:00+00:00,28,94.39,0,0,0.0871,2,annual,bank,east
C0000622,2026-04-01 00:00:00+00:00,12,43.75,3,0,0.1829,3,annual,card,south
C0000629,2026-04-01 00:00:00+00:00,39,52.17,0,0,0.0849,1,month-to-month,card,south
C0000672,2026-04-01 00:00:00+00:00,54,91.54,0,1,-0.1827,1,month-to-month,bank,north
C0000676,2026-04-01 00:00:00+00:00,22,83.15,0,0,-0.3252,0,month-to-month,card,south
C0000733,2026-04-01 00:00:00+00:00,102,60.12,1,1,0.0803,1,two-year,card,north
C0000758,2026-04-01 00:00:00+00:00,68,15.0,0,0,0.2389,1,annual,bank,north
C0000820,2026-04-01 00:00:00+00:00,52,82.38,4,1,-0.174,0,month-to-month,bank,south
C0000823,2026-04-01 00:00:00+00:00,1,65.61,0,0,0.1106,4,month-to-month,bank,south
C0000890,2026-04-01 00:00:00+00:00,42,100.86,2,1,0.0134,1,month-to-month,card,north
C0000918,2026-04-01 00:00:00+00:00,2,108.97,0,1,0.0534,0,annual,card,west
C0000930,2026-04-01 00:00:00+00:00,107,96.27,4,0,0.1009,0,two-year,card,north
C0000956,2026-04-01 00:00:00+00:00,104,82.99,1,0,-0.5002,0,two-year,bank,north
C0001001,2026-04-01 00:00:00+00:00,78,21.97,3,0,0.485,3,annual,check,east
C0001063,2026-04-01 00:00:00+00:00,38,69.96,0,1,-0.0864,1,month-to-month,check,south
C0001083,2026-04-01 00:00:00+00:00,28,78.85,1,1,-0.0745,2,month-to-month,bank,south
C0001099,2026-04-01 00:00:00+00:00,102,85.0,0,0,-0.0067,4,month-to-month,bank,south
C0001111,2026-04-01 00:00:00+00:00,19,91.52,3,2,-0.0154,1,annual,card,east
C0001134,2026-04-01 00:00:00+00:00,82,118.63,1,1,-0.3315,0,annual,card,north
C0001164,2026-04-01 00:00:00+00:00,11,73.22,2,0,-0.2394,2,annual,bank,west
C0001175,2026-04-01 00:00:00+00:00,89,48.36,1,1,-0.1452,2,annual,bank,east
C0001206,2026-04-01 00:00:00+00:00,20,107.1,0,0,-0.0515,2,month-to-month,card,west
C0001229,2026-04-01 00:00:00+00:00,106,54.95,0,0,0.0537,0,month-to-month,card,north
C0001373,2026-04-01 00:00:00+00:00,76,111.32,2,0,0.3361,0,two-year,card,south
C0001441,2026-04-01 00:00:00+00:00,4,108.74,3,1,0.0104,2,month-to-month,card,north
C0001499,2026-04-01 00:00:00+00:00,93,48.66,1,0,-0.3076,2,month-to-month,card,west
C0001505,2026-04-01 00:00:00+00:00,89,101.31,2,0,-0.1339,0,annual,bank,north
C0001552,2026-04-01 00:00:00+00:00,72,77.45,1,3,-0.0999,0,month-to-month,bank,north
C0001565,2026-04-01 00:00:00+00:00,100,65.01,2,0,-0.09,1,month-to-month,card,west
C0001598,2026-04-01 00:00:00+00:00,41,35.71,5,1,0.0069,4,month-to-month,bank,west
C0001606,2026-04-01 00:00:00+00:00,47,123.55,2,1,-0.3062,1,month-to-month,bank,west
C0001615,2026-04-01 00:00:00+00:00,25,96.02,3,0,0.2616,0,month-to-month,check,east
C0001673,2026-04-01 00:00:00+00:00,69,91.75,3,0,0.0625,0,annual,card,west
C0001706,2026-04-01 00:00:00+00:00,3,51.53,3,0,0.0169,4,annual,bank,east
C0001765,2026-04-01 00:00:00+00:00,72,105.7,1,0,-0.1014,1,month-to-month,card,east
C0001787,2026-04-01 00:00:00+00:00,34,64.34,1,1,-0.3066,0,two-year,bank,west
C0001835,2026-04-01 00:00:00+00:00,50,78.92,1,0,0.3507,1,annual,card,west
C0001910,2026-04-01 00:00:00+00:00,47,65.1,1,0,-0.0873,1,two-year,bank,north
C0001966,2026-04-01 00:00:00+00:00,98,108.59,0,0,0.1263,2,month-to-month,card,south
C0001984,2026-04-01 00:00:00+00:00,29,67.1,0,0,-0.2137,0,annual,card,north
C0002094,2026-04-01 00:00:00+00:00,33,57.92,0,0,0.7116,0,annual,bank,south
C0002248,2026-04-01 00:00:00+00:00,92,20.47,2,0,-0.0048,1,two-year,card,north
C0002261,2026-04-01 00:00:00+00:00,78,135.19,1,1,-0.4575,1,month-to-month,bank,south
C0002264,2026-04-01 00:00:00+00:00,94,63.36,0,1,-0.4684,1,month-to-month,card,south
C0002345,2026-04-01 00:00:00+00:00,62,115.14,3,1,-0.3782,0,month-to-month,card,east
C0002380,2026-04-01 00:00:00+00:00,74,71.15,1,0,0.5944,0,annual,card,north
C0002444,2026-04-01 00:00:00+00:00,79,63.29,3,0,0.1344,0,two-year,bank,east
C0002458,2026-04-01 00:00:00+00:00,98,48.54,0,0,0.2171,1,month-to-month,bank,east
C0002492,2026-04-01 00:00:00+00:00,84,101.26,1,0,-0.4089,2,month-to-month,check,west
C0002505,2026-04-01 00:00:00+00:00,87,110.93,0,0,0.0241,0,month-to-month,check,south
C0002601,2026-04-01 00:00:00+00:00,87,89.13,1,1,0.2236,0,month-to-month,card,west
C0002621,2026-04-01 00:00:00+00:00,6,71.42,1,0,-0.074,4,annual,bank,east
C0002631,2026-04-01 00:00:00+00:00,35,78.99,0,1,0.0358,0,annual,bank,east
C0002698,2026-04-01 00:00:00+00:00,42,109.8,0,1,0.1447,3,two-year,check,west
C0002727,2026-04-01 00:00:00+00:00,89,70.11,0,0,0.1156,0,month-to-month,bank,west
C0002740,2026-04-01 00:00:00+00:00,59,126.26,0,0,-0.066,1,two-year,card,north
C0002796,2026-04-01 00:00:00+00:00,115,64.92,0,0,-0.0998,0,annual,bank,west
C0002812,2026-04-01 00:00:00+00:00,39,48.99,2,0,0.2403,1,month-to-month,card,north
C0002823,2026-04-01 00:00:00+00:00,90,79.7,2,1,-0.1466,2,annual,bank,north
C0002837,2026-04-01 00:00:00+00:00,52,41.57,2,1,0.0098,2,month-to-month,check,east
C0002847,2026-04-01 00:00:00+00:00,82,86.37,3,1,0.4192,0,month-to-month,bank,west
C0002854,2026-04-01 00:00:00+00:00,118,81.95,0,1,-0.3313,1,two-year,card,east
C0002857,2026-04-01 00:00:00+00:00,39,57.34,1,0,-0.0191,2,month-to-month,card,east
C0002965,2026-04-01 00:00:00+00:00,28,56.34,1,0,0.2914,0,annual,bank,west
C0002985,2026-04-01 00:00:00+00:00,77,74.89,1,0,0.0018,0,month-to-month,bank,south
C0000013,2026-05-01 00:00:00+00:00,96,91.03,1,0,-0.0703,2,month-to-month,bank,west
C0000077,2026-05-01 00:00:00+00:00,76,73.39,2,1,-0.1322,1,month-to-month,card,west
C0000129,2026-05-01 00:00:00+00:00,22,82.69,2,0,0.1813,2,month-to-month,card,north
C0000149,2026-05-01 00:00:00+00:00,87,52.22,2,0,-0.2389,3,month-to-month,card,south
C0000179,2026-05-01 00:00:00+00:00,100,37.15,0,1,-0.3637,1,month-to-month,bank,south
C0000243,2026-05-01 00:00:00+00:00,118,57.35,1,1,-0.2871,0,month-to-month,card,west
C0000267,2026-05-01 00:00:00+00:00,27,120.91,2,0,-0.1813,1,two-year,bank,south
C0000393,2026-05-01 00:00:00+00:00,112,75.9,0,0,-0.6283,0,annual,check,north
C0000417,2026-05-01 00:00:00+00:00,71,69.71,4,2,0.1781,2,month-to-month,check,west
C0000419,2026-05-01 00:00:00+00:00,103,76.59,1,0,-0.2236,0,annual,card,east
C0000448,2026-05-01 00:00:00+00:00,33,75.29,0,1,0.1651,0,two-year,bank,south
C0000459,2026-05-01 00:00:00+00:00,78,55.92,2,2,-0.1534,2,month-to-month,check,south
C0000510,2026-05-01 00:00:00+00:00,106,101.44,1,0,-0.2873,2,annual,check,south
C0000536,2026-05-01 00:00:00+00:00,72,68.84,1,0,0.0681,0,month-to-month,bank,south
C0000537,2026-05-01 00:00:00+00:00,23,63.6,3,0,-0.0682,1,month-to-month,bank,north
C0000562,2026-05-01 00:00:00+00:00,99,57.22,1,0,0.1997,1,month-to-month,card,east
C0000569,2026-05-01 00:00:00+00:00,1,81.38,1,0,-0.3218,1,annual,bank,west
C0000571,2026-05-01 00:00:00+00:00,95,88.35,0,0,-0.1848,2,two-year,check,north
C0000616,2026-05-01 00:00:00+00:00,104,32.84,0,0,-0.1857,1,month-to-month,bank,west
C0000627,2026-05-01 00:00:00+00:00,84,64.71,1,0,0.3945,1,annual,card,east
C0000657,2026-05-01 00:00:00+00:00,45,116.99,0,0,0.0863,1,annual,card,west
C0000663,2026-05-01 00:00:00+00:00,89,75.74,2,1,-0.122,0,annual,bank,east
C0000681,2026-05-01 00:00:00+00:00,48,61.28,4,1,-0.4057,2,annual,bank,north
C0000740,2026-05-01 00:00:00+00:00,63,64.37,1,0,-0.4115,2,month-to-month,check,west
C0000753,2026-05-01 00:00:00+00:00,31,91.58,0,0,0.064,0,annual,bank,south
C0000786,2026-05-01 00:00:00+00:00,82,77.64,1,0,-0.2963,2,month-to-month,bank,west
C0000800,2026-05-01 00:00:00+00:00,112,62.72,1,0,-0.1199,2,annual,bank,south
C0000848,2026-05-01 00:00:00+00:00,34,97.73,0,1,0.072,1,month-to-month,card,north
C0000859,2026-05-01 00:00:00+00:00,39,120.63,2,0,0.07,1,month-to-month,card,north
C0000872,2026-05-01 00:00:00+00:00,7,60.26,1,0,-0.1931,2,two-year,card,east
C0000904,2026-05-01 00:00:00+00:00,102,89.41,3,0,-0.0744,1,month-to-month,bank,south
C0000913,2026-05-01 00:00:00+00:00,41,44.16,0,1,-0.0266,1,month-to-month,bank,west
C0000940,2026-05-01 00:00:00+00:00,23,72.06,1,0,-0.0681,0,month-to-month,bank,south
C0000947,2026-05-01 00:00:00+00:00,85,102.73,0,0,0.0364,2,annual,bank,east
C0000948,2026-05-01 00:00:00+00:00,16,138.73,1,0,-0.1226,3,annual,bank,south
C0000955,2026-05-01 00:00:00+00:00,105,93.49,2,0,-0.0729,0,two-year,bank,south
C0001005,2026-05-01 00:00:00+00:00,24,75.81,4,0,-0.0686,2,annual,bank,north
C0001088,2026-05-01 00:00:00+00:00,67,50.17,2,2,0.0544,4,annual,card,north
C0001101,2026-05-01 00:00:00+00:00,14,15.0,2,1,-0.1176,0,month-to-month,card,east
C0001116,2026-05-01 00:00:00+00:00,58,66.55,3,1,-0.3245,1,month-to-month,card,west
C0001121,2026-05-01 00:00:00+00:00,87,73.84,1,0,0.1194,0,month-to-month,check,north
C0001172,2026-05-01 00:00:00+00:00,111,68.99,0,0,0.2195,0,month-to-month,card,east
C0001264,2026-05-01 00:00:00+00:00,113,65.64,2,0,0.2868,2,annual,card,south
C0001265,2026-05-01 00:00:00+00:00,77,70.55,3,1,-0.2092,0,month-to-month,bank,south
C0001319,2026-05-01 00:00:00+00:00,99,61.21,1,0,-0.0943,0,month-to-month,bank,west
C0001402,2026-05-01 00:00:00+00:00,103,82.75,1,0,-0.2001,1,annual,check,south
C0001412,2026-05-01 00:00:00+00:00,77,90.29,2,0,0.4806,0,month-to-month,card,south
C0001426,2026-05-01 00:00:00+00:00,87,91.72,1,2,-0.2087,0,month-to-month,card,west
C0001517,2026-05-01 00:00:00+00:00,31,95.07,0,0,-0.2201,3,month-to-month,bank,east
C0001521,2026-05-01 00:00:00+00:00,18,79.83,0,0,-0.1229,1,month-to-month,card,south
C0001617,2026-05-01 00:00:00+00:00,34,81.85,1,0,0.0607,2,two-year,card,east
C0001638,2026-05-01 00:00:00+00:00,58,126.65,0,2,0.0602,2,annual,card,north
C0001657,2026-05-01 00:00:00+00:00,7,97.83,2,0,0.629,1,annual,bank,south
C0001691,2026-05-01 00:00:00+00:00,51,61.1,0,0,0.2216,0,two-year,bank,north
C0001713,2026-05-01 00:00:00+00:00,109,59.5,2,0,0.3554,1,two-year,bank,west
C0001734,2026-05-01 00:00:00+00:00,69,52.47,0,0,-0.3141,1,month-to-month,card,east
C0001770,2026-05-01 00:00:00+00:00,52,26.26,0,1,-0.3166,1,two-year,check,north
C0001788,2026-05-01 00:00:00+00:00,102,56.51,0,2,-0.0422,0,annual,bank,south
C0001847,2026-05-01 00:00:00+00:00,97,71.69,1,0,-0.0263,1,month-to-month,check,east
C0001924,2026-05-01 00:00:00+00:00,12,68.8,1,0,-0.3002,1,two-year,bank,north
C0001961,2026-05-01 00:00:00+00:00,66,34.83,4,1,0.0173,0,two-year,card,east
C0002027,2026-05-01 00:00:00+00:00,69,79.47,1,0,0.1585,1,two-year,bank,south
C0002089,2026-05-01 00:00:00+00:00,82,62.55,2,0,-0.2542,1,two-year,card,north
C0002099,2026-05-01 00:00:00+00:00,9,31.86,1,0,0.034,0,month-to-month,bank,west
C0002105,2026-05-01 00:00:00+00:00,32,56.53,2,0,-0.1127,0,month-to-month,card,west
C0002207,2026-05-01 00:00:00+00:00,102,90.59,1,0,0.1992,1,month-to-month,card,west
C0002221,2026-05-01 00:00:00+00:00,37,96.13,1,1,0.0717,2,month-to-month,card,east
C0002223,2026-05-01 00:00:00+00:00,21,105.24,1,0,0.2785,0,annual,card,west
C0002238,2026-05-01 00:00:00+00:00,67,74.41,2,1,-0.0056,0,month-to-month,bank,north
C0002283,2026-05-01 00:00:00+00:00,74,103.17,3,0,-0.1931,1,month-to-month,card,west
C0002285,2026-05-01 00:00:00+00:00,66,101.12,0,0,0.0459,2,month-to-month,card,west
C0002334,2026-05-01 00:00:00+00:00,64,68.46,0,0,-0.2752,1,annual,card,south
C0002414,2026-05-01 00:00:00+00:00,33,74.19,0,0,-0.3238,0,month-to-month,bank,north
C0002437,2026-05-01 00:00:00+00:00,1,84.18,1,0,-0.053,1,month-to-month,card,west
C0002440,2026-05-01 00:00:00+00:00,88,117.67,1,0,0.2466,1,month-to-month,bank,south
C0002485,2026-05-01 00:00:00+00:00,77,47.19,2,0,0.1915,1,annual,bank,east
C0002490,2026-05-01 00:00:00+00:00,19,93.42,2,0,0.1557,1,two-year,bank,west
C0002491,2026-05-01 00:00:00+00:00,27,111.18,1,0,-0.145,1,month-to-month,bank,south
C0002512,2026-05-01 00:00:00+00:00,15,91.86,1,0,-0.2866,4,month-to-month,bank,west
C0002516,2026-05-01 00:00:00+00:00,94,35.17,5,0,-0.4089,2,annual,check,north
C0002596,2026-05-01 00:00:00+00:00,43,89.99,4,0,0.0152,5,annual,bank,west
C0002607,2026-05-01 00:00:00+00:00,21,100.43,0,1,0.0414,2,month-to-month,bank,west
C0002630,2026-05-01 00:00:00+00:00,41,119.51,0,0,0.1694,2,month-to-month,check,north
C0002635,2026-05-01 00:00:00+00:00,46,60.96,2,0,-0.0878,3,annual,check,east
C0002646,2026-05-01 00:00:00+00:00,67,110.12,1,0,0.0677,1,month-to-month,bank,west
C0002708,2026-05-01 00:00:00+00:00,69,57.69,0,0,-0.11,2,annual,bank,north
C0002710,2026-05-01 00:00:00+00:00,115,55.8,0,0,0.1148,1,annual,card,east
C0002737,2026-05-01 00:00:00+00:00,3,77.8,1,1,-0.182,1,month-to-month,card,south
C0002771,2026-05-01 00:00:00+00:00,34,94.46,0,0,0.2208,1,annual,bank,east
C0002777,2026-05-01 00:00:00+00:00,31,105.52,1,1,-0.083,2,month-to-month,card,south
C0002789,2026-05-01 00:00:00+00:00,57,83.01,0,0,-0.0079,0,two-year,bank,north
C0002836,2026-05-01 00:00:00+00:00,103,49.76,1,0,0.2484,0,month-to-month,check,west
C0002859,2026-05-01 00:00:00+00:00,26,100.12,5,2,0.6155,1,month-to-month,bank,east
C0002863,2026-05-01 00:00:00+00:00,24,86.96,2,0,-0.0976,0,annual,check,south
C0002878,2026-05-01 00:00:00+00:00,54,77.49,2,0,-0.2028,1,month-to-month,card,west
C0002887,2026-05-01 00:00:00+00:00,49,114.17,2,0,-0.4467,0,annual,card,south
C0002924,2026-05-01 00:00:00+00:00,39,78.46,2,0,0.3212,2,two-year,check,south
C0002976,2026-05-01 00:00:00+00:00,52,28.44,0,1,-0.1764,1,two-year,bank,north
C0000023,2026-06-01 00:00:00+00:00,113,48.12,1,1,-0.1661,3,annual,card,west
C0000062,2026-06-01 00:00:00+00:00,2,89.93,1,1,0.1382,1,month-to-month,card,east
C0000172,2026-06-01 00:00:00+00:00,86,32.65,2,0,-0.1179,0,month-to-month,card,north
C0000181,2026-06-01 00:00:00+00:00,64,88.27,1,0,-0.1858,0,month-to-month,check,west
C0000195,2026-06-01 00:00:00+00:00,14,79.17,0,2,-0.419,0,month-to-month,bank,north
C0000234,2026-06-01 00:00:00+00:00,108,101.6,1,1,0.0316,1,month-to-month,bank,west
C0000262,2026-06-01 00:00:00+00:00,55,76.91,1,0,0.1935,3,month-to-month,bank,west
C0000276,2026-06-01 00:00:00+00:00,73,67.23,3,0,-0.268,1,annual,card,north
C0000301,2026-06-01 00:00:00+00:00,11,83.18,1,1,-0.2982,1,month-to-month,bank,west
C0000349,2026-06-01 00:00:00+00:00,96,54.61,2,0,-0.2352,0,month-to-month,card,north
C0000358,2026-06-01 00:00:00+00:00,43,87.96,1,0,-0.1891,0,two-year,card,west
C0000435,2026-06-01 00:00:00+00:00,63,64.31,2,1,0.0309,2,month-to-month,card,east
C0000446,2026-06-01 00:00:00+00:00,61,119.7,2,0,0.256,3,month-to-month,bank,south
C0000507,2026-06-01 00:00:00+00:00,114,63.73,0,1,-0.3756,2,month-to-month,check,north
C0000515,2026-06-01 00:00:00+00:00,56,71.17,2,0,0.0203,1,month-to-month,check,east
C0000556,2026-06-01 00:00:00+00:00,117,89.53,3,0,0.0228,0,annual,bank,south
C0000558,2026-06-01 00:00:00+00:00,80,52.1,1,0,0.0254,1,two-year,card,west
C0000585,2026-06-01 00:00:00+00:00,34,55.75,1,0,-0.1517,2,month-to-month,check,east
C0000600,2026-06-01 00:00:00+00:00,80,69.53,2,0,-0.2807,2,month-to-month,check,north
C0000679,2026-06-01 00:00:00+00:00,42,55.16,0,0,-0.2679,1,annual,check,south
C0000683,2026-06-01 00:00:00+00:00,40,101.0,1,0,-0.3245,1,month-to-month,card,south
C0000750,2026-06-01 00:00:00+00:00,58,79.62,1,1,-0.0529,1,annual,bank,south
C0000775,2026-06-01 00:00:00+00:00,30,64.7,2,2,0.1556,0,month-to-month,bank,north
C0000806,2026-06-01 00:00:00+00:00,81,85.2,1,0,0.2409,1,annual,bank,north
C0000825,2026-06-01 00:00:00+00:00,86,77.96,1,0,0.3039,0,month-to-month,card,south
C0000832,2026-06-01 00:00:00+00:00,72,99.26,2,0,-0.2042,2,two-year,bank,north
C0000834,2026-06-01 00:00:00+00:00,46,77.24,2,2,-0.0531,1,two-year,card,west
C0000850,2026-06-01 00:00:00+00:00,85,91.71,4,0,0.0994,1,annual,card,east
C0000857,2026-06-01 00:00:00+00:00,70,72.78,2,1,0.4206,0,month-to-month,card,north
C0000867,2026-06-01 00:00:00+00:00,70,51.24,1,0,-0.4157,2,month-to-month,check,south
C0000925,2026-06-01 00:00:00+00:00,10,77.44,2,0,-0.3866,3,month-to-month,card,south
C0000954,2026-06-01 00:00:00+00:00,71,62.35,0,0,-0.408,2,two-year,bank,west
C0000986,2026-06-01 00:00:00+00:00,95,61.95,1,0,-0.0823,2,month-to-month,bank,south
C0001036,2026-06-01 00:00:00+00:00,57,41.23,2,0,0.2091,2,month-to-month,card,north
C0001043,2026-06-01 00:00:00+00:00,31,47.82,2,3,0.1641,3,month-to-month,bank,north
C0001045,2026-06-01 00:00:00+00:00,90,64.42,3,1,-0.1192,0,month-to-month,bank,east
C0001059,2026-06-01 00:00:00+00:00,36,126.81,4,0,-0.229,3,two-year,bank,west
C0001139,2026-06-01 00:00:00+00:00,42,87.93,0,1,-0.0998,1,two-year,bank,north
C0001182,2026-06-01 00:00:00+00:00,23,72.75,2,0,-0.3931,0,annual,card,east
C0001197,2026-06-01 00:00:00+00:00,69,64.79,0,1,-0.0873,0,month-to-month,card,south
C0001213,2026-06-01 00:00:00+00:00,81,72.09,2,0,-0.3353,1,month-to-month,bank,north
C0001221,2026-06-01 00:00:00+00:00,80,115.42,2,1,-0.1652,1,annual,card,north
C0001222,2026-06-01 00:00:00+00:00,58,125.3,0,1,0.1141,1,month-to-month,bank,south
C0001271,2026-06-01 00:00:00+00:00,50,66.59,2,2,-0.055,2,annual,card,south
C0001293,2026-06-01 00:00:00+00:00,14,59.15,2,1,-0.0877,1,month-to-month,card,south
C0001303,2026-06-01 00:00:00+00:00,9,62.44,0,0,0.0891,0,month-to-month,card,north
C0001309,2026-06-01 00:00:00+00:00,62,83.94,0,0,-0.1629,0,annual,card,north
C0001312,2026-06-01 00:00:00+00:00,91,33.85,0,0,0.2245,0,annual,card,south
C0001313,2026-06-01 00:00:00+00:00,119,68.07,0,0,0.054,3,month-to-month,card,west
C0001315,2026-06-01 00:00:00+00:00,109,93.45,2,0,-0.088,0,month-to-month,bank,north
C0001335,2026-06-01 00:00:00+00:00,11,94.88,1,1,0.1286,0,month-to-month,card,north
C0001379,2026-06-01 00:00:00+00:00,90,82.88,0,1,0.2729,0,month-to-month,check,west
C0001398,2026-06-01 00:00:00+00:00,55,82.85,3,0,0.5867,2,annual,card,west
C0001404,2026-06-01 00:00:00+00:00,117,107.05,0,0,0.0112,0,annual,card,north
C0001427,2026-06-01 00:00:00+00:00,17,92.13,1,0,-0.2808,0,month-to-month,card,west
C0001523,2026-06-01 00:00:00+00:00,13,111.93,2,0,0.2449,1,month-to-month,bank,east
C0001541,2026-06-01 00:00:00+00:00,72,64.68,3,1,0.0868,2,two-year,bank,west
C0001562,2026-06-01 00:00:00+00:00,47,88.36,3,0,-0.283,1,annual,card,east
C0001566,2026-06-01 00:00:00+00:00,28,48.55,1,0,0.0,1,annual,bank,west
C0001574,2026-06-01 00:00:00+00:00,68,93.07,3,1,-0.3653,0,two-year,bank,west
C0001616,2026-06-01 00:00:00+00:00,26,64.95,2,1,0.3015,1,month-to-month,card,north
C0001618,2026-06-01 00:00:00+00:00,60,67.64,2,0,-0.2409,1,month-to-month,card,east
C0001738,2026-06-01 00:00:00+00:00,43,15.0,1,1,-0.0429,2,annual,bank,south
C0001815,2026-06-01 00:00:00+00:00,104,65.45,1,0,0.1047,0,month-to-month,card,east
C0001845,2026-06-01 00:00:00+00:00,47,95.69,0,0,0.5977,2,two-year,card,east
C0001856,2026-06-01 00:00:00+00:00,61,48.63,2,0,0.0685,0,month-to-month,card,south
C0001867,2026-06-01 00:00:00+00:00,72,99.5,0,2,-0.2882,0,two-year,bank,south
C0001916,2026-06-01 00:00:00+00:00,31,24.6,2,0,0.311,0,month-to-month,bank,west
C0001922,2026-06-01 00:00:00+00:00,111,109.86,2,0,-0.0688,1,two-year,bank,north
C0001937,2026-06-01 00:00:00+00:00,33,53.96,0,1,0.0986,3,month-to-month,card,north
C0001944,2026-06-01 00:00:00+00:00,95,108.04,0,2,0.4913,1,two-year,card,north
C0001970,2026-06-01 00:00:00+00:00,105,110.23,1,0,-0.0474,0,annual,card,south
C0001983,2026-06-01 00:00:00+00:00,21,106.57,1,1,-0.2297,0,annual,card,south
C0002068,2026-06-01 00:00:00+00:00,87,100.38,1,0,-0.0789,1,two-year,bank,west
C0002072,2026-06-01 00:00:00+00:00,15,80.23,2,0,0.0928,2,two-year,check,west
C0002081,2026-06-01 00:00:00+00:00,95,90.41,1,0,0.0358,2,month-to-month,card,south
C0002092,2026-06-01 00:00:00+00:00,18,81.48,1,1,-0.082,1,two-year,bank,north
C0002097,2026-06-01 00:00:00+00:00,79,60.07,1,0,-0.0376,1,month-to-month,bank,north
C0002140,2026-06-01 00:00:00+00:00,8,78.81,1,0,-0.0083,3,month-to-month,card,west
C0002245,2026-06-01 00:00:00+00:00,52,93.26,2,0,-0.0388,0,two-year,bank,west
C0002255,2026-06-01 00:00:00+00:00,42,50.01,2,0,-0.077,0,annual,card,west
C0002288,2026-06-01 00:00:00+00:00,17,66.97,0,1,-0.507,0,annual,card,east
C0002335,2026-06-01 00:00:00+00:00,114,44.91,1,0,0.3471,0,annual,check,east
C0002426,2026-06-01 00:00:00+00:00,12,68.97,2,0,-0.0526,1,two-year,bank,north
C0002484,2026-06-01 00:00:00+00:00,96,47.63,2,1,0.1904,0,month-to-month,bank,east
C0002489,2026-06-01 00:00:00+00:00,54,74.28,2,0,-0.4721,1,annual,card,east
C0002549,2026-06-01 00:00:00+00:00,48,66.55,1,1,-0.1189,0,annual,bank,west
C0002566,2026-06-01 00:00:00+00:00,3,94.55,1,0,-0.1845,0,month-to-month,card,south
C0002605,2026-06-01 00:00:00+00:00,64,108.0,2,1,0.1384,1,annual,bank,north
C0002606,2026-06-01 00:00:00+00:00,54,92.97,2,0,0.108,4,annual,card,east
C0002610,2026-06-01 00:00:00+00:00,55,100.5,2,0,0.4886,4,month-to-month,bank,north
C0002617,2026-06-01 00:00:00+00:00,110,43.48,3,0,0.3854,2,month-to-month,card,west
C0002639,2026-06-01 00:00:00+00:00,65,80.11,1,0,-0.2859,0,two-year,check,west
C0002643,2026-06-01 00:00:00+00:00,34,31.53,0,0,0.099,1,month-to-month,bank,east
C0002649,2026-06-01 00:00:00+00:00,57,76.77,0,1,-0.0599,1,annual,bank,west
C0002661,2026-06-01 00:00:00+00:00,26,77.69,5,1,0.2778,1,month-to-month,bank,south
C0002765,2026-06-01 00:00:00+00:00,21,81.01,2,1,0.0618,2,two-year,card,east
C0002780,2026-06-01 00:00:00+00:00,48,102.94,1,1,0.1413,2,annual,check,north
C0002868,2026-06-01 00:00:00+00:00,35,15.0,2,1,0.28,2,two-year,card,north
C0002897,2026-06-01 00:00:00+00:00,83,54.79,0,2,0.1793,1,two-year,check,north
C0002911,2026-06-01 00:00:00+00:00,33,93.19,3,0,-0.2365,2,month-to-month,card,east
C0002964,2026-06-01 00:00:00+00:00,91,50.12,2,1,-0.053,0,two-year,bank,south
C0002992,2026-06-01 00:00:00+00:00,84,67.28,1,0,0.2995,2,month-to-month,bank,north
C0000021,2026-07-01 00:00:00+00:00,10,87.95,5,0,-0.2245,0,two-year,bank,south
C0000060,2026-07-01 00:00:00+00:00,58,46.67,2,0,-0.0581,0,annual,card,west
C0000064,2026-07-01 00:00:00+00:00,5,108.91,0,0,0.488,1,two-year,card,east
C0000071,2026-07-01 00:00:00+00:00,34,41.37,1,0,0.1761,0,month-to-month,bank,north
C0000114,2026-07-01 00:00:00+00:00,22,56.31,3,0,0.0224,1,month-to-month,bank,north
C0000147,2026-07-01 00:00:00+00:00,58,59.09,0,0,-0.0062,0,month-to-month,card,south
C0000148,2026-07-01 00:00:00+00:00,77,59.16,1,0,0.1159,1,annual,bank,east
C0000150,2026-07-01 00:00:00+00:00,86,55.48,3,1,0.2004,1,month-to-month,bank,south
C0000155,2026-07-01 00:00:00+00:00,4,77.54,1,0,-0.568,0,month-to-month,card,north
C0000185,2026-07-01 00:00:00+00:00,24,55.36,1,0,-0.0426,2,two-year,bank,west
C0000218,2026-07-01 00:00:00+00:00,48,63.64,0,1,0.3937,2,two-year,check,east
C0000238,2026-07-01 00:00:00+00:00,69,61.02,2,0,0.0872,2,month-to-month,bank,west
C0000261,2026-07-01 00:00:00+00:00,38,63.38,0,0,-0.0728,2,month-to-month,card,east
C0000274,2026-07-01 00:00:00+00:00,82,45.06,0,0,0.245,0,month-to-month,bank,south
C0000289,2026-07-01 00:00:00+00:00,3,39.34,2,1,-0.1024,1,two-year,bank,east
C0000333,2026-07-01 00:00:00+00:00,58,88.35,0,0,-0.1995,1,annual,bank,north
C0000347,2026-07-01 00:00:00+00:00,21,102.26,1,0,0.2114,0,month-to-month,card,north
C0000483,2026-07-01 00:00:00+00:00,91,68.15,0,0,-0.2491,3,month-to-month,card,east
C0000543,2026-07-01 00:00:00+00:00,21,85.31,3,0,-0.066,0,month-to-month,check,east
C0000624,2026-07-01 00:00:00+00:00,26,88.76,2,1,0.4335,0,annual,check,east
C0000646,2026-07-01 00:00:00+00:00,20,71.61,1,0,-0.0531,0,month-to-month,bank,east
C0000677,2026-07-01 00:00:00+00:00,71,74.57,0,0,0.0915,0,annual,bank,north
C0000678,2026-07-01 00:00:00+00:00,117,90.41,2,0,-0.0345,1,month-to-month,card,north
C0000729,2026-07-01 00:00:00+00:00,116,43.17,2,1,-0.1015,1,month-to-month,check,east
C0000744,2026-07-01 00:00:00+00:00,22,57.44,0,1,-0.2141,1,month-to-month,card,south
C0000749,2026-07-01 00:00:00+00:00,55,60.8,0,1,-0.0475,1,two-year,card,south
C0000764,2026-07-01 00:00:00+00:00,32,100.47,0,0,0.4344,0,month-to-month,card,east
C0000836,2026-07-01 00:00:00+00:00,100,128.28,2,0,0.0764,2,month-to-month,card,north
C0000901,2026-07-01 00:00:00+00:00,18,81.74,3,0,0.1652,2,annual,check,west
C0000971,2026-07-01 00:00:00+00:00,38,113.98,4,0,-0.1385,4,annual,bank,north
C0000972,2026-07-01 00:00:00+00:00,95,109.27,0,0,-0.1025,0,annual,card,north
C0001006,2026-07-01 00:00:00+00:00,25,39.95,1,0,-0.1216,0,month-to-month,card,west
C0001050,2026-07-01 00:00:00+00:00,81,55.24,0,0,0.2148,0,month-to-month,card,south
C0001053,2026-07-01 00:00:00+00:00,5,87.35,2,0,-0.5767,2,month-to-month,bank,north
C0001110,2026-07-01 00:00:00+00:00,68,94.38,0,0,-0.0496,0,month-to-month,card,east
C0001143,2026-07-01 00:00:00+00:00,2,88.37,0,0,0.3373,0,month-to-month,bank,north
C0001257,2026-07-01 00:00:00+00:00,10,78.77,1,0,-0.001,0,annual,card,south
C0001317,2026-07-01 00:00:00+00:00,47,84.82,0,0,0.2142,1,month-to-month,card,south
C0001337,2026-07-01 00:00:00+00:00,31,105.8,1,0,0.24,0,month-to-month,bank,east
C0001396,2026-07-01 00:00:00+00:00,106,50.36,3,0,0.2359,1,month-to-month,card,west
C0001405,2026-07-01 00:00:00+00:00,49,59.89,0,0,-0.3436,0,annual,check,east
C0001422,2026-07-01 00:00:00+00:00,35,54.01,2,1,-0.1159,0,annual,card,north
C0001432,2026-07-01 00:00:00+00:00,81,75.71,1,0,-0.2257,1,month-to-month,check,east
C0001445,2026-07-01 00:00:00+00:00,110,87.16,2,0,0.2294,2,annual,bank,south
C0001453,2026-07-01 00:00:00+00:00,112,70.04,2,0,-0.0588,0,month-to-month,card,south
C0001474,2026-07-01 00:00:00+00:00,55,60.76,2,0,0.0272,2,month-to-month,card,east
C0001500,2026-07-01 00:00:00+00:00,75,95.58,0,1,-0.0313,1,annual,card,north
C0001506,2026-07-01 00:00:00+00:00,74,87.44,0,0,-0.1875,1,annual,bank,south
C0001510,2026-07-01 00:00:00+00:00,37,100.39,1,1,-0.0587,2,month-to-month,card,west
C0001529,2026-07-01 00:00:00+00:00,31,68.68,2,2,-0.1144,0,month-to-month,card,east
C0001535,2026-07-01 00:00:00+00:00,41,102.81,0,0,-0.1237,1,two-year,bank,north
C0001559,2026-07-01 00:00:00+00:00,106,96.23,1,0,0.3181,1,month-to-month,bank,west
C0001639,2026-07-01 00:00:00+00:00,92,37.57,1,1,0.0709,0,month-to-month,bank,east
C0001656,2026-07-01 00:00:00+00:00,70,84.73,1,0,-0.3746,0,month-to-month,check,south
C0001661,2026-07-01 00:00:00+00:00,95,94.88,2,0,-0.3017,0,month-to-month,card,east
C0001676,2026-07-01 00:00:00+00:00,19,62.73,1,0,0.1112,2,annual,card,north
C0001722,2026-07-01 00:00:00+00:00,120,95.37,1,1,0.034,2,two-year,card,west
C0001803,2026-07-01 00:00:00+00:00,115,50.53,0,0,0.0311,0,two-year,bank,south
C0001811,2026-07-01 00:00:00+00:00,80,68.12,2,0,-0.1077,2,two-year,card,west
C0001846,2026-07-01 00:00:00+00:00,40,30.57,1,0,0.2531,1,month-to-month,bank,north
C0001883,2026-07-01 00:00:00+00:00,87,54.75,0,0,0.2736,2,month-to-month,check,east
C0001897,2026-07-01 00:00:00+00:00,63,60.36,1,0,-0.662,2,month-to-month,card,west
C0001904,2026-07-01 00:00:00+00:00,39,50.88,2,0,-0.2243,0,annual,check,west
C0001964,2026-07-01 00:00:00+00:00,54,79.41,2,0,0.1,1,annual,card,south
C0001974,2026-07-01 00:00:00+00:00,92,62.02,1,1,0.076,3,month-to-month,card,west
C0001975,2026-07-01 00:00:00+00:00,11,71.56,1,0,0.1673,1,two-year,bank,north
C0001977,2026-07-01 00:00:00+00:00,3,45.02,1,0,-0.0596,1,month-to-month,check,east
C0001988,2026-07-01 00:00:00+00:00,48,69.65,3,0,-0.238,1,month-to-month,bank,west
C0002013,2026-07-01 00:00:00+00:00,84,76.72,0,1,-0.1426,1,month-to-month,check,east
C0002039,2026-07-01 00:00:00+00:00,79,50.62,0,0,-0.1506,0,month-to-month,bank,south
C0002181,2026-07-01 00:00:00+00:00,7,60.93,1,0,0.0095,2,month-to-month,bank,east
C0002208,2026-07-01 00:00:00+00:00,73,61.21,1,0,-0.0793,1,annual,bank,north
C0002230,2026-07-01 00:00:00+00:00,27,72.0,1,1,-0.0863,2,annual,bank,north
C0002240,2026-07-01 00:00:00+00:00,17,77.68,1,0,-0.2045,0,month-to-month,bank,west
C0002263,2026-07-01 00:00:00+00:00,118,70.81,1,0,0.049,1,annual,card,west
C0002331,2026-07-01 00:00:00+00:00,36,130.65,0,2,-0.239,1,month-to-month,card,east
C0002356,2026-07-01 00:00:00+00:00,12,60.08,3,0,0.1283,1,month-to-month,bank,east
C0002400,2026-07-01 00:00:00+00:00,105,71.68,0,0,-0.0992,0,annual,card,east
C0002406,2026-07-01 00:00:00+00:00,115,44.72,0,1,-0.0183,1,month-to-month,bank,east
C0002412,2026-07-01 00:00:00+00:00,38,63.07,0,0,0.3265,1,annual,card,south
C0002421,2026-07-01 00:00:00+00:00,23,72.43,1,0,-0.1587,1,two-year,check,east
C0002436,2026-07-01 00:00:00+00:00,70,73.69,1,0,0.0841,0,month-to-month,card,west
C0002463,2026-07-01 00:00:00+00:00,20,71.26,2,0,-0.0696,1,month-to-month,card,west
C0002530,2026-07-01 00:00:00+00:00,55,65.6,1,0,-0.2026,0,two-year,card,north
C0002532,2026-07-01 00:00:00+00:00,38,103.29,1,0,-0.2369,0,annual,bank,east
C0002561,2026-07-01 00:00:00+00:00,112,47.05,3,1,-0.1938,1,annual,card,south
C0002574,2026-07-01 00:00:00+00:00,78,71.79,1,1,0.0272,1,two-year,card,east
C0002599,2026-07-01 00:00:00+00:00,97,89.71,0,0,0.0914,1,month-to-month,card,east
C0002603,2026-07-01 00:00:00+00:00,42,68.17,1,0,-0.2715,1,month-to-month,card,east
C0002604,2026-07-01 00:00:00+00:00,21,64.0,0,1,-0.2589,1,month-to-month,bank,east
C0002611,2026-07-01 00:00:00+00:00,27,120.79,1,0,0.1195,2,annual,check,south
C0002655,2026-07-01 00:00:00+00:00,85,87.38,1,0,-0.2229,0,month-to-month,bank,north
C0002665,2026-07-01 00:00:00+00:00,120,56.8,1,0,0.0574,2,annual,card,south
C0002731,2026-07-01 00:00:00+00:00,47,127.85,3,1,0.0432,4,month-to-month,bank,north
C0002741,2026-07-01 00:00:00+00:00,47,116.89,1,0,-0.3024,1,month-to-month,card,east
C0002744,2026-07-01 00:00:00+00:00,106,76.08,3,0,-0.592,0,annual,bank,east
C0002770,2026-07-01 00:00:00+00:00,29,99.41,0,0,0.2953,1,annual,card,west
C0002800,2026-07-01 00:00:00+00:00,7,94.86,1,1,0.2171,0,month-to-month,bank,north
C0002851,2026-07-01 00:00:00+00:00,98,123.49,0,1,0.0506,2,annual,check,north
C0002855,2026-07-01 00:00:00+00:00,50,109.68,3,0,-0.202,1,month-to-month,card,south
C0002937,2026-07-01 00:00:00+00:00,89,88.06,3,0,-0.0396,0,month-to-month,card,west
C0002944,2026-07-01 00:00:00+00:00,118,111.16,3,0,-0.2337,1,month-to-month,bank,west
C0002953,2026-07-01 00:00:00+00:00,69,85.26,0,3,-0.0164,1,two-year,bank,east
C0002975,2026-07-01 00:00:00+00:00,36,77.36,2,1,0.0683,1,two-year,card,east
C0002986,2026-07-01 00:00:00+00:00,11,68.19,0,0,0.1309,1,annual,card,south
C0000050,2026-08-01 00:00:00+00:00,12,73.65,2,0,-0.2203,0,annual,card,south
C0000098,2026-08-01 00:00:00+00:00,49,98.18,0,1,0.1545,1,month-to-month,card,west
C0000131,2026-08-01 00:00:00+00:00,76,110.34,0,1,-0.2716,2,month-to-month,card,north
C0000160,2026-08-01 00:00:00+00:00,120,39.08,0,0,-0.1783,2,two-year,bank,north
C0000196,2026-08-01 00:00:00+00:00,38,64.83,0,0,-0.1327,0,month-to-month,card,west
C0000240,2026-08-01 00:00:00+00:00,37,33.85,2,0,-0.101,1,month-to-month,card,east
C0000242,2026-08-01 00:00:00+00:00,110,94.96,0,2,-0.1572,1,month-to-month,bank,north
C0000367,2026-08-01 00:00:00+00:00,33,63.85,1,2,-0.0023,1,annual,check,east
C0000382,2026-08-01 00:00:00+00:00,50,70.5,1,0,-0.0512,1,annual,card,south
C0000398,2026-08-01 00:00:00+00:00,74,135.02,2,0,-0.2513,2,month-to-month,bank,east
C0000455,2026-08-01 00:00:00+00:00,6,55.54,1,0,-0.0564,1,two-year,bank,north
C0000485,2026-08-01 00:00:00+00:00,84,58.04,0,0,-0.4413,3,month-to-month,card,south
C0000501,2026-08-01 00:00:00+00:00,11,107.26,1,0,-0.3093,1,month-to-month,bank,east
C0000517,2026-08-01 00:00:00+00:00,22,80.88,1,0,-0.5086,1,month-to-month,bank,south
C0000521,2026-08-01 00:00:00+00:00,25,73.23,2,1,0.0742,0,month-to-month,card,east
C0000545,2026-08-01 00:00:00+00:00,26,72.23,1,0,-0.5229,1,month-to-month,bank,south
C0000570,2026-08-01 00:00:00+00:00,8,104.68,0,0,0.1021,0,annual,card,north
C0000575,2026-08-01 00:00:00+00:00,88,74.36,1,0,0.2993,4,two-year,check,north
C0000674,2026-08-01 00:00:00+00:00,107,64.17,0,1,0.1289,0,month-to-month,card,south
C0000737,2026-08-01 00:00:00+00:00,46,124.13,2,1,-0.1282,2,month-to-month,bank,north
C0000896,2026-08-01 00:00:00+00:00,39,115.46,4,2,0.1472,0,two-year,card,north
C0000914,2026-08-01 00:00:00+00:00,76,61.52,4,1,0.0543,1,annual,card,west
C0000966,2026-08-01 00:00:00+00:00,84,92.69,4,2,0.1955,0,month-to-month,card,south
C0000988,2026-08-01 00:00:00+00:00,85,135.24,0,0,-0.2345,1,month-to-month,bank,north
C0001025,2026-08-01 00:00:00+00:00,20,76.23,4,2,0.0849,3,annual,bank,east
C0001031,2026-08-01 00:00:00+00:00,18,97.84,1,1,0.1012,0,month-to-month,card,north
C0001055,2026-08-01 00:00:00+00:00,101,58.92,0,1,-0.0093,0,two-year,card,south
C0001067,2026-08-01 00:00:00+00:00,93,54.05,0,0,-0.0598,3,month-to-month,card,south
C0001096,2026-08-01 00:00:00+00:00,108,16.11,1,0,0.2016,1,month-to-month,bank,west
C0001106,2026-08-01 00:00:00+00:00,77,87.61,1,0,0.0626,0,two-year,card,south
C0001133,2026-08-01 00:00:00+00:00,114,92.8,1,0,-0.0702,2,month-to-month,check,north
C0001156,2026-08-01 00:00:00+00:00,105,104.2,3,0,-0.0393,0,two-year,bank,east
C0001185,2026-08-01 00:00:00+00:00,94,98.87,0,0,-0.1088,1,month-to-month,card,west
C0001188,2026-08-01 00:00:00+00:00,49,51.13,0,0,-0.0544,0,month-to-month,card,north
C0001269,2026-08-01 00:00:00+00:00,105,64.4,2,1,-0.3964,1,annual,bank,east
C0001296,2026-08-01 00:00:00+00:00,32,49.06,1,0,-0.5753,0,month-to-month,check,west
C0001314,2026-08-01 00:00:00+00:00,23,85.73,1,0,0.1678,0,month-to-month,card,east
C0001329,2026-08-01 00:00:00+00:00,77,99.94,0,1,-0.1471,0,month-to-month,bank,west
C0001341,2026-08-01 00:00:00+00:00,12,105.56,3,0,0.0657,0,month-to-month,card,west
C0001358,2026-08-01 00:00:00+00:00,34,52.93,0,0,-0.1685,0,month-to-month,card,east
C0001416,2026-08-01 00:00:00+00:00,16,85.1,2,1,0.1122,1,annual,card,west
C0001423,2026-08-01 00:00:00+00:00,18,86.78,2,0,-0.442,2,annual,card,east
C0001447,2026-08-01 00:00:00+00:00,40,54.3,1,0,-0.3194,1,month-to-month,bank,west
C0001477,2026-08-01 00:00:00+00:00,12,70.43,1,1,-0.3099,0,two-year,card,south
C0001494,2026-08-01 00:00:00+00:00,6,96.14,1,1,-0.2404,1,month-to-month,card,west
C0001554,2026-08-01 00:00:00+00:00,56,116.7,0,0,-0.0771,1,two-year,card,north
C0001575,2026-08-01 00:00:00+00:00,34,95.47,4,0,-0.1583,0,two-year,card,west
C0001589,2026-08-01 00:00:00+00:00,41,63.54,0,1,-0.1964,1,two-year,bank,north
C0001614,2026-08-01 00:00:00+00:00,103,90.81,0,0,-0.3681,2,month-to-month,card,west
C0001619,2026-08-01 00:00:00+00:00,50,62.71,0,0,-0.0687,0,month-to-month,check,north
C0001625,2026-08-01 00:00:00+00:00,68,91.0,3,1,0.1472,1,two-year,card,south
C0001664,2026-08-01 00:00:00+00:00,83,82.38,2,0,-0.2628,1,annual,card,north
C0001703,2026-08-01 00:00:00+00:00,3,85.0,1,0,0.0386,3,annual,bank,south
C0001708,2026-08-01 00:00:00+00:00,37,76.0,3,2,0.0161,1,annual,card,west
C0001793,2026-08-01 00:00:00+00:00,21,88.58,2,1,-0.0012,0,month-to-month,card,north
C0001804,2026-08-01 00:00:00+00:00,99,52.52,1,2,-0.0642,1,month-to-month,card,west
C0001819,2026-08-01 00:00:00+00:00,47,39.99,1,0,-0.4427,0,month-to-month,card,east
C0001888,2026-08-01 00:00:00+00:00,107,85.28,0,0,-0.4369,0,two-year,check,north
C0001896,2026-08-01 00:00:00+00:00,112,83.54,0,1,-0.096,1,annual,card,west
C0001915,2026-08-01 00:00:00+00:00,33,115.6,3,0,0.2235,0,month-to-month,bank,east
C0001929,2026-08-01 00:00:00+00:00,34,33.09,3,0,-0.5485,3,annual,bank,north
C0001953,2026-08-01 00:00:00+00:00,43,78.8,2,0,0.1338,0,month-to-month,bank,north
C0001956,2026-08-01 00:00:00+00:00,27,75.65,1,0,-0.5206,0,month-to-month,card,south
C0002057,2026-08-01 00:00:00+00:00,31,114.73,0,0,-0.0129,1,month-to-month,bank,south
C0002152,2026-08-01 00:00:00+00:00,7,110.07,1,0,0.0514,4,month-to-month,bank,east
C0002161,2026-08-01 00:00:00+00:00,90,55.04,4,0,-0.1788,0,month-to-month,card,east
C0002226,2026-08-01 00:00:00+00:00,78,48.68,0,1,0.0797,1,month-to-month,card,north
C0002269,2026-08-01 00:00:00+00:00,34,25.06,1,0,-0.2399,0,month-to-month,card,west
C0002286,2026-08-01 00:00:00+00:00,21,96.35,1,0,0.4218,1,month-to-month,bank,south
C0002307,2026-08-01 00:00:00+00:00,59,91.14,1,0,-0.1927,0,two-year,card,west
C0002316,2026-08-01 00:00:00+00:00,40,61.92,3,0,0.023,2,month-to-month,card,south
C0002332,2026-08-01 00:00:00+00:00,43,98.27,3,3,0.5806,1,month-to-month,bank,north
C0002373,2026-08-01 00:00:00+00:00,120,87.04,1,1,-0.0863,0,month-to-month,bank,west
C0002405,2026-08-01 00:00:00+00:00,6,107.34,1,1,-0.0573,1,month-to-month,bank,east
C0002408,2026-08-01 00:00:00+00:00,114,135.5,3,0,0.0405,2,month-to-month,card,east
C0002423,2026-08-01 00:00:00+00:00,42,104.64,3,2,-0.1416,0,annual,card,south
C0002450,2026-08-01 00:00:00+00:00,37,96.95,1,0,-0.1874,0,month-to-month,card,east
C0002521,2026-08-01 00:00:00+00:00,104,70.9,0,1,-0.4177,1,month-to-month,bank,west
C0002594,2026-08-01 00:00:00+00:00,58,35.82,1,0,0.0666,2,month-to-month,bank,east
C0002609,2026-08-01 00:00:00+00:00,4,73.11,0,0,0.0461,1,annual,card,south
C0002623,2026-08-01 00:00:00+00:00,104,91.87,2,0,0.0309,1,two-year,bank,east
C0002798,2026-08-01 00:00:00+00:00,114,64.35,0,0,0.6752,1,month-to-month,bank,east
C0002808,2026-08-01 00:00:00+00:00,101,70.89,1,0,-0.5072,0,annual,bank,south
C0002876,2026-08-01 00:00:00+00:00,50,93.24,0,1,0.5148,2,month-to-month,bank,south
C0002893,2026-08-01 00:00:00+00:00,27,68.58,0,0,0.0838,1,month-to-month,bank,south
